,Unnamed: 0,Unnamed: 0.1,Unnamed: 0.1.1,Unnamed: 0.1.1.1,Unnamed: 0.1.1.1.1,Unnamed: 0.1.1.1.1.1,id,conversation_id,created_at,date,time,timezone,user_id,username,name,place,tweet,mentions,urls,photos,replies_count,retweets_count,likes_count,hashtags,cashtags,link,retweet,quote_url,video,near,geo,source,user_rt_id,user_rt,retweet_id,reply_to,retweet_date,translate,trans_src,trans_dest,Feel
0,0,0,0,0,0,0,707450524300353536,707450524300353536,1457504323000,2016-03-09,09:48:43,430,2463165061,bourseiness,بورسینس,,#خفنر  http://goo.gl/fb/9THRi1  #اقتصاد,[],['http://goo.gl/fb/9THRi1'],[],0,0,0,"['#خفنر', '#اقتصاد']",[],https://twitter.com/bourseiness/status/707450524300353536,False,,0,,,,,,,"[{'user_id': '2463165061', 'username': 'bourseiness'}]",,,,,0.9912851452827454
1,1,1,1,1,1,1,719051348394799104,719051348394799104,1460270175000,2016-04-10,11:06:15,430,2463165061,bourseiness,بورسینس,,بازگشايي نمادهاي معاملاتي #خفنر،#غمارگ  http://goo.gl/fb/2AYydD  #اقتصاد,[],['http://goo.gl/fb/2AYydD'],[],0,0,0,"['#خفنر', '#غمارگ', '#اقتصاد']",[],https://twitter.com/bourseiness/status/719051348394799104,False,,0,,,,,,,"[{'user_id': '2463165061', 'username': 'bourseiness'}]",,,,,0.930269420146942
2,2,2,2,2,2,2,721575269362962432,721575269362962432,1460871925000,2016-04-17,10:15:25,430,2463165061,bourseiness,بورسینس,,توقف نمادهاي معاملاتي #شتهران،#وملت،#همراه،#خفنر،#دانا به اطلاع مي رساند، در پايان…  http://goo.gl/fb/uxrBtR  #اقتصاد,[],['http://goo.gl/fb/uxrBtR'],[],0,0,1,"['#شتهران', '#وملت', '#همراه', '#خفنر', '#دانا', '#اقتصاد']",[],https://twitter.com/bourseiness/status/721575269362962432,False,,0,,,,,,,"[{'user_id': '2463165061', 'username': 'bourseiness'}]",,,,,0.997816562652588
3,3,3,3,3,3,3,723749890011082752,723749890011082752,1461390395000,2016-04-23,10:16:35,430,2463165061,bourseiness,بورسینس,,بازگشايي نمادهاي معاملاتي #خفنر،#وصنا،#سهگمت،#سكرد،#سفارس،#حفارس  http://goo.gl/fb/9yxZER  #اقتصاد,[],['http://goo.gl/fb/9yxZER'],[],0,0,0,"['#خفنر', '#وصنا', '#سهگمت', '#سكرد', '#سفارس', '#حفارس', '#اقتصاد']",[],https://twitter.com/bourseiness/status/723749890011082752,False,,0,,,,,,,"[{'user_id': '2463165061', 'username': 'bourseiness'}]",,,,,0.98337584733963
4,4,4,4,4,4,4,724095393911439360,724095393911439360,1461472769000,2016-04-24,09:09:29,430,2463165061,bourseiness,بورسینس,,حراج مجدد نمادهاي معاملاتي #خفنر،#وصنا،#سهگمت،#سكرد #سفارس،#حفارس،#پاساح  http://goo.gl/fb/YJAgvt  #اقتصاد,[],['http://goo.gl/fb/YJAgvt'],[],0,0,0,"['#خفنر', '#وصنا', '#سهگمت', '#سكرد', '#سفارس', '#حفارس', '#پاساح', '#اقتصاد']",[],https://twitter.com/bourseiness/status/724095393911439360,False,,0,,,,,,,"[{'user_id': '2463165061', 'username': 'bourseiness'}]",,,,,0.9944186210632324
5,5,5,5,5,5,5,995988863339319296,995988863339319296,1526297224000,2018-05-14,15:57:04,430,986116312920453120,abandidgah,دیدگاه آبان,,"#خفنر
#اطلاعیه
*فنر سازي خاور*
12ماهه منتهی به 96/12/29 مبلغ (479) ریال زیان به ازای هر سهم محقق نمود.
درصد پوشش زیان: 301 درصد
116 درصد افزایش زیان نسبت به سال مالی 95
#بورس",[],[],[],0,0,0,"['#خفنر', '#اطلاعیه', '#بورس']",[],https://twitter.com/abandidgah/status/995988863339319296,False,,0,,,,,,,"[{'user_id': '986116312920453120', 'username': 'abandidgah'}]",,,,,0.9317500591278076
6,6,6,6,6,6,6,1000647008204472320,1000647008204472320,1527407812000,2018-05-27,12:26:52,430,986116312920453120,abandidgah,دیدگاه آبان,,"در گروه اکثرا منفی خودرویی، با صف خرید نمادهای #خاذین و خمحور و صف فروش نمادهای #خشرق، #خنصیر، #خفنر و #خمهر مواجه می باشیم.
#بورس",[],[],[],0,0,0,"['#خاذین', '#خشرق', '#خنصیر', '#خفنر', '#خمهر', '#بورس']",[],https://twitter.com/abandidgah/status/1000647008204472320,False,,0,,,,,,,"[{'user_id': '986116312920453120', 'username': 'abandidgah'}]",,,,,0.7953816652297974
7,7,7,7,7,7,7,1008594199346798593,1008594199346798593,1529302570000,2018-06-18,10:46:10,430,986116312920453120,abandidgah,دیدگاه آبان,,"*بازگشایی نماد*
#كچاد #خمحركه #خفنر
بدون محدویت نوسان قیمت
#بورس",[],[],[],0,0,0,"['#كچاد', '#خمحركه', '#خفنر', '#بورس']",[],https://twitter.com/abandidgah/status/1008594199346798593,False,,0,,,,,,,"[{'user_id': '986116312920453120', 'username': 'abandidgah'}]",,,,,0.6913496255874634
8,8,8,8,8,8,8,1009335460789800960,1009335460789800960,1529479301000,2018-06-20,11:51:41,430,986116312920453120,abandidgah,دیدگاه آبان,,"در لحظات اخیر و پس از شروع منفی گروه خودرویی، شاهد افزایش تقاضا و بهبود جو گروه و در نتیجه نمایان شدن نوسانات مثبت آنها می باشیم در این میان نمادهای #خمحور (صف خرید)، #خمهر، #خفنر (صف خرید)، #خاذین، #خنصیر و #خساپا از تقاضای بالاتری نسبت به هم گروهی ها برخوردار می باشند.
#بورس",[],[],[],0,0,0,"['#خمحور', '#خمهر', '#خفنر', '#خاذین', '#خنصیر', '#خساپا', '#بورس']",[],https://twitter.com/abandidgah/status/1009335460789800960,False,,0,,,,,,,"[{'user_id': '986116312920453120', 'username': 'abandidgah'}]",,,,,0.8914229273796082
9,9,9,9,9,9,9,1011836421907275776,1011836421907275776,1530075576000,2018-06-27,09:29:36,430,986116312920453120,abandidgah,دیدگاه آبان,,"با شروع مثبت اکثر نمادهای گروه خبر محور خودرویی مواجه می باشیم که در این میان نمادهای #خاهن، #خاذین، #ورنا، #خمحور و #خفنر با اقبال بیشتر و صف خرید دنبال می شوند.
#بورس",[],[],[],0,0,0,"['#خاهن', '#خاذین', '#ورنا', '#خمحور', '#خفنر', '#بورس']",[],https://twitter.com/abandidgah/status/1011836421907275776,False,,0,,,,,,,"[{'user_id': '986116312920453120', 'username': 'abandidgah'}]",,,,,0.9065760374069214
10,10,10,10,10,10,10,1013647700149952513,1013647700149952513,1530507419000,2018-07-02,09:26:59,430,986116312920453120,abandidgah,دیدگاه آبان,,"با شروع مثبت گروه خودرویی و صف خرید نمادهای #خمحور( که متوقف شد)، #خگستر، #خفنر، #خوساز، #خمحرکه و #خچرخش مواجه می باشیم.
#بورس",[],[],[],0,0,1,"['#خمحور', '#خگستر', '#خفنر', '#خوساز', '#خمحرکه', '#خچرخش', '#بورس']",[],https://twitter.com/abandidgah/status/1013647700149952513,False,,0,,,,,,,"[{'user_id': '986116312920453120', 'username': 'abandidgah'}]",,,,,0.7000758051872253
11,11,11,11,11,11,11,1014398944804139008,1014398944804139008,1530686529000,2018-07-04,11:12:09,430,986116312920453120,abandidgah,دیدگاه آبان,,"#خفنر، #خموتور و #همحرکه نمادهای صف خرید، #خاهن، #خاذین، #خمهر، #خمحور، #خرینگ و #ختراک نمادهای مثبت گروه متعادل و منفی خودرویی تا این لحظه از بازار اکثرا منفی امروز می باشند.
#بورس",[],[],[],0,0,0,"['#خفنر', '#خموتور', '#همحرکه', '#خاهن', '#خاذین', '#خمهر', '#خمحور', '#خرینگ', '#ختراک', '#بورس']",[],https://twitter.com/abandidgah/status/1014398944804139008,False,,0,,,,,,,"[{'user_id': '986116312920453120', 'username': 'abandidgah'}]",,,,,0.9950460195541382
12,12,12,12,12,12,12,1016948213603942400,1016948213603942400,1531294322000,2018-07-11,12:02:02,430,986116312920453120,abandidgah,دیدگاه آبان,,"طی دادوستدهای امروز گروه های خودرویی و حمل و نقل با افزایش عرضه ها و معاملاتی اکثرا منفی مواجه می باشند و به جز نمادهای #ختراک، #خفنر، #خاذین و #خگستر که مثبت دنبال می شوند، سایر نمادهای گروه با افت قیمتی همراه می باشند.
#بورس",[],[],[],0,0,0,"['#ختراک', '#خفنر', '#خاذین', '#خگستر', '#بورس']",[],https://twitter.com/abandidgah/status/1016948213603942400,False,,0,,,,,,,"[{'user_id': '986116312920453120', 'username': 'abandidgah'}]",,,,,0.8253632187843323
13,13,13,13,13,13,13,1018736674476474368,1018736674476474368,1531720725000,2018-07-16,10:28:45,430,986116312920453120,abandidgah,دیدگاه آبان,,"نمادهای #خاذین، #خلنت، #خمحور، #خنصیر و #خفنر در گروه اکثرا متعادل با گرایش منفی خودرویی، با صف خرید مواجه می باشند این در حالیست که نماد تاثیر گذار سایپا با توجه به نزدیک شد مجمع، تحت حمایت سهامداران عمده قرار گرفته و با معاملاتی مثبت همراه می باشد.
#بورس",[],[],[],0,0,0,"['#خاذین', '#خلنت', '#خمحور', '#خنصیر', '#خفنر', '#بورس']",[],https://twitter.com/abandidgah/status/1018736674476474368,False,,0,,,,,,,"[{'user_id': '986116312920453120', 'username': 'abandidgah'}]",,,,,0.9920905828475952
14,14,14,14,14,14,14,1019081933513322496,1019081933513322496,1531803041000,2018-07-17,09:20:41,430,986116312920453120,abandidgah,دیدگاه آبان,,"با معاملات مثبت گروه خودرویی و بخصوص قطعه سازها مواجه می باشیم به طوریکه نمادهای #ختراک، #خاذین، #خکمک، #خمحور، #خمحرکه، #خزر، #خریخت و #خفنر صف خرید را تجربه می کنند.
#بورس",[],[],[],0,0,0,"['#ختراک', '#خاذین', '#خکمک', '#خمحور', '#خمحرکه', '#خزر', '#خریخت', '#خفنر', '#بورس']",[],https://twitter.com/abandidgah/status/1019081933513322496,False,,0,,,,,,,"[{'user_id': '986116312920453120', 'username': 'abandidgah'}]",,,,,0.9231600761413574
15,15,15,15,15,15,15,1019475136158695424,1019475136158695424,1531896788000,2018-07-18,11:23:08,430,986116312920453120,abandidgah,دیدگاه آبان,,"طبق پیش بینی حجم عرضه ها در گروه خودرویی نسبت به روز گذشته افزایش یافته است تا جایی که به جز نوسانات منفی نمادهای #ختراک، #ختور و #خودرو، نماد #خموتور با صف فروش مواجه می باشد این در حالیست که صف خرید نمادهای #خاذین، #خزر، #خکمک، #خریخت، #خفنر و #خپویش جلب توجه می نماید.
#بورس",[],[],[],0,0,0,"['#ختراک', '#ختور', '#خودرو', '#خموتور', '#خاذین', '#خزر', '#خکمک', '#خریخت', '#خفنر', '#خپویش', '#بورس']",[],https://twitter.com/abandidgah/status/1019475136158695424,False,,0,,,,,,,"[{'user_id': '986116312920453120', 'username': 'abandidgah'}]",,,,,0.7094408869743347
16,16,16,16,16,16,16,1020912564845260800,1020912564845260800,1532239497000,2018-07-22,10:34:57,430,986116312920453120,abandidgah,دیدگاه آبان,,"گروه خودرویی در بازار امروز شروعی مثبت داشتند که در لحظات اخیر با افزایش عرضه ها و عقب نشینی خریداران، اکثرا نوسانات منفی را تجربه می کنند این در حالیست که همچنان نمادهای #خفنر، #ورنا، #خدیزل و #خمحور (در آستانه صف خرید) با صف خرید دنبال می شوند.
#بورس",[],[],[],0,0,0,"['#خفنر', '#ورنا', '#خدیزل', '#خمحور', '#بورس']",[],https://twitter.com/abandidgah/status/1020912564845260800,False,,0,,,,,,,"[{'user_id': '986116312920453120', 'username': 'abandidgah'}]",,,,,0.3994379341602325
17,17,17,17,17,17,17,1021334686105186305,1021334686105186305,1532340139000,2018-07-23,14:32:19,430,986116312920453120,abandidgah,دیدگاه آبان,,"#خفنر
بررسی #اطلاعیه 97/05/01
*فنر سازي خاور*
3ماهه منتهی به 97/03/31  مبلغ (35) ريال زیان به ازای هر سهم محقق نمود.
76درصد کاهش زیان نسبت به دوره مشابه سال گذشته
#بورس",[],[],[],0,0,0,"['#خفنر', '#اطلاعیه', '#بورس']",[],https://twitter.com/abandidgah/status/1021334686105186305,False,,0,,,,,,,"[{'user_id': '986116312920453120', 'username': 'abandidgah'}]",,,,,0.998375415802002
18,18,18,18,18,18,18,1023806663323660289,1023806663323660289,1532929504000,2018-07-30,10:15:04,430,986116312920453120,abandidgah,دیدگاه آبان,,در #خودرویی ها شاهد معاملات منفی در اکثر نمادها هستیم. تاثیر منفی نرخ ارز بر این گروه در کنار ابهام در فضای سیاسی و البته عملکرد ضعیف سه ماهه در اکثر نمادها، فشار فروش را بر گروه افزایش داده است. معاملات مثبت #خدیزل و #خفنر در قطعه سازها جالب توجه می باشد.,[],[],[],0,0,0,"['#خودرویی', '#خدیزل', '#خفنر']",[],https://twitter.com/abandidgah/status/1023806663323660289,False,,0,,,,,,,"[{'user_id': '986116312920453120', 'username': 'abandidgah'}]",,,,,0.9408103823661804
19,19,19,19,19,19,19,1030706237585805312,1030706237585805312,1534574491000,2018-08-18,11:11:31,430,986116312920453120,abandidgah,دیدگاه آبان,,"در خودرویی ها نیز امروز معاملات مناسبی در جریان است. تقاضا در قطعه سازها قویتر است و معاملات نمادهای #خچرخش، #ختراک، #خفنر با صف خرید همراه هست.
#بورس",[],[],[],0,0,1,"['#خچرخش', '#ختراک', '#خفنر', '#بورس']",[],https://twitter.com/abandidgah/status/1030706237585805312,False,,0,,,,,,,"[{'user_id': '986116312920453120', 'username': 'abandidgah'}]",,,,,0.14204742014408112
20,20,20,20,20,20,20,1043455636858580992,1043455636858580992,1537614184000,2018-09-22,14:33:04,430,986116312920453120,abandidgah,دیدگاه آبان,,"#خفنر
#اطلاعیه 97/06/31
* فنر سازي خاور*    
افشای اطلاعات بااهمیت - (دريافت مجوز تغيير بيش از ۱۰ درصد در نرخ فروش محصولات یا ارائه خدمات - گروه الف) منتهی به سال مالی ۱۳۹۷/۱۲/۲۹
#بورس pic.twitter.com/7hYFTHqoQw",[],[],['https://pbs.twimg.com/media/DnsZW-qU4AIsios.jpg'],0,0,0,"['#خفنر', '#اطلاعیه', '#بورس']",[],https://twitter.com/abandidgah/status/1043455636858580992,False,,0,,,,,,,"[{'user_id': '986116312920453120', 'username': 'abandidgah'}]",,,,,0.9958764314651488
21,21,21,21,21,21,21,1044859387158966272,1044859387158966272,1537948865000,2018-09-26,11:31:05,430,986116312920453120,abandidgah,دیدگاه آبان,,"در گروه خودرو علیرغم جو مثبت بازار، شاهد نوسان منفی نمادهای بزرگ گروه هستیم که عمدتا به دلیل کاهش نسبی فروش در گزارش های فعالیت شهریور ماه می باشد. در این گروه برخی از نمادهای قطعه ساز مانند #خاذین، #خاهن، #خریخت، #خکار، #ختراک، #خفنر مورد توجه بازارند.
#بورس",[],[],[],0,0,0,"['#خاذین', '#خاهن', '#خریخت', '#خکار', '#ختراک', '#خفنر', '#بورس']",[],https://twitter.com/abandidgah/status/1044859387158966272,False,,0,,,,,,,"[{'user_id': '986116312920453120', 'username': 'abandidgah'}]",,,,,0.9199788570404052
22,22,22,22,22,22,22,1048466050684149760,1048466050684149760,1538808760000,2018-10-06,10:22:40,430,986116312920453120,abandidgah,دیدگاه آبان,,"در گروه خودرو و قطعات، علیرغم جو مثبت بازار شاهد معاملاتی منفی در اکثر نمادها هستیم. #خزامیا تنها نماد مثبت خودروسازهاست و #خاذین، #خفنر، #خلنت و #خدیزل در قطعه سازها مورد توجهند.
#بورس",[],[],[],0,0,0,"['#خزامیا', '#خاذین', '#خفنر', '#خلنت', '#خدیزل', '#بورس']",[],https://twitter.com/abandidgah/status/1048466050684149760,False,,0,,,,,,,"[{'user_id': '986116312920453120', 'username': 'abandidgah'}]",,,,,0.8278260231018066
23,23,23,23,23,23,23,1052090846764396545,1052090846764396545,1539672979000,2018-10-16,10:26:19,430,986116312920453120,abandidgah,دیدگاه آبان,,"در گروه خودرو و قطعه ساز معاملات فضای مناسبی دارد و نمادهای خودروساز تقاضای مناسبی را تجربه میکنند. #خساپا، #خزامیا، #خپارس، #خودرو، #خگستر، #ورنا، #ختوقا، #خمهر، #خاهن، #خریخت، #خکمک، #ختور، #خفنر، #خدیزل با صف خرید همراهند.
#بورس",[],[],[],0,0,0,"['#خساپا', '#خزامیا', '#خپارس', '#خودرو', '#خگستر', '#ورنا', '#ختوقا', '#خمهر', '#خاهن', '#خریخت', '#خکمک', '#ختور', '#خفنر', '#خدیزل', '#بورس']",[],https://twitter.com/abandidgah/status/1052090846764396545,False,,0,,,,,,,"[{'user_id': '986116312920453120', 'username': 'abandidgah'}]",,,,,0.9982807636260986
24,24,24,24,24,24,24,1053541566852132864,1053541566852132864,1540018858000,2018-10-20,10:30:58,430,986116312920453120,abandidgah,دیدگاه آبان,,"#خپارس، #خزامیا، #خگستر، #خشرق، #خمهر، #خزر، #خمحرکه، #خریخت، #خکمک و #خفنر از نمادهای همراه با صف خرید گروهند.زمزمه های افزایش قیمت مجدد، تمدید معافیت مالیاتی افزایش سرمایه از محل تجدید ارزیابی و جو مثبت در کلیت بازار از دلایل اقبال به این گروه در معاملات روز جای می باشد.
#بورس",[],[],[],0,0,0,"['#خپارس', '#خزامیا', '#خگستر', '#خشرق', '#خمهر', '#خزر', '#خمحرکه', '#خریخت', '#خکمک', '#خفنر', '#بورس']",[],https://twitter.com/abandidgah/status/1053541566852132864,False,,0,,,,,,,"[{'user_id': '986116312920453120', 'username': 'abandidgah'}]",,,,,0.9992797970771792
25,25,25,25,25,25,25,1054256785996107776,1054256785996107776,1540189379000,2018-10-22,09:52:59,430,1042865814540636164,eghtesadfarsi,اقتصاد فارسی,,"New post in دیوار بورس: نمادهای #فسرب #ولغدر #چدن #شسینا #ددام #کفرا #تیپیکو #خزامیا #رمپنا #ساروم #دسبحان #خساپا #قشرین #خریخت #قشکر #دشیمی #وامید #های_وب #والبر #خفنر #رتاپ #وبملت بازگشایی شدند.

Share us @DivarBourse https://ift.tt/2S7kiIf ",[],['https://ift.tt/2S7kiIf'],[],0,0,0,"['#فسرب', '#ولغدر', '#چدن', '#شسینا', '#ددام', '#کفرا', '#تیپیکو', '#خزامیا', '#رمپنا', '#ساروم', '#دسبحان', '#خساپا', '#قشرین', '#خریخت', '#قشکر', '#دشیمی', '#وامید', '#های_وب', '#والبر', '#خفنر', '#رتاپ', '#وبملت']",[],https://twitter.com/EGHTESADfarsi/status/1054256785996107776,False,,0,,,,,,,"[{'user_id': '1042865814540636164', 'username': 'EGHTESADfarsi'}]",,,,,0.7349067926406859
26,26,26,26,26,26,26,1058611538439823360,1058611538439823360,1541227633000,2018-11-03,10:17:13,430,986116312920453120,abandidgah,دیدگاه آبان,,"در گروه خودرو و قطعه ساز  که هفته پرفروغی را پشت سرگذاشتند، امروز معاملات به فاز اصلاحی وارد شده و اکثر نمادها با افت قیمت همراهند. #ختراک، #خفنر، #خلنت و #ختور از تک نمادهای مثبت گرهند و بقیه نمادهای معاملاتی یکپارچه منفی را دنبال می کنند.
#بورس",[],[],[],0,0,0,"['#ختراک', '#خفنر', '#خلنت', '#ختور', '#بورس']",[],https://twitter.com/abandidgah/status/1058611538439823360,False,,0,,,,,,,"[{'user_id': '986116312920453120', 'username': 'abandidgah'}]",,,,,0.9491461515426636
27,27,27,27,27,27,27,1058989369313247232,1058989369313247232,1541317715000,2018-11-04,11:18:35,430,986116312920453120,abandidgah,دیدگاه آبان,,"در گروه خودرو و قطعه ساز  در این دقایق با افزایش فشار فروش و معاملاتی یکپارچه منفی روبروست. #خپویش و #خفنر دو نماد مثبت گروه تا به این لحظه از معاملات هستند.
#بورس",[],[],[],0,0,0,"['#خپویش', '#خفنر', '#بورس']",[],https://twitter.com/abandidgah/status/1058989369313247232,False,,0,,,,,,,"[{'user_id': '986116312920453120', 'username': 'abandidgah'}]",,,,,0.9005197286605835
28,28,28,28,28,28,28,1061872712207917056,1061872712207917056,1542005157000,2018-11-12,10:15:57,430,986116312920453120,abandidgah,دیدگاه آبان,,"گروه خودرو و قطعه ساز نیز شروعی مثبت داشته و اکثر نمادها با رشد بیش از دو درصدی مواجهند. #خساپا حجم معاملات نزدیک به 50 میلیونی را ثبت کرده و #خودرو نیز بالاتر از  سطح 2800 ریالی داد و ستد می شود. در قطعه سازها #خچرخش، #خریخت، #ختراک و #خفنر مورد توجهند.
#بورس",[],[],[],0,0,0,"['#خساپا', '#خودرو', '#خچرخش', '#خریخت', '#ختراک', '#خفنر', '#بورس']",[],https://twitter.com/abandidgah/status/1061872712207917056,False,,0,,,,,,,"[{'user_id': '986116312920453120', 'username': 'abandidgah'}]",,,,,0.8698192238807678
29,29,29,29,29,29,29,1075302695945138176,1075302695945138176,1545207115000,2018-12-19,11:41:55,430,986116312920453120,abandidgah,دیدگاه آبان,,"در گروه خودرو و قطعات نیز همسو با جو کلی بازار معاملاتی منفی در جریان است و #خزر و #خفنر تک نمادهای مثبت بازارند.
#بورس",[],[],[],0,0,0,"['#خزر', '#خفنر', '#بورس']",[],https://twitter.com/abandidgah/status/1075302695945138176,False,,0,,,,,,,"[{'user_id': '986116312920453120', 'username': 'abandidgah'}]",,,,,0.3165205419063568
30,30,30,30,30,30,30,1081803841815830528,1081803841815830528,1546757109000,2019-01-06,10:15:09,430,986116312920453120,abandidgah,دیدگاه آبان,,"در گروه خودرو و قطعات امروز معاملات در دامنه منفي در جريان است. #خودرو و #خساپا افت بيش از يك درصدي دارند و در قطعه سازها #خفنر،#خنصير،#خمحور و #خاهن مورد توجهند.
#بورس",[],[],[],0,0,0,"['#خودرو', '#خساپا', '#خفنر', '#خنصير', '#خمحور', '#خاهن', '#بورس']",[],https://twitter.com/abandidgah/status/1081803841815830528,False,,0,,,,,,,"[{'user_id': '986116312920453120', 'username': 'abandidgah'}]",,,,,0.11174888908863068
31,31,31,31,31,31,31,1083964096913891328,1083964096913891328,1547272154000,2019-01-12,09:19:14,430,986116312920453120,abandidgah,دیدگاه آبان,,"در گروه خودرو و قطعات معاملات مثبت آغاز شده است. نماد #خودرو در ابتدای معاملات متوقف شده است و #خساپا، #خگستر، #خپارس و #خبهمن رشد محدودی را تجربه می نمایند. نمادهای #خمهر، #خفنر و #خلنت در قطعه سازها مورد توجهند.
#بورس",[],[],[],0,0,0,"['#خودرو', '#خساپا', '#خگستر', '#خپارس', '#خبهمن', '#خمهر', '#خفنر', '#خلنت', '#بورس']",[],https://twitter.com/abandidgah/status/1083964096913891328,False,,0,,,,,,,"[{'user_id': '986116312920453120', 'username': 'abandidgah'}]",,,,,0.9151181578636168
32,32,32,32,32,32,32,1084694381100097536,1084694381100097536,1547446267000,2019-01-14,09:41:07,430,986116312920453120,abandidgah,دیدگاه آبان,,"در گروه خودرو و قطعات اثر افزایش نرخ ها نیز چندان دوامی نداشته و امروز اکثر نمادهای با افت قیمت همراهند. #خزر، #خفنر و #خمهر از نمادهای مورد توجه گروهند.
#بورس",[],[],[],0,0,1,"['#خزر', '#خفنر', '#خمهر', '#بورس']",[],https://twitter.com/abandidgah/status/1084694381100097536,False,,0,,,,,,,"[{'user_id': '986116312920453120', 'username': 'abandidgah'}]",,,,,0.3144376277923584
33,33,33,33,33,33,33,1085084925890416640,1085084925890416640,1547539380000,2019-01-15,11:33:00,430,986116312920453120,abandidgah,دیدگاه آبان,,"در قطعه سازها اما مطابق معمول در هر شرایطی چند چراغ سبز روشن است و امروز #خرینگ، #خفنر، #خلنت و #خزر در سقف قیمتی داد و ستد می شوند.
#بورس",[],[],[],0,0,0,"['#خرینگ', '#خفنر', '#خلنت', '#خزر', '#بورس']",[],https://twitter.com/abandidgah/status/1085084925890416640,False,,0,,,,,,,"[{'user_id': '986116312920453120', 'username': 'abandidgah'}]",,,,,0.9077064990997314
34,34,34,34,34,34,34,1085419412906299392,1085419412906299392,1547619128000,2019-01-16,09:42:08,430,986116312920453120,abandidgah,دیدگاه آبان,,"در گروه خودرو و قطعات امروز نیز معاملاتی اصلاحی در اکثر نمادها آغاز شده است. #خساپا افت بیش از یک درصدی دارد و #خودرو در صفر تابلو داد و ستد می شود. #خزامیا و #خگستر از نمادهای همراه با نوسانات مثبت هستند. در قطعه سازها، #خرینگ، #خمحرکه، #خفنر و #خلنت مورد توجه هستند.
#بورس",[],[],[],0,0,0,"['#خساپا', '#خودرو', '#خزامیا', '#خگستر', '#خرینگ', '#خمحرکه', '#خفنر', '#خلنت', '#بورس']",[],https://twitter.com/abandidgah/status/1085419412906299392,False,,0,,,,,,,"[{'user_id': '986116312920453120', 'username': 'abandidgah'}]",,,,,0.6600448489189148
35,35,35,35,35,35,35,1086538707157508096,1086538707157508096,1547885989000,2019-01-19,11:49:49,430,986116312920453120,abandidgah,دیدگاه آبان,,"در گروه خودرو و قطعات امروز معاملات قطعه سازها وضعیت بهتری نسبت به خودورسازها دارد و #خلنت، #خزر، #خفنر، #خکمک و #خدیزل از نمادهای مورد توجه بازارند و این در حالیست که #خساپا، #خودرو و #خپارس با افت نسبی قیمت همراهند.
#بورس",[],[],[],0,0,0,"['#خلنت', '#خزر', '#خفنر', '#خکمک', '#خدیزل', '#خساپا', '#خودرو', '#خپارس', '#بورس']",[],https://twitter.com/abandidgah/status/1086538707157508096,False,,0,,,,,,,"[{'user_id': '986116312920453120', 'username': 'abandidgah'}]",,,,,0.4464462399482727
36,36,36,36,36,36,36,1086573919241363456,1086573919241363456,1547894384000,2019-01-19,14:09:44,430,986116312920453120,abandidgah,دیدگاه آبان,,"#خفنر
بررسی #اطلاعیه 97/10/29
*فنرسازی خاور* 
9ماهه منتهی به 97/09/30 (حسابرسی نشده) مبلغ 58 ریال سود به ازای هر سهم محقق گردید.
این درحالیست که دوره مشابه سال گذشته به ازای هرسهم مبلغ (362) ریال زیان محقق شده است
#بورس",[],[],[],0,0,0,"['#خفنر', '#اطلاعیه', '#بورس']",[],https://twitter.com/abandidgah/status/1086573919241363456,False,,0,,,,,,,"[{'user_id': '986116312920453120', 'username': 'abandidgah'}]",,,,,0.9721829295158386
37,37,37,37,37,37,37,1086870251285835778,1086870251285835778,1547965035000,2019-01-20,09:47:15,430,986116312920453120,abandidgah,دیدگاه آبان,,"در گروه خودرو و قطعات امروز نیز خودرویی ها بی رمق آغاز کرده اند و قطعه سازها با وضعیت بهتری مواجهند. #خزر، #خشرق، #خلنت و #خفنر و #ختراک از نمادهای مورد توجه در قطعه سازها هستند. 
#بورس",[],[],[],0,0,0,"['#خزر', '#خشرق', '#خلنت', '#خفنر', '#ختراک', '#بورس']",[],https://twitter.com/abandidgah/status/1086870251285835778,False,,0,,,,,,,"[{'user_id': '986116312920453120', 'username': 'abandidgah'}]",,,,,0.901671826839447
38,38,38,38,38,38,38,1091598003574468608,1091598003574468608,1549092219000,2019-02-02,10:53:39,430,986116312920453120,abandidgah,دیدگاه آبان,,"در گروه خودرو و قطعات معاملات با عقب نشینی خریداران دنبال می شود. #خزامیا تک نماد مثبت خودروسازهاست و #خفنر در قطعه سازها صف خرید دارد.
#بورس",[],[],[],0,0,0,"['#خزامیا', '#خفنر', '#بورس']",[],https://twitter.com/abandidgah/status/1091598003574468608,False,,0,,,,,,,"[{'user_id': '986116312920453120', 'username': 'abandidgah'}]",,,,,0.971595287322998
39,39,39,39,39,39,39,1091947061040185344,1091947061040185344,1549175441000,2019-02-03,10:00:41,430,986116312920453120,abandidgah,دیدگاه آبان,,"در گروه خودرو و قطعات معاملات با روندی اصلاحی پیگیری می شود و نوسانت مثبت #خساپا، #خپارس و #خزامیا را در ابتدای بازار شاهدیم. در قطعه سازها #خفنر و #خنصیر مورد توجهند.
#بورس",[],[],[],0,0,0,"['#خساپا', '#خپارس', '#خزامیا', '#خفنر', '#خنصیر', '#بورس']",[],https://twitter.com/abandidgah/status/1091947061040185344,False,,0,,,,,,,"[{'user_id': '986116312920453120', 'username': 'abandidgah'}]",,,,,0.6526482105255127
40,40,40,40,40,40,40,1093067617256955904,1093067617256955904,1549442602000,2019-02-06,12:13:22,430,986116312920453120,abandidgah,دیدگاه آبان,,"در نمادهای گروه خودرو و قطعه سازی ها افزایش تقاضا مشاهده می شود و نمادهای #خمهر، #خاهن، #خزر ، #خموتور، #خفنر و #ختراک در نزدیکی مثبت کامل و یا صف خرید معامله می شوند. 
#بورس",[],[],[],0,0,0,"['#خمهر', '#خاهن', '#خزر', '#خموتور', '#خفنر', '#ختراک', '#بورس']",[],https://twitter.com/abandidgah/status/1093067617256955904,False,,0,,,,,,,"[{'user_id': '986116312920453120', 'username': 'abandidgah'}]",,,,,0.7634552121162415
41,41,41,41,41,41,41,1097013226854707200,1097013226854707200,1550383309000,2019-02-17,09:31:49,430,986116312920453120,abandidgah,دیدگاه آبان,,"در گروه خودرو و قطعات نیز معاملاتی منفی را آغاز کرده است و #خودرو مجددا به سطح 2700 ریالی رسیده و #خساپا در سطح 1060 ریالی داد و ستد می شود بر خلاف روزهای گذشته امروز در قطعه سازها نیز تحرک چندانی دیده نمی شود و #خفنر از معدود نمادهای همراه با رشد بیش از دو درصدی است.
#بورس",[],[],[],0,0,2,"['#خودرو', '#خساپا', '#خفنر', '#بورس']",[],https://twitter.com/abandidgah/status/1097013226854707200,False,,0,,,,,,,"[{'user_id': '986116312920453120', 'username': 'abandidgah'}]",,,,,0.3958709239959717
42,42,42,42,42,42,42,1102486467320864768,1102486467320864768,1551688231000,2019-03-04,12:00:31,430,986116312920453120,abandidgah,دیدگاه آبان,,"در گروه خودرو و قطعات، معاملات نماد #خودرو و #خپارس مثبت است و در قطعه سازها نیز #خمحرکه ،#خدیزل، #خفنر و #خشرق مورد توجهند.
#بورس",[],[],[],0,0,0,"['#خودرو', '#خپارس', '#خمحرکه', '#خدیزل', '#خفنر', '#خشرق', '#بورس']",[],https://twitter.com/abandidgah/status/1102486467320864768,False,,0,,,,,,,"[{'user_id': '986116312920453120', 'username': 'abandidgah'}]",,,,,0.8509411215782166
43,43,43,43,43,43,43,1107892711103709184,1107892711103709184,1552977180000,2019-03-19,10:03:00,430,986116312920453120,abandidgah,دیدگاه آبان,,"در گروه خودرو  و قطعات، نمادهای خودروساز مثبت داد و ستد می شوند و در قطعه سازها #خاهن، #خرینگ، #خمحور و #خفنر مورد توجهند.
#بورس",[],[],[],0,0,0,"['#خاهن', '#خرینگ', '#خمحور', '#خفنر', '#بورس']",[],https://twitter.com/abandidgah/status/1107892711103709184,False,,0,,,,,,,"[{'user_id': '986116312920453120', 'username': 'abandidgah'}]",,,,,0.6387680768966675
44,44,44,44,44,44,44,1110041414627319808,1110041414627319808,1553489471000,2019-03-25,09:21:11,430,986116312920453120,abandidgah,دیدگاه آبان,,"در گروه خودرو و قطعات معاملات متعادل و کم حجم  آغاز شده و عمده نمادهای خودروساز در محدوده صفر تابلو داد و ستد می شوند. در قطعاتی ها #خوساز، #خاهن و #خفنر مورد توجهند.
#بورس",[],[],[],0,0,0,"['#خوساز', '#خاهن', '#خفنر', '#بورس']",[],https://twitter.com/abandidgah/status/1110041414627319808,False,,0,,,,,,,"[{'user_id': '986116312920453120', 'username': 'abandidgah'}]",,,,,0.9336434602737428
45,45,45,45,45,45,45,1112223355615117312,1112223355615117312,1554009686000,2019-03-31,09:51:26,430,986116312920453120,abandidgah,دیدگاه آبان,,"در گروه خودرو و قطعات نماد #خودرو صف خرید دارد و #خگستر نیز در کانون توجه است و امروز نیز رشد حداکثری دارد. #خساپا، #خپارس و #خرامیا رشد بیش از دو درصدی را ثبت کرده اند خبهمن نیز بیش از 4 درصد رشد داشته  و در قطعه سازها، #ختوقا، #ختور و #خفنر پیشتازند.
#بورس",[],[],[],0,0,0,"['#خودرو', '#خگستر', '#خساپا', '#خپارس', '#خرامیا', '#ختوقا', '#ختور', '#خفنر', '#بورس']",[],https://twitter.com/abandidgah/status/1112223355615117312,False,,0,,,,,,,"[{'user_id': '986116312920453120', 'username': 'abandidgah'}]",,,,,0.2355257421731949
46,46,46,46,46,46,46,1117292308171411456,1117292308171411456,1555218219000,2019-04-14,09:33:39,430,986116312920453120,abandidgah,دیدگاه آبان,,"در گروه خودرو و قطعات، که آغازی منفی داشتند، افزایش تقاضا در نماد #خودرو، رشد قیمت تا محدوده مثبت را در پی داشته و نماد #خگستر که با فشار فروش آغاز کرده بود با رشد تقاضا رو برو می باشد. #خبهمن، #خرامیا، #ورنا ، #خوساز، #خشرق، #خلنت و #خفنر نمادهای با نوسان مثبت گروه هستند.
#بورس",[],[],[],0,0,0,"['#خودرو', '#خگستر', '#خبهمن', '#خرامیا', '#ورنا', '#خوساز', '#خشرق', '#خلنت', '#خفنر', '#بورس']",[],https://twitter.com/abandidgah/status/1117292308171411456,False,,0,,,,,,,"[{'user_id': '986116312920453120', 'username': 'abandidgah'}]",,,,,0.9100340008735656
47,47,47,47,47,47,47,1125260417561841664,1125260417561841664,1557117964000,2019-05-06,09:16:04,430,986116312920453120,abandidgah,دیدگاه آبان,,"درگروه خودرو و قطعات، نماد #خساپا علیرغم جو منفی بازار رشد بیش از سه درصدی دارد و بالاتر از 1600 ریال دادو ستد می شود. #خودرو با افت بیش از دو درصدی به پایین تر از 5000 ریال رسیده و #خپارس نیز امروز نوسانات مثبت دارد. #ختور، #خلنت، #خچرخش و #خفنر از نمادهای مور توجه بازارند
#بورس",[],[],[],0,0,0,"['#خساپا', '#خودرو', '#خپارس', '#ختور', '#خلنت', '#خچرخش', '#خفنر', '#بورس']",[],https://twitter.com/abandidgah/status/1125260417561841664,False,,0,,,,,,,"[{'user_id': '986116312920453120', 'username': 'abandidgah'}]",,,,,0.07133796811103821
48,48,48,48,48,48,48,1125624751198691328,1125624751198691328,1557204828000,2019-05-07,09:23:48,430,986116312920453120,abandidgah,دیدگاه آبان,,"در گروه خودرو و قطعات، بازار متعادل آغاز کرد و شاهد افزایش فشار فروش هستیم. #خودرو، #خپارس، #ورنا، #خگستر به کف مجاز قیمتی رسیده اند و #خساپا نیز در آستانه تشکیل صف فروش قرار دارد. #خلنت، #خفنر از معدود نمادهای مورد توجه گروهند.
#بورس",[],[],[],0,0,0,"['#خودرو', '#خپارس', '#ورنا', '#خگستر', '#خساپا', '#خلنت', '#خفنر', '#بورس']",[],https://twitter.com/abandidgah/status/1125624751198691328,False,,0,,,,,,,"[{'user_id': '986116312920453120', 'username': 'abandidgah'}]",,,,,0.939212679862976
49,49,49,49,49,49,49,1127071231071510529,1127071231071510529,1557549696000,2019-05-11,09:11:36,430,986116312920453120,abandidgah,دیدگاه آبان,,"در گروه خودرو و قطعات، نیز معاملات متعادل آغاز شده است. صف فروش #خزامیا جمع شده و #خودرو، #خپارس، #خساپا، #خبهمن و #ورنا نوسانات منفی دارند. #خنصیر، #خچرخش، #خموتور، #خکمک، #خمحور و #خفنر از نمادهای مورد توجه بازارند.
#بورس",[],[],[],0,0,0,"['#خزامیا', '#خودرو', '#خپارس', '#خساپا', '#خبهمن', '#ورنا', '#خنصیر', '#خچرخش', '#خموتور', '#خکمک', '#خمحور', '#خفنر', '#بورس']",[],https://twitter.com/abandidgah/status/1127071231071510529,False,,0,,,,,,,"[{'user_id': '986116312920453120', 'username': 'abandidgah'}]",,,,,0.9842946529388428
50,50,50,50,50,50,50,1127116593329106944,1127116593329106944,1557560511000,2019-05-11,12:11:51,430,986116312920453120,abandidgah,دیدگاه آبان,,"#خفنر
بررسی #اطلاعیه 98/02/21
*فنر سازي خاور*
آگهی دعوت به مجمع عمومی عادی سالیانه
جهت تصویب صورت‌های مالی سال (دوره) مالی منتهی به 1397/12/29
در ساعت 10:00 روز چهارشنبه مورخ 1398/03/01 
درمحل تهران ، کيلومتر 10 جاده مخصوص کرج ، سالن همايش شرکت محورسازان ايران خودرو
#بورس",[],[],[],0,0,0,"['#خفنر', '#اطلاعیه', '#بورس']",[],https://twitter.com/abandidgah/status/1127116593329106944,False,,0,,,,,,,"[{'user_id': '986116312920453120', 'username': 'abandidgah'}]",,,,,0.9963979721069336
51,51,51,51,51,51,51,1127504910327500800,1127504910327500800,1557653093000,2019-05-12,13:54:53,430,986116312920453120,abandidgah,دیدگاه آبان,,"#خفنر
بررسی #اطلاعیه 98/02/22
*فنر سازي خاور*
12ماهه منتهی به 97/12/29 (حسابرسی نشده) مبلغ 164 ریال سود به ازای هر سهم محقق گردید.
این در حالیست که برای سال مالی 96 به ازای هرسهم مبلغ (479) ریال زیان محقق شده است
#بورس",[],[],[],0,0,1,"['#خفنر', '#اطلاعیه', '#بورس']",[],https://twitter.com/abandidgah/status/1127504910327500800,False,,0,,,,,,,"[{'user_id': '986116312920453120', 'username': 'abandidgah'}]",,,,,0.9966622591018676
52,52,52,52,52,52,52,1128163139684425729,1128163139684425729,1557810027000,2019-05-14,09:30:27,430,986116312920453120,abandidgah,دیدگاه آبان,,"در گروه خودرو و قطعات، معاملات مثبت آغاز شده و شاهد رشد قیمت بیش از 4 درصدی در نمادهای خودرو ساز هستیم. در قطعه سازها، #خشرق، #خکمک، #خمحرکه، #خفنر مورد توجهند.
#بورس",[],[],[],0,0,1,"['#خشرق', '#خکمک', '#خمحرکه', '#خفنر', '#بورس']",[],https://twitter.com/abandidgah/status/1128163139684425729,False,,0,,,,,,,"[{'user_id': '986116312920453120', 'username': 'abandidgah'}]",,,,,0.9635626673698424
53,53,53,53,53,53,53,1129610055802736640,1129610055802736640,1558154999000,2019-05-18,09:19:59,430,986116312920453120,abandidgah,دیدگاه آبان,,"در گروه خودرو و قطعات، معاملات مثبت آغاز شده و نمادهای #خودرو و #خگستر، #خشرق، #ختور، #خمحور و #خفنر با رشد حداکثری قیمت داد و ستد می شوند. #خساپا، #خپارس و #خزامیا نیز معاملات مثبتی دارند و همچنان معاملات قطعه سازها قویتر دنبال می شود.
#بورس",[],[],[],0,0,0,"['#خودرو', '#خگستر', '#خشرق', '#ختور', '#خمحور', '#خفنر', '#خساپا', '#خپارس', '#خزامیا', '#بورس']",[],https://twitter.com/abandidgah/status/1129610055802736640,False,,0,,,,,,,"[{'user_id': '986116312920453120', 'username': 'abandidgah'}]",,,,,0.8329798579216003
54,54,54,54,54,54,54,1132239406260035586,1132239406260035586,1558781885000,2019-05-25,15:28:05,430,986116312920453120,abandidgah,دیدگاه آبان,,"#خفنر
بررسی #اطلاعیه 98/03/04
*فنر سازي خاور*
تصمیمات مجمع عمومی عادی سالیانه
سود نقدی هر سهم: 10 ریال
درصد تقسیم سود: 6 درصد
#بورس",[],[],[],0,0,0,"['#خفنر', '#اطلاعیه', '#بورس']",[],https://twitter.com/abandidgah/status/1132239406260035586,False,,0,,,,,,,"[{'user_id': '986116312920453120', 'username': 'abandidgah'}]",,,,,0.9991382360458374
55,55,55,55,55,55,55,1142653351487610880,1142653351487610880,1561264763000,2019-06-23,09:09:23,430,986116312920453120,abandidgah,دیدگاه آبان,,"در گروه خودرو و قطعات، آغاز معاملات بهتر از روز گذشته است و اکثر خودرو ساز ها رشد حدود دو درصدی دارند و در قطعه سازها نیز خبری از صف فروش های متعدد نیست و در #خچرخش، #خفنر، #خمحور شاهد رشد حداکثری هستیم و این در حالیست که #خلنت و #خفنر صف فروش دارند.
#بورس",[],[],[],0,0,0,"['#خچرخش', '#خفنر', '#خمحور', '#خلنت', '#خفنر', '#بورس']",[],https://twitter.com/abandidgah/status/1142653351487610880,False,,0,,,,,,,"[{'user_id': '986116312920453120', 'username': 'abandidgah'}]",,,,,0.8466638326644897
56,56,56,56,56,56,56,1143741391622721537,1143741391622721537,1561524172000,2019-06-26,09:12:52,430,986116312920453120,abandidgah,دیدگاه آبان,,"در گروه خودرو و قطعات، معاملاتی متعادل و مثبت در جریان است و #خودرو رشد بیش از 4 درصدی دارد. #خساپا، #خزامیا و #خپارس نیز رشد قیمت را تجربه می کنند و در قطعه سازها #خپویش و #خفنر مورد توجهند.
#بورس",[],[],[],0,0,0,"['#خودرو', '#خساپا', '#خزامیا', '#خپارس', '#خپویش', '#خفنر', '#بورس']",[],https://twitter.com/abandidgah/status/1143741391622721537,False,,0,,,,,,,"[{'user_id': '986116312920453120', 'username': 'abandidgah'}]",,,,,0.7557228207588196
57,57,57,57,57,57,57,1150312024980647937,1150312024980647937,1563090733000,2019-07-14,12:22:13,430,986116312920453120,abandidgah,دیدگاه آبان,,"#خفنر
بررسی #اطلاعیه 98/04/22
*فنر سازي خاور*
3ماهه منتهی به 98/03/31 مبلغ 47 ریال سود به ازای هر سهم محقق گردید. 
این در حالی است که دوره مشابه سال گذشته (35) ریال زیان به ازای هر سهم محقق نموده بود. 
#بورس",[],[],[],0,0,0,"['#خفنر', '#اطلاعیه', '#بورس']",[],https://twitter.com/abandidgah/status/1150312024980647937,False,,0,,,,,,,"[{'user_id': '986116312920453120', 'username': 'abandidgah'}]",,,,,0.9987059831619264
58,58,58,58,58,58,58,1152472183613997056,1152472183613997056,1563605755000,2019-07-20,11:25:55,430,986116312920453120,abandidgah,دیدگاه آبان,,"در گروه خودرو و قطعات، معاملات مثبت آغاز شده و #خساپا و #خزامیا رشد بیش از سه درصدی دارد و #خودرو بالاتر از 5300 ریال تقاضا دارد. #خبهمن صف خرید دارد و قطعه سازها نیز مثبت داد و ستد می شوند. #ختور و #خفنر در سقف مجاز تقاضا دارند.
#بورس",[],[],[],0,0,0,"['#خساپا', '#خزامیا', '#خودرو', '#خبهمن', '#ختور', '#خفنر', '#بورس']",[],https://twitter.com/abandidgah/status/1152472183613997056,False,,0,,,,,,,"[{'user_id': '986116312920453120', 'username': 'abandidgah'}]",,,,,0.7500730156898499
59,59,59,59,59,59,59,1153394399876964359,1153166215847845888,1563825628000,2019-07-23,00:30:28,430,1091690974538092544,samwelltar,سموئل تارلی,,من تا جایی که توانم بود #خفنر درو کردم. دیگه ندارم.,['azad12421'],[],[],1,0,0,['#خفنر'],[],https://twitter.com/Samwelltar/status/1153394399876964359,False,,0,,,,,,,"[{'user_id': '1091690974538092544', 'username': 'Samwelltar'}, {'user_id': '1135035847718449152', 'username': 'azad12421'}]",,,,,0.09657953679561616
60,60,60,60,60,60,60,1154975205871063040,1154975205871063040,1564202522000,2019-07-27,09:12:02,430,986116312920453120,abandidgah,دیدگاه آبان,,"صف فروش
#وهور 12.7 میلیون سهم
#دبالکح 4.4 میلیون سهم
#خفنر 889 هزار سهم
#بورس",[],[],[],0,0,0,"['#وهور', '#دبالکح', '#خفنر', '#بورس']",[],https://twitter.com/abandidgah/status/1154975205871063040,False,,0,,,,,,,"[{'user_id': '986116312920453120', 'username': 'abandidgah'}]",,,,,0.7472779750823975
61,61,61,61,61,61,61,1157921967221043200,1157921967221043200,1564905084000,2019-08-04,12:21:24,430,986116312920453120,abandidgah,دیدگاه آبان,,"در گروه خودرو معاملات با گرایش اصلاحی آغاز شد و شاهد تحرکات مثبت با پیشتازی نماد #خپارس، #خساپا و #خزامیا هستیم. #خودرو نیز رشد حدود دو درصدی دارد و در قطعه سازها، #خمحرکه، #خلنت، #خفنر، #خمهر، #خوساز، #خکار و #خنصیر از جمله نمادهای مورد توجه در قطعه سازها هستند.
#بورس",[],[],[],0,0,0,"['#خپارس', '#خساپا', '#خزامیا', '#خودرو', '#خمحرکه', '#خلنت', '#خفنر', '#خمهر', '#خوساز', '#خکار', '#خنصیر', '#بورس']",[],https://twitter.com/abandidgah/status/1157921967221043200,False,,0,,,,,,,"[{'user_id': '986116312920453120', 'username': 'abandidgah'}]",,,,,0.7027919292449951
62,62,62,62,62,62,62,1161151930183245825,1161151930183245825,1565675167000,2019-08-13,10:16:07,430,986116312920453120,abandidgah,دیدگاه آبان,,"در گروه خودرو و قطعات،  معاملات منفی آغاز شد و رفته رفته شاهد بهبود تقاضا در خودرسازها به خصوص #خساپا هستیم. #خوساز، #خاذین، #خمهر، #ختراک، #خفنر از نمادهای مورد توجه در قطعه سازها هستند.
#بورس",[],[],[],0,0,0,"['#خساپا', '#خوساز', '#خاذین', '#خمهر', '#ختراک', '#خفنر', '#بورس']",[],https://twitter.com/abandidgah/status/1161151930183245825,False,,0,,,,,,,"[{'user_id': '986116312920453120', 'username': 'abandidgah'}]",,,,,0.8140968680381775
63,63,63,63,63,63,63,1167674642422804480,1167674642422804480,1567230303000,2019-08-31,10:15:03,430,986116312920453120,abandidgah,دیدگاه آبان,,"در گروه خودرو و قطعات،  معاملات متعادل و مثبت است. #خودرو،  #خپارس و #خزامیا مثبتند. در قطعه سازها #خمهر، #خفنر، #خکمک و #ختراک و #خموتور و #خمحور از نمادهای مورد توجه هستند.
#بورس",[],[],[],0,0,0,"['#خودرو', '#خپارس', '#خزامیا', '#خمهر', '#خفنر', '#خکمک', '#ختراک', '#خموتور', '#خمحور', '#بورس']",[],https://twitter.com/abandidgah/status/1167674642422804480,False,,0,,,,,,,"[{'user_id': '986116312920453120', 'username': 'abandidgah'}]",,,,,0.9948830604553224
64,64,64,64,64,64,64,1168764229454712834,1168764229454712834,1567490081000,2019-09-03,10:24:41,430,986116312920453120,abandidgah,دیدگاه آبان,,"در گروه خودرو و قطعات،  خودروسازها در محدوده های منفی نوسان دارند و در قطعه سازها نمادهای #خکار، #ختراک، #خفنر و #خپویش مورد توجهند.
#بورس",[],[],[],0,0,0,"['#خکار', '#ختراک', '#خفنر', '#خپویش', '#بورس']",[],https://twitter.com/abandidgah/status/1168764229454712834,False,,0,,,,,,,"[{'user_id': '986116312920453120', 'username': 'abandidgah'}]",,,,,0.931349277496338
65,65,65,65,65,65,65,1169113519427469317,1169113519427469317,1567573358000,2019-09-04,09:32:38,430,986116312920453120,abandidgah,دیدگاه آبان,,"در گروه خودرو و قطعات،  خودروسازها در محدوده صفر تابلو داد و ستد می شوند و در قطعه سازها #ختوقا، #خموتور، #خوساز، #خفنر، #خپویش، #خچرخش مورد توجهند.
#بورس",[],[],[],0,0,0,"['#ختوقا', '#خموتور', '#خوساز', '#خفنر', '#خپویش', '#خچرخش', '#بورس']",[],https://twitter.com/abandidgah/status/1169113519427469317,False,,0,,,,,,,"[{'user_id': '986116312920453120', 'username': 'abandidgah'}]",,,,,0.9211875200271606
66,66,66,66,66,66,66,1171656126116634625,1171656126116634625,1568179563000,2019-09-11,09:56:03,430,986116312920453120,abandidgah,دیدگاه آبان,,"📈در گروه خودرو و قطعات،   #خزامیا پرتقاضا ترین نماد خودرویی ست و در قطعه سازها که معاملاتی قویتر را دنبال می کنند ، #ختوقا، #خموتور، #خوساز، #خفنر، #خپویش، #خاذین، #خرینگ، #خکمک، #خشرق،#خدیزل از نمادهای مورد توجهند.
#بورس",[],[],[],0,0,0,"['#خزامیا', '#ختوقا', '#خموتور', '#خوساز', '#خفنر', '#خپویش', '#خاذین', '#خرینگ', '#خکمک', '#خشرق', '#خدیزل', '#بورس']",[],https://twitter.com/abandidgah/status/1171656126116634625,False,,0,,,,,,,"[{'user_id': '986116312920453120', 'username': 'abandidgah'}]",,,,,0.9652185440063475
67,67,67,67,67,67,67,1182898835984506886,1182898835984506886,1570860034000,2019-10-12,09:30:34,430,986116312920453120,abandidgah,دیدگاه آبان,,"در گروه خودرو و قطعات معاملات مثبت است و عمده نمادهای خودروساز با رشد بیش از دو درصدی همراه هستند. ذر قطعاتی ها نیز معاملات مثبت است و نمادهای #خکمک، #خنصیر، #خمحور، #خفنر، #خاهن، #خموتور #خکار در سقف مجاز تقاضا دارند.
#بورس",[],[],[],0,0,0,"['#خکمک', '#خنصیر', '#خمحور', '#خفنر', '#خاهن', '#خموتور', '#خکار', '#بورس']",[],https://twitter.com/abandidgah/status/1182898835984506886,False,,0,,,,,,,"[{'user_id': '986116312920453120', 'username': 'abandidgah'}]",,,,,0.9558259844779968
68,68,68,68,68,68,68,1185855490720272385,1185855490720272385,1571564955000,2019-10-20,13:19:15,430,986116312920453120,abandidgah,دیدگاه آبان,,"#خفنر
بررسی #اطلاعیه 98/07/28
*فنر سازي خاور*
6ماهه منتهی به 98/06/31 (حسابرسی نشده) مبلغ 116 ریال سود به ازای هر سهم محقق نمود. 
404 درصد افزایش سود نسبت به دوره مشابه سال گذشته
#بورس",[],[],[],0,0,0,"['#خفنر', '#اطلاعیه', '#بورس']",[],https://twitter.com/abandidgah/status/1185855490720272385,False,,0,,,,,,,"[{'user_id': '986116312920453120', 'username': 'abandidgah'}]",,,,,0.9971957206726074
69,69,69,69,69,69,69,1191348303209697280,1191348303209697280,1572874544000,2019-11-04,17:05:44,430,986116312920453120,abandidgah,دیدگاه آبان,,"#خفنر
بررسی #اطلاعیه 98/08/13
*فنر سازي خاور*
پیشنهاد هیئت مدیره به مجمع عمومی فوق العاده در خصوص افزایش سرمایه
از مبلغ 200,000 میلیون ریال به مبلغ 467,925 میلیون ریال (134 درصد)
#بورس",[],[],[],0,0,0,"['#خفنر', '#اطلاعیه', '#بورس']",[],https://twitter.com/abandidgah/status/1191348303209697280,False,,0,,,,,,,"[{'user_id': '986116312920453120', 'username': 'abandidgah'}]",,,,,0.999357521533966
70,70,70,70,70,70,70,1193046179526762496,1193046179526762496,1573279349000,2019-11-09,09:32:29,430,986116312920453120,abandidgah,دیدگاه آبان,,"در گروه خودرو و قطعات با شفاف سازی #خساپا شاهد افزایش تقاضا در گروه هستیم. #خساپا به صف خرید رسیده است و #خپارس نیز در آستانه تشکیل صف خرید قرار دارد. #خزامیا رشد بیش از سه درصدی دارد و #خودرو نیز در محدوده 8000 ریالی تقاضا دارد. #خمحرکه و #خفنر از دیگر نمادهای مورد توجهند.
#بورس",[],[],[],0,0,0,"['#خساپا', '#خساپا', '#خپارس', '#خزامیا', '#خودرو', '#خمحرکه', '#خفنر', '#بورس']",[],https://twitter.com/abandidgah/status/1193046179526762496,False,,0,,,,,,,"[{'user_id': '986116312920453120', 'username': 'abandidgah'}]",,,,,0.5593319535255432
71,71,71,71,71,71,71,1217317832083591168,1217118742888534018,1579066162000,2020-01-15,08:59:22,430,2843783986,behnamsamadi_ir,Behnam Samadi | بهنام صمدی,,برای سه شرکت #حریل، #خفنر و #غگل هم مجوز افزایش سرمایه از محل تجدید ارزیابی صادر شد,[],[],[],1,0,13,"['#حریل', '#خفنر', '#غگل']",[],https://twitter.com/behnamsamadi_ir/status/1217317832083591168,False,,0,,,,,,,"[{'user_id': '2843783986', 'username': 'behnamsamadi_ir'}]",,,,,0.955759584903717
72,72,72,72,72,72,72,1217320025280929792,1217320025280929792,1579066685000,2020-01-15,09:08:05,430,1141279193252036609,tadbirgaranf,TadbirgaranFarda,,#خفنر مجوز افزایش سرمایه 134 درصدی دریافت کرده است؛ سرمایه فعلی این شرکت 20 میلیارد تومان است که به حدود 47 میلیارد تومان افزایش می‌یابد.,[],[],[],0,0,0,['#خفنر'],[],https://twitter.com/TadbirgaranF/status/1217320025280929792,False,,0,,,,,,,"[{'user_id': '1141279193252036609', 'username': 'TadbirgaranF'}]",,,,,0.5509302616119385
73,73,73,73,73,73,73,1217334087930826753,1217334087930826753,1579070038000,2020-01-15,10:03:58,430,971264702612430850,boursenews_ir,بورس نیوز,,دو شرکت #غگل و #خفنر هم مجوز افزایش سرمایه از محل مازاد تجدید ارزیابی دارایی گرفتند  pic.twitter.com/lFXacADESb,[],[],['https://pbs.twimg.com/media/EOTW5QiXsAEcUV8.jpg'],0,0,1,"['#غگل', '#خفنر']",[],https://twitter.com/boursenews_ir/status/1217334087930826753,False,,0,,,,,,,"[{'user_id': '971264702612430850', 'username': 'boursenews_ir'}]",,,,,0.9481964707374572
74,74,74,74,74,74,74,1222072824598269952,1222072824598269952,1580199841000,2020-01-28,11:54:01,430,1215914162645110789,mehrati1,mehrati,,جلسه تحلیل سهام #بورس #خفنر امروز در کارگزاری بانک صنعت و معدن  pic.twitter.com/MQyOTJoGHa,[],[],[],1,0,0,"['#بورس', '#خفنر']",[],https://twitter.com/mehrati1/status/1222072824598269952,False,,1,,,,,,,"[{'user_id': '1215914162645110789', 'username': 'mehrati1'}]",,,,,0.3082690536975861
75,75,75,75,75,75,75,1244342375620710400,1244342375620710400,1585509315000,2020-03-29,23:45:15,430,901797174572396544,mefa2002,Mehrdad Re,,"#خفنر
زیر نظره
باید دید آیا می‌ریزه و اگه ریخت چطور می‌ریزه  pic.twitter.com/m7f2GDdFlN",[],[],['https://pbs.twimg.com/media/EUTKvspWoAIRe7E.jpg'],0,0,2,['#خفنر'],[],https://twitter.com/MeFa2002/status/1244342375620710400,False,,0,,,,,,,"[{'user_id': '901797174572396544', 'username': 'MeFa2002'}]",,,,,0.5478479266166687
76,76,76,76,76,76,76,1249086963484897281,1249086963484897281,1586640513000,2020-04-12,01:58:33,430,1160469890152706049,xsignalir,ایکسیگنال,,فنرسازی خاور #خفنر حمایت 1760 و 1665 تومان رادارد.به نظر روند کلی سهم تا زمانیکه بالای 1490 تومان معامله می شود صعودی است.میان مدت هدف احتمالی 2200 و 2770 تومان را داراست. درصورتیکه در کمتر از 4 هفته معاملاتی کف 1490تومان را به پایین بشکند روند در بلندمدت نزولی خواهد بود #بورس pic.twitter.com/m3yoABRp0F,[],[],['https://pbs.twimg.com/media/EVWl9MIXkAMHO4R.jpg'],0,0,2,"['#خفنر', '#بورس']",[],https://twitter.com/xsignalir/status/1249086963484897281,False,,0,,,,,,,"[{'user_id': '1160469890152706049', 'username': 'xsignalir'}]",,,,,0.1745034158229828
77,77,77,77,77,77,77,1253032709351407624,1253032709351407624,1587581252000,2020-04-22,23:17:32,430,40198724,usiriss,اوزیریس (ع),,"عزیزان تازه وارد به بورس چندتا سیگنال خرید میگم فردا هر کدوم اجازه ورود داد حتما دخول کنید 😁
#قمرو
#حپارسا
#خفنر
#پکرمان

گفتم اینهمه زحمتتون میشه شر و ورامو فیو میزنید یه تشکری بوسیله سهمای رانتی بکنم ازتون 😜",[],[],[],0,0,15,"['#قمرو', '#حپارسا', '#خفنر', '#پکرمان']",[],https://twitter.com/usiriss/status/1253032709351407624,False,,0,,,,,,,"[{'user_id': '40198724', 'username': 'usiriss'}]",,,,,0.8543869853019714
78,78,78,78,78,78,78,1259352594515931136,1259352594515931136,1589088030000,2020-05-10,09:50:30,430,1254415184422109184,fateme28257079,Fateme,,#خفنر یجوریه که دلم میخواد بهش بگم آخه چرا من تو رو خریدم؟,[],[],[],4,0,5,['#خفنر'],[],https://twitter.com/Fateme28257079/status/1259352594515931136,False,,0,,,,,,,"[{'user_id': '1254415184422109184', 'username': 'Fateme28257079'}]",,,,,0.031639967113733285
79,79,79,79,79,79,79,1267455750621859840,1267455750621859840,1591019973000,2020-06-01,18:29:33,430,260096476,ehsan_2011,ⓔⓗⓢⓐⓝ,,"خب بعد از اصلاح بسیار خوبی که #خفنر طی هفته های اخیر داشته به نظر وارد زون خرید شده و خرید در محدوده ۲۰۰۰ تومن با تارگت کوتاه مدت ۲۴۰۰ تومن توصیه میشه!:)
حد ضرر : تثبیت زیر ۱۸۰۰ تومن

۱۳۹۹ - ۳ - ۱۷  pic.twitter.com/w0gbvDujJc",[],[],['https://pbs.twimg.com/media/EZboSZiWsAI7BkK.jpg'],0,0,1,['#خفنر'],[],https://twitter.com/ehsan_2011/status/1267455750621859840,False,,0,,,,,,,"[{'user_id': '260096476', 'username': 'ehsan_2011'}]",,,,,0.052298493683338165
80,80,80,80,80,80,80,1268525747842449408,1268525747842449408,1591275081000,2020-06-04,17:21:21,430,1242159405220745216,mehdi_hobbi,Mehdi.hobbi,,"#خفنر 
جهت آموزش نوسان گیری پیام دهید 
#نقطه_ورود
#تکنیکال_بورس#تحلیل درخواستی 
#بورس #فرابورس #بازارپایه #فارکس_ایران #مقاومت #حمایت #بورس_اوراق_بهادار
#پرایس_اکشن_چیست #موفقیت #ثروتمندان #استراتژیست…  https://www.instagram.com/p/CA_NAm3gJHb/?igshid=1fomw3rto5ila …",[],['https://www.instagram.com/p/CA_NAm3gJHb/?igshid=1fomw3rto5ila'],[],0,0,0,"['#خفنر', '#نقطه_ورود', '#بورس', '#فرابورس', '#بازارپایه', '#فارکس_ایران', '#مقاومت', '#حمایت', '#بورس_اوراق_بهادار', '#پرایس_اکشن_چیست', '#موفقیت', '#ثروتمندان', '#استراتژیست']",[],https://twitter.com/mehdi_hobbi/status/1268525747842449408,False,,0,,,,,,,"[{'user_id': '1242159405220745216', 'username': 'mehdi_hobbi'}]",,,,,0.8870952725410461
81,81,81,81,81,81,81,1269115025421189121,1269115025421189121,1591415575000,2020-06-06,08:22:55,430,1260457106240606213,fsignal11,free_signal11,,"New post in سیگنال‌و‌آموزش‌رایگان‌بورس: #خفنر
#شکلر
#کمرجان
#کگاز
#کپشیر
#اتکام
#زکوثر
#غشهد
#غشهداب
#ما
#فسازان
#رنیک

واچ لیست این هفته

۱۷ خرداد ۹۹
@free_signal11
@sarkhati_robot
 https://ift.tt/2zcVSbL ",[],['https://ift.tt/2zcVSbL'],[],0,0,0,"['#خفنر', '#شکلر', '#کمرجان', '#کگاز', '#کپشیر', '#اتکام', '#زکوثر', '#غشهد', '#غشهداب', '#ما', '#فسازان', '#رنیک']",[],https://twitter.com/FSignal11/status/1269115025421189121,False,,0,,,,,,,"[{'user_id': '1260457106240606213', 'username': 'FSignal11'}]",,,,,0.7529810667037964
82,82,82,82,82,82,82,1269128328189001734,1269128328189001734,1591418747000,2020-06-06,09:15:47,430,1260457106240606213,fsignal11,free_signal11,,"New post in سیگنال‌و‌آموزش‌رایگان‌بورس: سهامدار عزیز تازه نفس چرا اینطور معامله می کنی آخه 
#خفنر صف خرید بود ساعت 9:02 دقیقه بعد 9:10 دقیقه تو صف فروش می فروشی
سهم داره می ره سمت صف خرید 
چرا اخه 
اصلا باورم نمیشه",[],[],[],0,0,0,['#خفنر'],[],https://twitter.com/FSignal11/status/1269128328189001734,False,,0,,,,,,,"[{'user_id': '1260457106240606213', 'username': 'FSignal11'}]",,,,,0.003762223990634084
83,83,83,83,83,83,83,1269131466170122241,1269131466170122241,1591419495000,2020-06-06,09:28:15,430,901797174572396544,mefa2002,Mehrdad Re,,#خفنر خریداری شد,[],[],[],1,0,0,['#خفنر'],[],https://twitter.com/MeFa2002/status/1269131466170122241,False,,0,,,,,,,"[{'user_id': '901797174572396544', 'username': 'MeFa2002'}]",,,,,0.8683218955993652
84,84,84,84,84,84,84,1269179160645140480,1269179160645140480,1591430866000,2020-06-06,12:37:46,430,1153953005164568576,nadersohrabi66,میم مثل نادر,,با پولی که واسه ماشین گذاشته بودم کنار، #خفنر و #غویتا خریدم. اگه به اسمم دربیاد گلریزون باید بگیرید برام.,[],[],[],2,0,13,"['#خفنر', '#غویتا']",[],https://twitter.com/nadersohrabi66/status/1269179160645140480,False,,0,,,,,,,"[{'user_id': '1153953005164568576', 'username': 'nadersohrabi66'}]",,,,,0.1598602533340454
85,85,85,85,85,85,85,1271024811054071809,1271024811054071809,1591870904000,2020-06-11,14:51:44,430,1260457106240606213,fsignal11,free_signal11,,"New post in سیگنال‌و‌آموزش‌رایگان‌بورس: عجب روز عجیبی بود 
#خودرو  صف خرید صف فروش صف خرید مثبت 30 
#چکارن با هزاران امید مثبت 4 صف فروش در صورتی که باید 1500 باز می شد
#کگاز ورود بازیگر جدید از منفی 3 یک کله تا صف خرید 
#خفنر در کسری از ثانیه با یک رنج …  https://ift.tt/2zcVSbL ",[],['https://ift.tt/2zcVSbL'],[],0,0,0,"['#خودرو', '#چکارن', '#کگاز', '#خفنر']",[],https://twitter.com/FSignal11/status/1271024811054071809,False,,0,,,,,,,"[{'user_id': '1260457106240606213', 'username': 'FSignal11'}]",,,,,0.20546920597553253
86,86,86,86,86,86,86,1279665964695633920,1279665964695633920,1593931115000,2020-07-05,11:08:35,430,803845317657554946,teriboun1,مینا ورشوچی,,"بنظرم وقت خروج رسید:
#کدما #بکام #فسرب #وثوق #سفاسی #پدرخش #فوکا #سکرد #ثعتما #کبافق #خفنر #کحافظ #وارس #خودکفا #شزنگ #وثنو

(نظر شخصیست)
ادامه دارد...
#بازارسرمایه https://twitter.com/teriboun1/status/1277631075586461701 …",[],['https://twitter.com/teriboun1/status/1277631075586461701'],[],45,1,140,"['#کدما', '#بکام', '#فسرب', '#وثوق', '#سفاسی', '#پدرخش', '#فوکا', '#سکرد', '#ثعتما', '#کبافق', '#خفنر', '#کحافظ', '#وارس', '#خودکفا', '#شزنگ', '#وثنو', '#بازارسرمایه']",[],https://twitter.com/teriboun1/status/1279665964695633920,False,https://twitter.com/teriboun1/status/1277631075586461701,0,,,,,,,"[{'user_id': '803845317657554946', 'username': 'teriboun1'}]",,,,,0.9701843857765198
87,87,87,87,87,87,87,1280183653910413319,1280183653910413319,1594054542000,2020-07-06,21:25:42,430,1273572309769629697,safemarginir,Safe Margin,,"تو هفت روز گذشته تو گروه #خودرو نمادی که کمترین بازدهی رو داشت #خفنر بود. منفی 10.50% !!

#بورس #سیف_مارجین",[],[],[],0,0,7,"['#خودرو', '#خفنر', '#بورس', '#سیف_مارجین']",[],https://twitter.com/SafeMarginIR/status/1280183653910413319,False,,0,,,,,,,"[{'user_id': '1273572309769629697', 'username': 'SafeMarginIR'}]",,,,,0.3542163670063019
88,88,88,88,88,88,88,1282220808945926145,1282220808945926145,1594540238000,2020-07-12,12:20:38,430,901797174572396544,mefa2002,Mehrdad Re,,"#خفنر امروز مثبت ۱۱ باز شد
#دزهراوی
#داوه
و #سخوز هم ‌ صف خرید بودند
کلا امروز بازار بد نبود",[],[],[],1,0,5,"['#خفنر', '#دزهراوی', '#داوه', '#سخوز']",[],https://twitter.com/MeFa2002/status/1282220808945926145,False,,0,,,,,,,"[{'user_id': '901797174572396544', 'username': 'MeFa2002'}]",,,,,0.9205213785171508
89,89,89,89,89,89,89,1283380061329141760,1283380061329141760,1594816625000,2020-07-15,17:07:05,430,1260457106240606213,fsignal11,free_signal11,,"New post in سیگنال‌رانتی و‌آموزش‌رایگان‌بورس: #مجامع

نمادهاى زير در پايان ساعت معاملاتى امروز به دليل برگزارى #مجمع متوقف شدند:

#حريل #خپارس #خفنر #شسم
#غمهرا #دانا #دتهران #شپنا
#شلرد #شيراز #قاسم #فولاژ
#بورس #پتاير #تكنار #خفولا
#شخارك #وآرين #شراز 

کانال بورسی سیگ…",[],[],[],0,0,0,"['#مجامع', '#مجمع', '#حريل', '#خپارس', '#خفنر', '#شسم', '#غمهرا', '#دانا', '#دتهران', '#شپنا', '#شلرد', '#شيراز', '#قاسم', '#فولاژ', '#بورس', '#پتاير', '#تكنار', '#خفولا', '#شخارك', '#وآرين', '#شراز']",[],https://twitter.com/FSignal11/status/1283380061329141760,False,,0,,,,,,,"[{'user_id': '1260457106240606213', 'username': 'FSignal11'}]",,,,,0.73836749792099
90,90,90,90,90,90,90,1285102983609487362,1285102983609487362,1595227402000,2020-07-20,11:13:22,430,1276204675067510785,tradernima,Nima Trader,,"بازگشایی نماد های #بورس :

#آسیا، #شپنا،#شیراز، #خفنر، #فجام، #غمهرا، #بفجر و #وتوشه ( برگزاری مجمع عمومی عادی سالیانه مبنی بر تقسیم سود نقدی) بدون محدودیت نوسان قیمت

۳۰تیر۹۹",[],[],[],0,0,1,"['#بورس', '#آسیا', '#شپنا', '#شیراز', '#خفنر', '#فجام', '#غمهرا', '#بفجر', '#وتوشه']",[],https://twitter.com/TraderNima/status/1285102983609487362,False,,0,,,,,,,"[{'user_id': '1276204675067510785', 'username': 'TraderNima'}]",,,,,0.962191104888916
91,91,91,91,91,91,91,1286677741648084992,1286677741648084992,1595602853000,2020-07-24,19:30:53,430,1276995917443407872,tokhmistocks,بازار بورس,,"در‌‌ روزهای آینده حواستون به #خفنر و #وبانک باشه
نیاید بپرسید بگیرم یا نگیرما
میگم حواستون باشه
خودتون چک کنین
منم نگایین🤣",[],[],[],1,0,10,"['#خفنر', '#وبانک']",[],https://twitter.com/tokhmistocks/status/1286677741648084992,False,,0,,,,,,,"[{'user_id': '1276995917443407872', 'username': 'tokhmistocks'}]",,,,,0.1801956743001938
92,92,92,92,92,92,92,1286926277337911296,1286926277337911296,1595662109000,2020-07-25,11:58:29,430,1260457106240606213,fsignal11,free_signal11,,"New post in سیگنال‌رانتی و‌آموزش‌رایگان‌بورس: #تحلیل_تکنیکال #خفنر 

     ۱۳۹۹/۰۵/۰۲

 در نزدیکی کف کانال خودش قرار گرفته و اندیکاتورها اشباع فروش رو نشون میدن

 حمایت سهم: 2380

 اهدافش با تثبیت بالای 2400 ، 3370 ، 3760 ، 4230 و 4700

 آخرین صورت های مالی خفنر (شرکت فنر سازی خ…",[],[],[],0,0,0,"['#تحلیل_تکنیکال', '#خفنر']",[],https://twitter.com/FSignal11/status/1286926277337911296,False,,0,,,,,,,"[{'user_id': '1260457106240606213', 'username': 'FSignal11'}]",,,,,0.4691694080829621
93,93,93,93,93,93,0,1288034044849065984,1288034044849065984,1595926221000,2020-07-28,13:20:21,430,1260457106240606213,fsignal11,free_signal11,,New post in سیگنال‌رانتی و‌آموزش‌رایگان‌بورس: توقف نمادهای #رمپنا، #خفنر، #شگل، #ثشرق، #های_وب به علت افشای اطلاعات بااهمیت https://ift.tt/3f20Bvv ,[],['https://ift.tt/3f20Bvv'],[],0,0,0,"['#رمپنا', '#خفنر', '#شگل', '#ثشرق', '#های_وب']",[],https://twitter.com/FSignal11/status/1288034044849065984,False,,0,,,,,,,"[{'user_id': '1260457106240606213', 'username': 'FSignal11'}]",,,,,0.7322461009025574
