,Unnamed: 0,Unnamed: 0.1,Unnamed: 0.1.1,Unnamed: 0.1.1.1,Unnamed: 0.1.1.1.1,id,conversation_id,created_at,date,time,timezone,user_id,username,name,place,tweet,mentions,urls,photos,replies_count,retweets_count,likes_count,hashtags,cashtags,link,retweet,quote_url,video,near,geo,source,user_rt_id,user_rt,retweet_id,reply_to,retweet_date,translate,trans_src,trans_dest,Feel
0,0,0,0,0,0,701329049369649152,701329049369649152,1456044850000,2016-02-21,12:24:10,430,2463165061,bourseiness,ุจูุฑุณูุณ,,#ูุดฺฉุฑ ุดูุงู ุณุงุฒ  http://goo.gl/fb/OB9Gspย #ุงูุชุตุงุฏ #ุจูุฑุณ,[],['http://goo.gl/fb/OB9Gsp'],[],0,0,0,"['#ูุดฺฉุฑ', '#ุงูุชุตุงุฏ', '#ุจูุฑุณ']",[],https://twitter.com/bourseiness/status/701329049369649152,False,,0,,,,,,,"[{'user_id': '2463165061', 'username': 'bourseiness'}]",,,,,0.8173121213912964
1,1,1,1,1,1,701644815847583745,701644815847583745,1456120134000,2016-02-22,09:18:54,430,2463165061,bourseiness,ุจูุฑุณูุณ,,#ูุดฺฉุฑ ุฏุฑุตู ุฎุฑุฏ ููู ุดุฏู ุงุณุช  http://goo.gl/fb/ijzsooย #ุงูุชุตุงุฏ #ุจูุฑุณ,[],['http://goo.gl/fb/ijzsoo'],[],0,0,0,"['#ูุดฺฉุฑ', '#ุงูุชุตุงุฏ', '#ุจูุฑุณ']",[],https://twitter.com/bourseiness/status/701644815847583745,False,,0,,,,,,,"[{'user_id': '2463165061', 'username': 'bourseiness'}]",,,,,0.7478334903717041
2,2,2,2,2,2,704179443636563969,704179443636563969,1456724437000,2016-02-29,09:10:37,430,2463165061,bourseiness,ุจูุฑุณูุณ,,#ูุดฺฉุฑ ุดูุงู ุณุงุฒ  http://goo.gl/fb/5ZSdJhย #ุงูุชุตุงุฏ,[],['http://goo.gl/fb/5ZSdJh'],[],0,0,0,"['#ูุดฺฉุฑ', '#ุงูุชุตุงุฏ']",[],https://twitter.com/bourseiness/status/704179443636563969,False,,0,,,,,,,"[{'user_id': '2463165061', 'username': 'bourseiness'}]",,,,,0.8173121213912964
3,3,3,3,3,3,714692461239672832,714692461239672832,1459230935000,2016-03-29,10:25:35,430,2463165061,bourseiness,ุจูุฑุณูุณ,,ููุงุฏูุง #ูุดฺฉุฑ #ุฏูุฑ #ุฏุณูุง #ุดุฑุงุฒ #ฺฉุณุนุฏ #ุฐูุจ #ฺฉุฑูุงู #ูุฑูุฒ #ูฺฉูุซุฑ ุตู ูุฑูุด ูุณุชูุฏ  http://goo.gl/fb/OPu4lkย #ุงูุชุตุงุฏ,[],['http://goo.gl/fb/OPu4lk'],[],0,0,0,"['#ูุดฺฉุฑ', '#ุฏูุฑ', '#ุฏุณูุง', '#ุดุฑุงุฒ', '#ฺฉุณุนุฏ', '#ุฐูุจ', '#ฺฉุฑูุงู', '#ูุฑูุฒ', '#ูฺฉูุซุฑ', '#ุงูุชุตุงุฏ']",[],https://twitter.com/bourseiness/status/714692461239672832,False,,0,,,,,,,"[{'user_id': '2463165061', 'username': 'bourseiness'}]",,,,,0.7355283498764038
4,4,4,4,4,4,719382964648439808,719382964648439808,1460349238000,2016-04-11,09:03:58,430,2463165061,bourseiness,ุจูุฑุณูุณ,,ููุงุฏ ูุนุงููุงุชู ุดุฑูุช ุดูุฑ #ูุดฺฉุฑ ุจุง ุชูุฌู ุจู ุชุนุฏูู ูพูุด ุจููู ุฏุฑุขูุฏ ูุฑ ุณููุูุชูููโฆ  http://goo.gl/fb/7GHlGTย #ุงูุชุตุงุฏ,[],['http://goo.gl/fb/7GHlGT'],[],0,0,0,"['#ูุดฺฉุฑ', '#ุงูุชุตุงุฏ']",[],https://twitter.com/bourseiness/status/719382964648439808,False,,0,,,,,,,"[{'user_id': '2463165061', 'username': 'bourseiness'}]",,,,,0.9235124588012696
5,5,5,5,5,5,719783250449797120,719783250449797120,1460444674000,2016-04-12,11:34:34,430,2463165061,bourseiness,ุจูุฑุณูุณ,,#ูุดฺฉุฑ ุดุฑฺฉุช ุดฺฉุฑ ูพุด ุจู ุฏุฑุขูุฏ ูุฑ ุณูู ุณุงู ูุงู ููุชู ุจู 1395 06โฆ  http://goo.gl/fb/m0brKkย #ุงูุชุตุงุฏ,[],['http://goo.gl/fb/m0brKk'],[],0,0,0,"['#ูุดฺฉุฑ', '#ุงูุชุตุงุฏ']",[],https://twitter.com/bourseiness/status/719783250449797120,False,,0,,,,,,,"[{'user_id': '2463165061', 'username': 'bourseiness'}]",,,,,0.7367987632751465
6,6,6,6,6,6,725182107107090433,725182107107090433,1461731862000,2016-04-27,09:07:42,430,2463165061,bourseiness,ุจูุฑุณูุณ,,#ูุดฺฉุฑ ุดูุงู ุณุงุฒ  http://goo.gl/fb/m5McK0ย #ุงูุชุตุงุฏ,[],['http://goo.gl/fb/m5McK0'],[],0,0,0,"['#ูุดฺฉุฑ', '#ุงูุชุตุงุฏ']",[],https://twitter.com/bourseiness/status/725182107107090433,False,,0,,,,,,,"[{'user_id': '2463165061', 'username': 'bourseiness'}]",,,,,0.8173121213912964
7,7,7,7,7,7,725182107698520064,725182107698520064,1461731862000,2016-04-27,09:07:42,430,2463165061,bourseiness,ุจูุฑุณูุณ,,#ูุดฺฉุฑ ุชูุถูุญุงุช ุฏุฑ ุฎุตูุต ูพูุด ุจููู ุฏุฑุขูุฏ ูุฑ ุณูู ุณุงู ูุงูู ููุชูู ุจู นตโฆ  http://goo.gl/fb/4SkLYCย #ุงูุชุตุงุฏ,[],['http://goo.gl/fb/4SkLYC'],[],0,0,0,"['#ูุดฺฉุฑ', '#ุงูุชุตุงุฏ']",[],https://twitter.com/bourseiness/status/725182107698520064,False,,0,,,,,,,"[{'user_id': '2463165061', 'username': 'bourseiness'}]",,,,,0.9588642120361328
8,8,8,8,8,8,725206349957750784,725206349957750784,1461737642000,2016-04-27,10:44:02,430,2463165061,bourseiness,ุจูุฑุณูุณ,,ุจุงุฒฺฏุดุงูู ููุงุฏูุงู ูุนุงููุงุชู #ุบูพุงูุ#ููุฑุงุ#ูููพุงุฑุณุ#ูุดูุฑ  http://goo.gl/fb/vHUknjย #ุงูุชุตุงุฏ,[],['http://goo.gl/fb/vHUknj'],[],0,0,0,"['#ุบูพุงู', '#ููุฑุง', '#ูููพุงุฑุณ', '#ูุดูุฑ', '#ุงูุชุตุงุฏ']",[],https://twitter.com/bourseiness/status/725206349957750784,False,,0,,,,,,,"[{'user_id': '2463165061', 'username': 'bourseiness'}]",,,,,0.9640181064605712
9,9,9,9,9,9,746566044442071040,746566044442071040,1466830190000,2016-06-25,09:19:50,430,2463165061,bourseiness,ุจูุฑุณูุณ,,ููุงุฏูุง #ฺฉูุง #ุณุงูุง #ูุบุฏุฑ #ูุดฺฉุฑ #ุฌู #ูุณุฑูุง #ูุฒูู ุฏุฑ ฺฉู ูุงูุงูู ุฎูุฏ ูุณุชูุฏ ุฏุฑโฆ  http://goo.gl/fb/4wCFoIย #ุงูุชุตุงุฏ,[],['http://goo.gl/fb/4wCFoI'],[],0,0,0,"['#ฺฉูุง', '#ุณุงูุง', '#ูุบุฏุฑ', '#ูุดฺฉุฑ', '#ุฌู', '#ูุณุฑูุง', '#ูุฒูู', '#ุงูุชุตุงุฏ']",[],https://twitter.com/bourseiness/status/746566044442071040,False,,0,,,,,,,"[{'user_id': '2463165061', 'username': 'bourseiness'}]",,,,,0.710720419883728
10,10,10,10,10,10,987549592752410624,987549592752410624,1524285145000,2018-04-21,09:02:25,430,986116312920453120,abandidgah,ุฏุฏฺฏุงู ุขุจุงู,,"ุตู ูุง ุฎุฑุฏ
#ูุงุฑุง 36.9 ูููู ุณูู 
#ูุดฺฉุฑ 2.8 ูููู ุณูู
#ููุบุฏุฑ 1.9 ูููู ุณูู
#ฺฉุณุฑุง 1.8 ูููู ุณูู
#ุซุนุชูุง 1.5 ูููู ุณูู
#ุจูุฑุณ",[],[],[],0,0,0,"['#ูุงุฑุง', '#ูุดฺฉุฑ', '#ููุบุฏุฑ', '#ฺฉุณุฑุง', '#ุซุนุชูุง', '#ุจูุฑุณ']",[],https://twitter.com/abandidgah/status/987549592752410624,False,,0,,,,,,,"[{'user_id': '986116312920453120', 'username': 'abandidgah'}]",,,,,0.6053043603897095
11,11,11,11,11,11,988283148357292032,988283148357292032,1524460038000,2018-04-23,09:37:18,430,986116312920453120,abandidgah,ุฏุฏฺฏุงู ุขุจุงู,,"#ูุดฺฉุฑ      
ุจุฑุฑุณ ุงุทูุงุนู
*ุดฺฉุฑ*       
ุชูุถูุญุงุช ุดุฑฺฉุช ุฏุฑ ุฎุตูุต ูพูุด ุจููู ุฏุฑุขูุฏ ูุฑ ุณูู ุณุงู ูุงูู ููุชูู ุจู 
นท/ฐถ/ณฑ
#ุจูุฑุณ pic.twitter.com/NfI1apRWd2",[],[],['https://pbs.twimg.com/media/DbcWLqkVQAAbNRI.jpg'],0,0,0,"['#ูุดฺฉุฑ', '#ุจูุฑุณ']",[],https://twitter.com/abandidgah/status/988283148357292032,False,,0,,,,,,,"[{'user_id': '986116312920453120', 'username': 'abandidgah'}]",,,,,0.9768623113632202
12,12,12,12,12,12,988434837571887104,988434837571887104,1524496204000,2018-04-23,19:40:04,430,830770031705206788,radiosaham_ir,radiosaham,,"ุดุฑฺฉุช ูุง ุงุฑููพุง ู ุญุงุดู ุฎูุฌ ูุงุฑุณ ุจู ุฏูุจุงู #ุงุณุชุงุฑุชุงูพ ูุง ุงุฑุงู ูุณุชูุฏ
 http://radiosaham.ir/208267/ย

ุชูุถุญ #ูุดฺฉุฑ ุฏุฑุจุงุฑู ุณูุฏ ุณุงูนท
 http://radiosaham.ir/208271/ย

ุจุฑฺฏุฒุงุฑ ุจู ูููุน ูุฌุงูุน ุจุงูฺฉโูุง ุฏุฑ ุณููู ุณุงู ุงุฌุฑุง #IFRS
 http://radiosaham.ir/208266/ย",[],"['http://radiosaham.ir/208267/', 'http://radiosaham.ir/208271/', 'http://radiosaham.ir/208266/']",[],0,0,0,"['#ุงุณุชุงุฑุชุงูพ', '#ูุดฺฉุฑ', '#ifrs']",[],https://twitter.com/radiosaham_ir/status/988434837571887104,False,,0,,,,,,,"[{'user_id': '830770031705206788', 'username': 'radiosaham_ir'}]",,,,,0.3391280770301819
13,13,13,13,13,13,991003277239226369,991003277239226369,1525108567000,2018-04-30,21:46:07,430,991001804203683840,technichaltrade,Technichal_trading,,"#ูุดฺฉุฑ
๐ุจุง ูุงฺฉูุด ฺฉู ุจู ฺฉู ฺฉุงูุงู ุฏุงุดุชู ุฏุฑ ูุญุฏูุฏู ุญูุงุช ฑตฐ ุชุง ฑถฐ ุชููุงู ุจุฑุง ุฎุฑุฏ ฺฉู ุฑุณฺฉ ูโฆ  https://www.instagram.com/p/BiKbsefH7P-/ย",[],['https://www.instagram.com/p/BiKbsefH7P-/'],[],0,0,0,['#ูุดฺฉุฑ'],[],https://twitter.com/TechnichalTrade/status/991003277239226369,False,,0,,,,,,,"[{'user_id': '991001804203683840', 'username': 'TechnichalTrade'}]",,,,,0.854717493057251
14,14,14,14,14,14,1000305722100301824,1000305722100301824,1527326443000,2018-05-26,13:50:43,430,986116312920453120,abandidgah,ุฏุฏฺฏุงู ุขุจุงู,,"#ูุดฺฉุฑ
ุจุฑุฑุณ #ุงุทูุงุนู
*ุดฺฉุฑ*    
ุชูุถูุญุงุช ุดุฑฺฉุช ุฏุฑ ุฎุตูุต ูุงูุจุงุช ุจุฑ ุงุฑุฒุด ุงูุฒูุฏู ุดฺฉุฑ ุฎุงู ูุงุฑุฏุงุชู ุณููุงุช ูุจู
#ุจูุฑุณ pic.twitter.com/3r5VGljJHW",[],[],['https://pbs.twimg.com/media/DeHMvJnV4AApf9u.jpg'],0,0,0,"['#ูุดฺฉุฑ', '#ุงุทูุงุนู', '#ุจูุฑุณ']",[],https://twitter.com/abandidgah/status/1000305722100301824,False,,0,,,,,,,"[{'user_id': '986116312920453120', 'username': 'abandidgah'}]",,,,,0.9727899432182312
15,15,15,15,15,15,1013692464631169024,1013692464631169024,1530518091000,2018-07-02,12:24:51,430,986116312920453120,abandidgah,ุฏุฏฺฏุงู ุขุจุงู,,"ฺฏุฑูู ฺฉูฺฺฉ ู ฺฉู ุดูุงูุฑ ุงูุง ุงฺฉุซุฑุง ูุซุจุช ุงูุฑูุฒ ููุฏุ ุจุง ุตู ุฎุฑุฏ ููุงุฏูุง #ููุดุง ู #ูุดฺฉุฑ ุฏูุจุงู ู ุดููุฏ.
#ุจูุฑุณ",[],[],[],0,0,0,"['#ููุดุง', '#ูุดฺฉุฑ', '#ุจูุฑุณ']",[],https://twitter.com/abandidgah/status/1013692464631169024,False,,0,,,,,,,"[{'user_id': '986116312920453120', 'username': 'abandidgah'}]",,,,,0.970355987548828
16,16,16,16,16,16,1015841616085635072,1015841616085635072,1531030489000,2018-07-08,10:44:49,430,971264702612430850,boursenews_ir,ุจูุฑุณ ููุฒ,,"ุชุนุฏู ูุซุจุช ""#ูุดฺฉุฑ"" ุงุฒ ูุญู ุจุฑฺฏุดุช ุฐุฎุงุฑ

๐นุจุง ุชูุฌู ุจู ูุตูุจู ููุฑุฎ ฒท ุฎุฑุฏุงุฏ ุณุงู ุฌุงุฑุ ุงุฌุจุงุฑ ุฏุฑ ุฎุตูุต ุชุญูู ุชุญูู ุจุฎุด ุงุฒ ุชูุงูู ุฎุดฺฉ ู ููุฏ ุชุญูู ุจู ฺฉุดุงูุฑุฒุงู ุจุฑุง ุณุงู ฑณนถ ูุฌูุฏ ูุฏุงุฑุฏ
๐นุจู ุงู ุชุฑุชุจุ ุณูุฏ ุฎุงูุต ูพุด ุจู ุดุฏู ุณุงู ูุงู ููุชู ุจู ณฑ ุดูุฑูุฑ ฑณนทุ ฑฒธ ุฑุงู ุจู ุงุฒุง ูุฑ ุณูู ุงุณุช",[],[],[],0,0,0,['#ูุดฺฉุฑ'],[],https://twitter.com/boursenews_ir/status/1015841616085635072,False,,0,,,,,,,"[{'user_id': '971264702612430850', 'username': 'boursenews_ir'}]",,,,,0.017664549872279167
17,17,17,17,17,17,1025650015144833025,1025650015144833025,1533368993000,2018-08-04,12:19:53,430,986116312920453120,abandidgah,ุฏุฏฺฏุงู ุขุจุงู,,"ุฏุฑ ฺฏุฑูู ููุฏ ู ุดฺฉุฑ ุงูุฑูุฒ ูุฒ ุฑุดุฏ ููุช ูุง ุงุฏุงูู ุฏุงุดุชู  ู ูุนุงููุงุช ุฏุฑ ุงฺฉุซุฑ ููุงุฏูุง ุจุง ุตู ุฎุฑุฏ ููุฑุงู ู ุจุงุดุฏ. #ูุฒููุ #ููุฑุณุชุ #ูุดฺฉุฑุ #ููฺฉูุช ุงุฒ ููุงุฏูุง ููุฑุฏ ุชูุฌู ุจุงุฒุงุฑูุฏ. ุฑุดุฏ ูุฑุฎ ุงุฑุฒ ุงู ฺฏุฑูู ุฑุง ูุฒ ุจู ุงูุฒุงุด ูุฑุฎ ูุญุตููุงุช ุงูุฏูุงุฑ ฺฉุฑุฏู ุงุณุช.
#ุจูุฑุณ",[],[],[],0,0,0,"['#ูุฒูู', '#ููุฑุณุช', '#ูุดฺฉุฑ', '#ููฺฉูุช', '#ุจูุฑุณ']",[],https://twitter.com/abandidgah/status/1025650015144833025,False,,0,,,,,,,"[{'user_id': '986116312920453120', 'username': 'abandidgah'}]",,,,,0.7995079159736633
18,18,18,18,18,18,1039391051159461890,1039391051159461890,1536645112000,2018-09-11,10:21:52,430,986116312920453120,abandidgah,ุฏุฏฺฏุงู ุขุจุงู,,"ููุงุฏูุงู #ููพุชุฑูุ #ูพุณููุฏุ  #ููพุงุฑุณุ #ููุฑุงูุ #ูุฒูููุ #ูุซุงุจุชุ #ูุตููุงุ#ุฏุดูููุ #ููููุชุ #ุฎุชุฑุงูุ #ูุดูุฑุ #ูุณูพุงุ #ููุฑุณุชุ #ูุฑูุณ ู  #ุณุฏูุฑ ุจุงุฒฺฏุดุง ุฎูุงููุฏ ุดุฏ.
#ุจูุฑุณ",[],[],[],0,0,0,"['#ููพุชุฑู', '#ูพุณููุฏ', '#ููพุงุฑุณ', '#ููุฑุงู', '#ูุฒููู', '#ูุซุงุจุช', '#ูุตููุง', '#ุฏุดููู', '#ููููุช', '#ุฎุชุฑุงู', '#ูุดูุฑ', '#ูุณูพุง', '#ููุฑุณุช', '#ูุฑูุณ', '#ุณุฏูุฑ', '#ุจูุฑุณ']",[],https://twitter.com/abandidgah/status/1039391051159461890,False,,0,,,,,,,"[{'user_id': '986116312920453120', 'username': 'abandidgah'}]",,,,,0.9995057582855223
19,19,19,19,19,19,1054256785996107776,1054256785996107776,1540189379000,2018-10-22,09:52:59,430,1042865814540636164,eghtesadfarsi,ุงูุชุตุงุฏ ูุงุฑุณ,,"New post in ุฏูุงุฑ ุจูุฑุณ: ููุงุฏูุง #ูุณุฑุจ #ููุบุฏุฑ #ฺุฏู #ุดุณูุง #ุฏุฏุงู #ฺฉูุฑุง #ุชูพฺฉู #ุฎุฒุงูุง #ุฑููพูุง #ุณุงุฑูู #ุฏุณุจุญุงู #ุฎุณุงูพุง #ูุดุฑู #ุฎุฑุฎุช #ูุดฺฉุฑ #ุฏุดู #ูุงูุฏ #ูุง_ูุจ #ูุงูุจุฑ #ุฎููุฑ #ุฑุชุงูพ #ูุจููุช ุจุงุฒฺฏุดุง ุดุฏูุฏ.

Share us @DivarBourse https://ift.tt/2S7kiIfย",[],['https://ift.tt/2S7kiIf'],[],0,0,0,"['#ูุณุฑุจ', '#ููุบุฏุฑ', '#ฺุฏู', '#ุดุณูุง', '#ุฏุฏุงู', '#ฺฉูุฑุง', '#ุชูพฺฉู', '#ุฎุฒุงูุง', '#ุฑููพูุง', '#ุณุงุฑูู', '#ุฏุณุจุญุงู', '#ุฎุณุงูพุง', '#ูุดุฑู', '#ุฎุฑุฎุช', '#ูุดฺฉุฑ', '#ุฏุดู', '#ูุงูุฏ', '#ูุง_ูุจ', '#ูุงูุจุฑ', '#ุฎููุฑ', '#ุฑุชุงูพ', '#ูุจููุช']",[],https://twitter.com/EGHTESADfarsi/status/1054256785996107776,False,,0,,,,,,,"[{'user_id': '1042865814540636164', 'username': 'EGHTESADfarsi'}]",,,,,0.7349067926406859
20,20,20,20,20,20,1058662716888338432,1058662716888338432,1541239835000,2018-11-03,13:40:35,430,986116312920453120,abandidgah,ุฏุฏฺฏุงู ุขุจุงู,,"ุฏุฑ ฺฏุฑูู ููุฏ ู ุดฺฉุฑ ูุถุง ูุนุงููุงุช ูุซุจุช ุงุณุช ู #ูุฒููุ #ูุดฺฉุฑุ #ููฺฉูุชุ #ูุตููุงุ #ููุฑู ู #ูฺุงุฑ ุงุฒ ููุงุฏูุง ููุฑุฏ ุชูุฌููุฏ.
#ุจูุฑุณ",[],[],[],0,0,0,"['#ูุฒูู', '#ูุดฺฉุฑ', '#ููฺฉูุช', '#ูุตููุง', '#ููุฑู', '#ูฺุงุฑ', '#ุจูุฑุณ']",[],https://twitter.com/abandidgah/status/1058662716888338432,False,,0,,,,,,,"[{'user_id': '986116312920453120', 'username': 'abandidgah'}]",,,,,0.9985241293907166
21,21,21,21,21,21,1079645174010019840,1079645174010019840,1546242442000,2018-12-31,11:17:22,430,986116312920453120,abandidgah,ุฏุฏฺฏุงู ุขุจุงู,,"ุฏุฑ ฺฏุฑูู ููุฏ ู ุดฺฉุฑ ูุนุงููุงุช ฺฉูพุงุฑฺู ูุซุจุช  ุฏุฑ ุฌุฑุงู ุงุณุช. #ูุดฺฉุฑุ #ููพุฑุงุ #ููุฑูุ #ูุตููุง ู #ููฺฉูุช ุจู ุณูู ูุฌุงุฒ ููุช ุฑุณุฏู ุงูุฏ ู ุจูู ููุงุฏูุง ูุฒ ูุซุจุช ุฏุงุฏ ู ุณุชุฏ ู ุดููุฏ.
#ุจูุฑุณ",[],[],[],0,0,0,"['#ูุดฺฉุฑ', '#ููพุฑุง', '#ููุฑู', '#ูุตููุง', '#ููฺฉูุช', '#ุจูุฑุณ']",[],https://twitter.com/abandidgah/status/1079645174010019840,False,,0,,,,,,,"[{'user_id': '986116312920453120', 'username': 'abandidgah'}]",,,,,0.9725775718688964
22,22,22,22,22,22,1080012022622765056,1080012022622765056,1546329906000,2019-01-01,11:35:06,430,986116312920453120,abandidgah,ุฏุฏฺฏุงู ุขุจุงู,,"ุฏุฑ ฺฏุฑูู ููุฏ ู ุดฺฉุฑ ูุนุงููุงุช ฺฉูพุงุฑฺู ูุซุจุช  ุฏุฑ ุฌุฑุงู ุงุณุช. #ููุดุงุ #ููพุฑุงุ #ูุตููุงุ #ููุฑู ู #ูุดฺฉุฑ ุงุฒ ููุงุฏูุง ููุฑุฏ ุชูุฌู ุจุงุฒุงุฑูุฏ.
#ุจูุฑุณ",[],[],[],0,0,1,"['#ููุดุง', '#ููพุฑุง', '#ูุตููุง', '#ููุฑู', '#ูุดฺฉุฑ', '#ุจูุฑุณ']",[],https://twitter.com/abandidgah/status/1080012022622765056,False,,0,,,,,,,"[{'user_id': '986116312920453120', 'username': 'abandidgah'}]",,,,,0.99436354637146
23,23,23,23,23,23,1082578330853863425,1082578330853863425,1546941762000,2019-01-08,13:32:42,430,986116312920453120,abandidgah,ุฏุฏฺฏุงู ุขุจุงู,,"#ูุดฺฉุฑ   
ุจุฑุฑุณ #ุงุทูุงุนู 97/10/18
* ุดฺฉุฑ*
ุขฺฏู ุฏุนูุช ุจู ูุฌูุน ุนููู ุนุงุฏ ุณุงูุงูู   
ุฌูุช ุชุตูุจ ุตูุฑุชโูุง ูุงู ุณุงู (ุฏูุฑู) ูุงู ููุชู ุจู 1397/06/31     
ุฏุฑ ุณุงุนุช 14:00 ุฑูุฒ ุดูุจู ููุฑุฎ 1397/10/29 
ุฏุฑูุญู ุชูุฑุงู- ููุฏุงู ุฏฺฉุชุฑ ูุงุทูู ุฎูุงุจุงู ุดููุฏ ฺฏููุงู ุดูุงุฑู14 ุงูุฌูู ุตููู ฺฉุงุฑุฎุงูู ูุงู ููุฏ ู ุดฺฉุฑ
#ุจูุฑุณ",[],[],[],0,0,0,"['#ูุดฺฉุฑ', '#ุงุทูุงุนู', '#ุจูุฑุณ']",[],https://twitter.com/abandidgah/status/1082578330853863425,False,,0,,,,,,,"[{'user_id': '986116312920453120', 'username': 'abandidgah'}]",,,,,0.9937022924423218
24,24,24,24,24,24,1085418717499084806,1085418717499084806,1547618963000,2019-01-16,09:39:23,430,971264702612430850,boursenews_ir,ุจูุฑุณ ููุฒ,,"ูุฏุฑ ูุงู ยซ#ูุดฺฉุฑยป ุฏุฑ ฺฏูุชโูฺฏู ุจุง ุจูุฑุณโููุฒ ุชุงฺฉุฏ ฺฉุฑุฏ:
ุขูุงุฑู ฺฉุงูุด ฺฉุดุช #ฺุบูุฏุฑููุฏ ุฏุฑ ฺฉุดูุฑ/ ุชุตูู ุดฺฉุฑ ุชูุฌู ุงูุชุตุงุฏ ูุฏุงุฑุฏ
 http://www.boursenews.ir/fa/news/186701ย pic.twitter.com/7VLLqmeSeD",[],['http://www.boursenews.ir/fa/news/186701'],['https://pbs.twimg.com/media/DxAugMnX4AA6ntk.jpg'],0,0,0,"['#ูุดฺฉุฑ', '#ฺุบูุฏุฑููุฏ']",[],https://twitter.com/boursenews_ir/status/1085418717499084806,False,,0,,,,,,,"[{'user_id': '971264702612430850', 'username': 'boursenews_ir'}]",,,,,0.7790821194648743
25,25,25,25,25,25,1086538884106772480,1086538884106772480,1547886031000,2019-01-19,11:50:31,430,986116312920453120,abandidgah,ุฏุฏฺฏุงู ุขุจุงู,,"#ูุดฺฉุฑ
ุจุฑุฑุณ #ุงุทูุงุนู 97/10/29
*ุดฺฉุฑ* 
3ูุงูู ููุชู ุจู 97/09/30 (ุญุณุงุจุฑุณ ูุดุฏู) ูุจูุบ 85 ุฑุงู ุณูุฏ ุจู ุงุฒุง ูุฑ ุณูู ูุญูู ฺฏุฑุฏุฏ.
13 ุฏุฑุตุฏ ุงูุฒุงุด ุณูุฏ ูุณุจุช ุจู ุฏูุฑู ูุดุงุจู ุณุงู ฺฏุฐุดุชู
#ุจูุฑุณ",[],[],[],0,0,0,"['#ูุดฺฉุฑ', '#ุงุทูุงุนู', '#ุจูุฑุณ']",[],https://twitter.com/abandidgah/status/1086538884106772480,False,,0,,,,,,,"[{'user_id': '986116312920453120', 'username': 'abandidgah'}]",,,,,0.9946011304855348
26,26,26,26,26,26,1089050835126956032,1089050835126956032,1548484927000,2019-01-26,10:12:07,430,986116312920453120,abandidgah,ุฏุฏฺฏุงู ุขุจุงู,,"ุฏุฑ ฺฏุฑูู ููุฏ ู ุดฺฉุฑ ูุฒ ูุนุงููุงุช ูุซุจุช ุฑุง ุดุงูุฏู. #ูุฒููุ #ูุดฺฉุฑุ #ูุดูุฏ ู #ููุฑู ุจุง ุงูุจุงู ุจุงุฒุงุฑ ููุงุฌู ูุณุชูุฏ.
#ุจูุฑุณ",[],[],[],0,0,1,"['#ูุฒูู', '#ูุดฺฉุฑ', '#ูุดูุฏ', '#ููุฑู', '#ุจูุฑุณ']",[],https://twitter.com/abandidgah/status/1089050835126956032,False,,0,,,,,,,"[{'user_id': '986116312920453120', 'username': 'abandidgah'}]",,,,,0.996151089668274
27,27,27,27,27,27,1091931569143476229,1091931569143476229,1549171747000,2019-02-03,08:59:07,430,986116312920453120,abandidgah,ุฏุฏฺฏุงู ุขุจุงู,,"ุตู ูุง ุฎุฑุฏ
#ูุณุฑูุง 14.6 ูููู ุณูู
#ูุงุฑุง 6.2 ูููู ุณูู
#ูุดฺฉุฑ 4.5 ูููู ุณูู
#ูุณุงูุช 1.3 ูููู ุณูู
#ุฎูุตุฑ 1 ูููู ุณูู
#ุจูุฑุณ",[],[],[],0,0,0,"['#ูุณุฑูุง', '#ูุงุฑุง', '#ูุดฺฉุฑ', '#ูุณุงูุช', '#ุฎูุตุฑ', '#ุจูุฑุณ']",[],https://twitter.com/abandidgah/status/1091931569143476229,False,,0,,,,,,,"[{'user_id': '986116312920453120', 'username': 'abandidgah'}]",,,,,0.5079505443572998
28,28,28,28,28,28,1093021119857057792,1093021119857057792,1549431516000,2019-02-06,09:08:36,430,986116312920453120,abandidgah,ุฏุฏฺฏุงู ุขุจุงู,,"ุตู ูุง ูุฑูุด
#ูุจุฑุง 47.8 ูููู ุณูู
#ุงูุฑฺ3 - 10.3 ูููู ุณูู
#ุงุชฺฉุง 9.4 ูููู ุณูู
#ูุดฺฉุฑ 5.5 ูููู ุณูู
#ฺฺฉุงูู 4 ูููู ุณูู
#ุจูุฑุณ",[],[],[],0,0,0,"['#ูุจุฑุง', '#ุงูุฑฺ3', '#ุงุชฺฉุง', '#ูุดฺฉุฑ', '#ฺฺฉุงูู', '#ุจูุฑุณ']",[],https://twitter.com/abandidgah/status/1093021119857057792,False,,0,,,,,,,"[{'user_id': '986116312920453120', 'username': 'abandidgah'}]",,,,,0.4714122712612152
29,29,29,29,29,29,1093061322046992384,1093061322046992384,1549441101000,2019-02-06,11:48:21,430,986116312920453120,abandidgah,ุฏุฏฺฏุงู ุขุจุงู,,"ููุงุฏ #ูุดฺฉุฑ ฺฉู ุฏุฑ ุงุจุชุฏุง ูุนุงููุงุช ุงูุฑูุฒ ุฏุฑ ุตู ูุฑูุด ูุฑุงุฑ ุฏุงุดุช ุจุง ุงูุฒุงุด ุชูุงุถุง ุฏุฑ ูุญุฏูุฏู ูุซุจุช 3.5 ุฏุฑุตุฏ ูุนุงููู ู ุดูุฏ. 
#ุจูุฑุณ",[],[],[],0,0,0,"['#ูุดฺฉุฑ', '#ุจูุฑุณ']",[],https://twitter.com/abandidgah/status/1093061322046992384,False,,0,,,,,,,"[{'user_id': '986116312920453120', 'username': 'abandidgah'}]",,,,,0.8471226096153259
30,30,30,30,30,30,1094477734980378624,1094477734980378624,1549778801000,2019-02-10,09:36:41,430,986116312920453120,abandidgah,ุฏุฏฺฏุงู ุขุจุงู,,"ุฏุฑ ฺฏุฑูู ููุฏ ุฏุฑุญุงูฺฉู ุดุงูุฏ ูุนุงููุงุช ฺฉู ุญุฌู ุจุง ฺฏุฑุงุด ููู ูุณุชูุ ููุงุฏูุง #ูุดฺฉุฑ ู ูุดูุฏ ุจุง ุตู ุฎุฑุฏ ุฏูุจุงู ูุดููุฏ.
#ุจูุฑุณ",[],[],[],0,0,0,"['#ูุดฺฉุฑ', '#ุจูุฑุณ']",[],https://twitter.com/abandidgah/status/1094477734980378624,False,,0,,,,,,,"[{'user_id': '986116312920453120', 'username': 'abandidgah'}]",,,,,0.8718330264091492
31,31,31,31,31,31,1098126405060091904,1098126405060091904,1550648711000,2019-02-20,11:15:11,430,986116312920453120,abandidgah,ุฏุฏฺฏุงู ุขุจุงู,,"ุฏุฑ ฺฏุฑูู ููุฏ ู ุดฺฉุฑ ุจู ุฌุฒ ููุงุฏ #ูุดฺฉุฑ ฺฉู ุฑุดุฏ ุญุฏูุฏ ุณู ุฏุฑุตุฏ ุฏุงุฑุฏุ ุชูุงู ููุงุฏูุง ุจุง ุตู ุฎุฑุฏ ุฑูุจุฑู ูุณุชูุฏ.
#ุจูุฑุณ",[],[],[],0,0,0,"['#ูุดฺฉุฑ', '#ุจูุฑุณ']",[],https://twitter.com/abandidgah/status/1098126405060091904,False,,0,,,,,,,"[{'user_id': '986116312920453120', 'username': 'abandidgah'}]",,,,,0.8553929924964905
32,32,32,32,32,32,1101743688508530689,1101743688508530689,1551511139000,2019-03-02,10:48:59,430,986116312920453120,abandidgah,ุฏุฏฺฏุงู ุขุจุงู,,"ุฏุฑ ฺฏุฑูู ููุฏ ู ุดฺฉุฑ ุงูุฑูุฒ ููุงุฏ #ููพุฑุง ู #ูุดฺฉุฑ ุจุง ุฑุดุฏ ููุช ููุงุฌููุฏ ู ุจูู ููุงุฏูุง ุงูุช ููุช ุฑุง ุชุฌุฑุจู ู ููุงูุฏ.
#ุจูุฑุณ",[],[],[],0,0,0,"['#ููพุฑุง', '#ูุดฺฉุฑ', '#ุจูุฑุณ']",[],https://twitter.com/abandidgah/status/1101743688508530689,False,,0,,,,,,,"[{'user_id': '986116312920453120', 'username': 'abandidgah'}]",,,,,0.9750605821609496
33,33,33,33,33,33,1124944324930572290,1124944324930572290,1557042602000,2019-05-05,12:20:02,430,986116312920453120,abandidgah,ุฏุฏฺฏุงู ุขุจุงู,,"#ูุดฺฉุฑ
ุจุฑุฑุณ #ุงุทูุงุนู 98/02/15
*ุดฺฉุฑ* 
ุงูุดุง ุงุทูุงุนุงุช ุจุงุงููุช - (ุฏุฑุงูุช ูุฌูุฒ ุชุบุฑ ุจุด ุงุฒ ฑฐ ุฏุฑุตุฏ ุฏุฑ ูุฑุฎ ูุฑูุด ูุญุตููุงุช ุง ุงุฑุงุฆู ุฎุฏูุงุช - ฺฏุฑูู ุงูู) ููุชู ุจู ุณุงู ูุงู98
#ุจูุฑุณ pic.twitter.com/4ti2OSKObj",[],[],['https://pbs.twimg.com/media/D5ya46TUwAAMgCm.jpg'],0,0,0,"['#ูุดฺฉุฑ', '#ุงุทูุงุนู', '#ุจูุฑุณ']",[],https://twitter.com/abandidgah/status/1124944324930572290,False,,0,,,,,,,"[{'user_id': '986116312920453120', 'username': 'abandidgah'}]",,,,,0.9984936714172364
34,34,34,34,34,34,1131087135820328961,1131087135820328961,1558507162000,2019-05-22,11:09:22,430,986116312920453120,abandidgah,ุฏุฏฺฏุงู ุขุจุงู,,"ุฏุฑ ฺฏุฑูู ููุฏ ู ุดฺฉุฑ ูุฒ ุดุงูุฏ ูุนุงููุงุช ูุซุจุช ูุณุชู  ุจู ุฌุฒ ุฏู ููุงุฏ #ูุฒูู ู #ููฺฉูุช ุจูู ููุงุฏูุง ุจุง ุฑุดุฏ ููุช ููุฑุงููุฏ. #ูุดฺฉุฑุ #ููุดุงุ #ูุซุงุจุชุ #ููุฑู ุงุฒ ููุงุฏูุง ููุฑุฏ ุชูุฌู ุจุงุฒุงุฑูุฏ.
#ุจูุฑุณ",[],[],[],0,0,0,"['#ูุฒูู', '#ููฺฉูุช', '#ูุดฺฉุฑ', '#ููุดุง', '#ูุซุงุจุช', '#ููุฑู', '#ุจูุฑุณ']",[],https://twitter.com/abandidgah/status/1131087135820328961,False,,0,,,,,,,"[{'user_id': '986116312920453120', 'username': 'abandidgah'}]",,,,,0.8917050957679749
35,35,35,35,35,35,1132507350676496385,1132507350676496385,1558845768000,2019-05-26,09:12:48,430,971264702612430850,boursenews_ir,ุจูุฑุณ ููุฒ,,"ุชููู ููุงุฏูุง #ูุซุงุจุชุ #ุซุงูุงูุ #ูุดฺฉุฑุ #ููุฑุงุฏ ุจู ุนูุช ุชุบุฑุงุช ุจุด ุงุฒ ตฐ ุฏุฑุตุฏ ููุช
#ูุจุถ_ุจุงุฒุงุฑ",[],[],[],0,0,1,"['#ูุซุงุจุช', '#ุซุงูุงู', '#ูุดฺฉุฑ', '#ููุฑุงุฏ', '#ูุจุถ_ุจุงุฒุงุฑ']",[],https://twitter.com/boursenews_ir/status/1132507350676496385,False,,0,,,,,,,"[{'user_id': '971264702612430850', 'username': 'boursenews_ir'}]",,,,,0.8968982100486755
36,36,36,36,36,36,1203216503262322688,1203216503262322688,1575704143000,2019-12-07,11:05:43,430,1023660573228261378,omid_ados,ูููุฏุณู ุชุฑู ฺูุงุฑ E,,"ุฑููุง ููุงุฏ #ูุดฺฉุฑ ุฎุฑูุฌ ุงุฒ ุงูฺฏู ูุณุชุทู ู #ููุงููุช ฒฑตฐ
ู ูฺฏุงู ุจูุด ุจูุฏุงุฒุฏ.
#ุจูุฑุณ
#ุชุญูู_ุชฺฉูฺฉุงู pic.twitter.com/rbfxGvYg7S",[],[],['https://pbs.twimg.com/media/ELKvBsQWoAAW4b_.jpg'],0,0,0,"['#ูุดฺฉุฑ', '#ููุงููุช', '#ุจูุฑุณ', '#ุชุญูู_ุชฺฉูฺฉุงู']",[],https://twitter.com/Omid_ados/status/1203216503262322688,False,,0,,,,,,,"[{'user_id': '1023660573228261378', 'username': 'Omid_ados'}]",,,,,0.14117133617401126
37,37,37,37,37,37,1203618834223001600,1203618509059543041,1575800066000,2019-12-08,13:44:26,430,779952044828463104,kashoonak,ุงูุณูุทุงู,,=)))))) ุชุง ุฏุฑ ฺฉุงุฑุฎููู #ูุดฺฉุฑ ูพุฑุงูุชุฒ,['a_naieni'],[],[],1,0,1,['#ูุดฺฉุฑ'],[],https://twitter.com/Kashoonak/status/1203618834223001600,False,,0,,,,,,,"[{'user_id': '779952044828463104', 'username': 'Kashoonak'}, {'user_id': '195416895', 'username': 'a_naieni'}]",,,,,0.994277834892273
38,38,38,38,38,38,1204074122352975872,1204074122352975872,1575908616000,2019-12-09,19:53:36,430,1160469890152706049,xsignalir,ุงฺฉุณฺฏูุงู,,#ูุดฺฉุฑ ุจู ูุธุฑ ูุฑุณู ฺฉูุชุงู ูุฏุช 2150 ุชููุงู ู ุฏุฑ ูุงู ูุฏุช ู ุจููุฏ ูุฏุช 2640 ุชููุงู ุฑุง ุจุชูุงูุฏ ุชุงฺ ฺฉูุฏ . ุญุฏ ุถุฑุฑ ุชุซุจุช ูพุงุงู ุฒุฑ ููุช 1830 ุชููุงู . #ุจูุฑุณ pic.twitter.com/lteEnUiqvO,[],[],['https://pbs.twimg.com/media/ELW7BnXWsAAaimo.png'],0,1,1,"['#ูุดฺฉุฑ', '#ุจูุฑุณ']",[],https://twitter.com/xsignalir/status/1204074122352975872,False,,0,,,,,,,"[{'user_id': '1160469890152706049', 'username': 'xsignalir'}]",,,,,0.5679489970207214
39,39,39,39,39,39,1215094008499716096,1215094008499716096,1578535961000,2020-01-09,05:42:41,430,150136103,danielchayau,Author,,Check out Elven Magic on Steam for the steam sales(coming soon). https://store.steampowered.com/app/923140/Elven_Magic/ยโฆ,[],['https://store.steampowered.com/app/923140/Elven_Magic/'],[],19,60,456,[],[],https://twitter.com/danielchayau/status/1215094008499716096,False,,0,,,,,,,"[{'user_id': '150136103', 'username': 'danielchayau'}]",,,,,0.77987140417099
40,40,40,40,40,40,1215094309801742336,1215094309801742336,1578536033000,2020-01-09,05:43:53,430,150136103,danielchayau,Author,,Check out the Audio Book Elven Magic on Audible https://www.audible.com/pd/Elven-Magic-Book-1-2-3-and-4-Audiobook/B078WHKMN3?qid=1578536018&sr=1-1&pf_rd_p=e81b7c27-6880-467a-b5a7-13cef5d729fe&pf_rd_r=8HSZQ1NAT7REM0S4K01V&ref=a_search_c3_lProduct_1_1ยโฆ,[],['https://www.audible.com/pd/Elven-Magic-Book-1-2-3-and-4-Audiobook/B078WHKMN3?qid=1578536018&sr=1-1&pf_rd_p=e81b7c27-6880-467a-b5a7-13cef5d729fe&pf_rd_r=8HSZQ1NAT7REM0S4K01V&ref=a_search_c3_lProduct_1_1'],[],7,30,208,[],[],https://twitter.com/danielchayau/status/1215094309801742336,False,,0,,,,,,,"[{'user_id': '150136103', 'username': 'danielchayau'}]",,,,,0.8251768350601196
41,41,41,41,41,41,1248551941652615174,1248551941652615174,1586512954000,2020-04-10,14:32:34,430,1084775412687912960,vipbourse,vip ุจูุฑุณ,,"ุณูู ูุง ุงุตู ฺฉุงูุงู ูุง ุณฺฏูุงู ุดุฏู ุฏุฑ ุงุณููุฏ ูุงู 98 ููุจู ุงุฒ ุขู ุนุจุงุฑุชูุฏ ุงุฒ

#ุฎูุฏุฑู
#ุฎูพุงุฑุณ
#ูุดฺฉุฑ
#ุดูพู
โ
#ุฎููุฑ
#ุฎุตุฏุฑุง
#ููุฑูู
#ฺฉููฺฏูุฒ

ุณูู ูุง ูู ุจู ุนููุงู ูุฏู ุจู ุตูุฑุช ููุชฺฏ ุฏุฑ ฺฏุฑูู ุชูฺฏุฑุงู ุงุนูุงู ูุดู ๐ https://t.me/VIPtelGPย",[],['https://t.me/VIPtelGP'],[],2,0,1,"['#ุฎูุฏุฑู', '#ุฎูพุงุฑุณ', '#ูุดฺฉุฑ', '#ุดูพู', '#ุฎููุฑ', '#ุฎุตุฏุฑุง', '#ููุฑูู', '#ฺฉููฺฏูุฒ']",[],https://twitter.com/vipbourse/status/1248551941652615174,False,,0,,,,,,,"[{'user_id': '1084775412687912960', 'username': 'vipbourse'}]",,,,,0.7449696660041809
42,42,42,42,42,42,1251620479976255491,1251620479976255491,1587244551000,2020-04-19,01:45:51,430,197829169,saadebady,saad ebadi,,"#ูุดฺฉุฑ ุจุฑุฑุณ
ฑณนนุฐฑุณฑ

#ุจูุฑุณ #ุณฺฏูุงู #ุชุญูู #Bourse_onii_sama pic.twitter.com/ahqOr1N0uZ",[],[],['https://pbs.twimg.com/media/EV6mLZ9WsAIWSwE.jpg'],0,0,1,"['#ูุดฺฉุฑ', '#ุจูุฑุณ', '#ุณฺฏูุงู', '#ุชุญูู', '#bourse_onii_sama']",[],https://twitter.com/saadebady/status/1251620479976255491,False,,0,,,,,,,"[{'user_id': '197829169', 'username': 'saadebady'}]",,,,,0.9377230405807496
43,43,43,43,43,43,1253893114537934850,1253786214219624448,1587786389000,2020-04-25,08:16:29,430,1217842745580105730,iranhormoz,ุขุชูุด_ุจูุงุฑ_ูุนุฑูู,,#ูุดูุฑ ุจูุชุฑูู ุณูู ููุฏูู ุจุงุฒุงุฑ,['twit_bourse'],[],[],0,0,0,['#ูุดูุฑ'],[],https://twitter.com/IranHormoz/status/1253893114537934850,False,,0,,,,,,,"[{'user_id': '1217842745580105730', 'username': 'IranHormoz'}, {'user_id': '1061257282472820737', 'username': 'twit_bourse'}]",,,,,0.9069591164588928
44,44,44,44,44,44,1264501815174971393,1264501815174971393,1590315700000,2020-05-24,14:51:40,430,1260457106240606213,fsignal11,free_signal11,,"New post in ุณฺฏูุงูโูโุขููุฒุดโุฑุงฺฏุงูโุจูุฑุณ: ุจุงุฒฺฏุดุงูู #ูุดูุฑุ #ุบูพููู ุจุง ุชูุฌู ุจู ุงูุดุงู ุงุทูุงุนุงุช ุจุง ุงูููุช ฺฏุฑูู ุงูู ุจุฏูู ูุญุฏูุฏูุช ููุณุงู ูููุช 
ุจุงุฒฺฏุดุงูู #ุซุงุฎุชุ #ูุจููุชุ #ูุฑูุงุ #ูพุชุฑููุ #ูููุฑุ #ูุฎุงุฑุฒู ุจุง ุชูุฌู ุจู ุงูุดุงู ุงุทูุงุนุงุช ุจุง ุงูููุช ฺฏุฑูู ุจุ ุจุง ูุญุฏูุฏูุช ููุณุงู ูููุช
#ูุจุถ_โฆ https://ift.tt/3gep5nnย",[],['https://ift.tt/3gep5nn'],[],0,0,0,"['#ูุดูุฑ', '#ุบูพููู', '#ุซุงุฎุช', '#ูุจููุช', '#ูุฑูุง', '#ูพุชุฑูู', '#ูููุฑ', '#ูุฎุงุฑุฒู', '#ูุจุถ_']",[],https://twitter.com/FSignal11/status/1264501815174971393,False,,0,,,,,,,"[{'user_id': '1260457106240606213', 'username': 'FSignal11'}]",,,,,0.7096311450004578
45,45,45,45,45,45,1269524932960100352,1269524932960100352,1591513305000,2020-06-07,11:31:45,430,1260457106240606213,fsignal11,free_signal11,,"New post in ุณฺฏูุงูโูโุขููุฒุดโุฑุงฺฏุงูโุจูุฑุณ: #ูุจุถ_ุจุงุฒุงุฑ 
ููุฏ ูุง ุจู ฺฏุฑุฏููู ูุนุงููุงุช ุจุงุฒฺฏุดุชูุฏโ

#ูุดฺฉุฑ ุจุง ุฑุดุฏ ฒฐ ุฏุฑุตุฏ ุฏุฑ ูุญุฏูุฏู ดตฐฐ ุจุงุฒฺฏุดุช.
#ููุดุง ุฏุฑ ูุญุฏูุฏู ดดณฐ ุชููุงู ุจุง ุฑุดุฏ ฑฒ ุฏุฑุตุฏ ุจุงุฒฺฏุดุช.
#ููุฑุณุช ุจุง ุฑุดุฏ ดฑ ุฏุฑุตุฏ ุฏุฑ ูุฑุฒดถฐฐ ุจุงุฒฺฏุดุง ุดุฏ.
#ููฺฉูุช ุจุง ุฑุดุฏ ท ุฏุฑุตุฏ ุจุงุฒฺฏุดุง ุดุฏ.",[],[],[],0,0,0,"['#ูุจุถ_ุจุงุฒุงุฑ', '#ูุดฺฉุฑ', '#ููุดุง', '#ููุฑุณุช', '#ููฺฉูุช']",[],https://twitter.com/FSignal11/status/1269524932960100352,False,,0,,,,,,,"[{'user_id': '1260457106240606213', 'username': 'FSignal11'}]",,,,,0.079264335334301
46,46,46,46,46,46,1272098124027375617,1272098124027375617,1592126801000,2020-06-14,13:56:41,430,1260457106240606213,fsignal11,free_signal11,,"New post in ุณฺฏูุงูโูโุขููุฒุดโุฑุงฺฏุงูโุจูุฑุณ: ฺฏุฒุงุฑุด #ฒฐูตฐ

ููุงุฏูุง ฺฉู ุงุญุชูุงู ุฏุงุฑุฏ ุงูุฑูุฒ ูุชููู ุดููุฏ

ฒฐ ุฏุฑุตุฏโูุง:

#ูพุชุงุฑ |#ุณุฑูุฏ |#ฺฉุฑูุงุดุง |#ูุงุช |#ูุงูุฏ |#ุณุฏฺฉู |#ุดูพูุง |#ุฒฺฉูุซุฑ |#ุบููุด |#ููพุงุฑุณ |#ฺุงูุณุช |#ุจุดูุงุจ |#ูุณุฑูุง |#ูุดฺฉุฑ |#ูุจูู |#ฺฉุฏูุง |#ุฎุฑุงุณุงู |#ฺฉุงูุง |#ุซูโฆ  https://ift.tt/2zcVSbLย",[],['https://ift.tt/2zcVSbL'],[],0,0,0,"['#ฒฐูตฐ', '#ูพุชุงุฑ', '#ุณุฑูุฏ', '#ฺฉุฑูุงุดุง', '#ูุงุช', '#ูุงูุฏ', '#ุณุฏฺฉู', '#ุดูพูุง', '#ุฒฺฉูุซุฑ', '#ุบููุด', '#ููพุงุฑุณ', '#ฺุงูุณุช', '#ุจุดูุงุจ', '#ูุณุฑูุง', '#ูุดฺฉุฑ', '#ูุจูู', '#ฺฉุฏูุง', '#ุฎุฑุงุณุงู', '#ฺฉุงูุง', '#ุซู']",[],https://twitter.com/FSignal11/status/1272098124027375617,False,,0,,,,,,,"[{'user_id': '1260457106240606213', 'username': 'FSignal11'}]",,,,,0.5682626366615295
47,47,47,47,47,47,1282619174712496128,1282619174712496128,1594635215000,2020-07-13,14:43:35,430,1075805268968177666,moji9940,Moji,,"#ูุดฺฉุฑ 
ุจู ูุธุฑ ูุฑุณู ุจุฑุง ูุฑูุฏ ููุงุณุจูุ ุดุงุฏ ุฑู 5800 ฺฏุฑ ุฏุงุดุชู ุจุงุดู ุงูุง ุชุงุฑฺฏุช 7500 ุฑู ุชุงฺ ุฎูุงูุฏ ฺฉุฑุฏ
ุฎุฑุฏุงุฑุง ูุณุจุชุง ุฏุฑุดุช ูู ุฏุงุดุชู ุงูุฑูุฒ
ุงู ูููุฏุงุฑ ุตุฑูุง ุขููุฒุด ุจูุฏู ู ุจุฑุงุณุงุณ ุขู ุชุฑุฏ ูฺฉูุฏ
#ุจูุฑุณ pic.twitter.com/L9O1R9GDzZ",[],[],['https://pbs.twimg.com/media/EczHE_MXYAAFb0C.png'],0,0,4,"['#ูุดฺฉุฑ', '#ุจูุฑุณ']",[],https://twitter.com/Moji9940/status/1282619174712496128,False,,0,,,,,,,"[{'user_id': '1075805268968177666', 'username': 'Moji9940'}]",,,,,0.961788296699524
48,48,48,48,48,48,1288034071285825536,1288034071285825536,1595926227000,2020-07-28,13:20:27,430,1260457106240606213,fsignal11,free_signal11,,"New post in ุณฺฏูุงูโุฑุงูุช ูโุขููุฒุดโุฑุงฺฏุงูโุจูุฑุณ: #ฺฏุฒุงุฑุด_ฒฐ_ตฐ

 ุฏูุดูุจู ฐถ ูุฑุฏุงุฏ นน

ููุงุฏูุง ฺฉู ุงุญุชูุงู ุฏุงุฑุฏ ุฑูุฒฺฉุงุฑ ุจุนุฏ ูุชููู ุดููุฏ

ฒฐ ุฏุฑุตุฏโูุง:

#ุซุดุงูุฏ |#ููุฑุงู |#ุจุฑฺฉุช |#ุฏุฌุงุจุฑ |#ุฏฺฉู |#ุบุดูุฏ |#ุบูุงุฑฺฏ |#ุดูุนุงุจ |#ฺฉูพุดุฑ |#ุดฺฉุฑุจู |#ุฎฺุฑุฎุด |#ูุดฺฉุฑ |#ฺฉุฑูุงู |#ุดุฑุงู |#ุณโฆ  https://ift.tt/3307dYZย",[],['https://ift.tt/3307dYZ'],[],0,0,0,"['#ฺฏุฒุงุฑุด_ฒฐ_ตฐ', '#ุซุดุงูุฏ', '#ููุฑุงู', '#ุจุฑฺฉุช', '#ุฏุฌุงุจุฑ', '#ุฏฺฉู', '#ุบุดูุฏ', '#ุบูุงุฑฺฏ', '#ุดูุนุงุจ', '#ฺฉูพุดุฑ', '#ุดฺฉุฑุจู', '#ุฎฺุฑุฎุด', '#ูุดฺฉุฑ', '#ฺฉุฑูุงู', '#ุดุฑุงู', '#ุณ']",[],https://twitter.com/FSignal11/status/1288034071285825536,False,,0,,,,,,,"[{'user_id': '1260457106240606213', 'username': 'FSignal11'}]",,,,,0.31965458393096924
49,49,49,49,49,49,1288049722880659456,1288049722880659456,1595929959000,2020-07-28,14:22:39,430,237258218,amiirata,ุงูุฑุน,,ุชู ุงู ุจุงุฒุงุฑ ุชุฎู ฺฉู ุฏููุชโูุง ูู ุฑุฏู ูุงุณู ุจฺูโูุง #ูุดฺฉุฑ ฺฏุฑูุชู ฺฉ ููุชูโุณ ูุซุจุชู. ุญุฌู ูู ููุฏู. ุงููููุช ฺฉุดูู ุงููุฏู ูฺฏู ูุดฺฉูฺฉู. ุจูุธุฑุช ุจูุฑูุดู! ุงุฒ ูพุงุณุฎ ูุงูุฏู โฆ๐คฆ๐ปโโ๏ธโฉ,[],[],[],1,0,31,['#ูุดฺฉุฑ'],[],https://twitter.com/amiirata/status/1288049722880659456,False,,0,,,,,,,"[{'user_id': '237258218', 'username': 'amiirata'}]",,,,,0.14188656210899353
50,50,50,50,50,50,1289845795936702464,1289845795936702464,1596358176000,2020-08-02,13:19:36,430,1260457106240606213,fsignal11,free_signal11,,"New post in ุณฺฏูุงูโุฑุงูุช ูโุขููุฒุดโุฑุงฺฏุงูโุจูุฑุณ: ููุงุฏูุงู ุฏุฑ ุขุณุชุงูู ุตู ุฎุฑูุฏ ุฏุฑ ุงูู ูุญุธู 

#ูุดูุฑ #ุญุชููุง #ููููุง
#ูุณุฑูุง #ุงูุงู

ฺฉุงูุงู ุจูุฑุณ ุณฺฏูุงู ุฑุงฺฏุงู
More:          
 https://ift.tt/2XYHNs0ย
         ุขููุฒุด ุจูุฑุณ 
 http://instagram.com/free_signal11ย https://ift.tt/3glyysHย",[],"['https://ift.tt/2XYHNs0', 'http://instagram.com/free_signal11', 'https://ift.tt/3glyysH']",[],0,0,0,"['#ูุดูุฑ', '#ุญุชููุง', '#ููููุง', '#ูุณุฑูุง', '#ุงูุงู']",[],https://twitter.com/FSignal11/status/1289845795936702464,False,,0,,,,,,,"[{'user_id': '1260457106240606213', 'username': 'FSignal11'}]",,,,,0.7343542575836182
51,51,51,51,51,51,1291634120821551106,1291634120821551106,1596784546000,2020-08-07,11:45:46,430,726223444107485185,reza19001900,Reza๐ฎ๐ท๐ฎ๐ท๐ฎ๐ท,,ุฎูุดุจุฎุชุงูู ุทุจู ุงุฎุจุงุฑ ูุงุตูู ุงูุฒุงุด ุณุฑูุงู ฑฒฐฐูช ุดุฑฺฉุช #ุดฺฉุฑ_ุดุงูุฑูุฏ ุจุง ููุงุฏ #ูุดฺฉุฑ ุจู ุชุงุฏ ูุฏุฑุช ุดุฑฺฉุช ุฑุณุฏู ู ุจุฑุง ุงูุฌุงู ุฑูุงู ุงุฏุงุฑ ุจุง ุณุงุฒูุงู #ุจูุฑุณ ุฏุฑ ุงุฑุชุจุงุท ูุณุชูุฏ.ุจุง ุงู ุฎุจุฑ ุนุงู ู ฺุงุฑุช ุชฺฉูฺฉุงู ุจูุธุฑ ุจุง ุณูุงูุฏุงุฑ ุชุง ุขุฎุฑ ุณุงู ุจู ุนุฏุฏ ุจุงูุงฒฐูุฒุงุฑ ุชููุงู ูฺฉุฑ ฺฉูุฏโ๐พ pic.twitter.com/CJnoKmf2JN,[],[],['https://pbs.twimg.com/media/EezOYe4XgAEsRTM.jpg'],0,0,4,"['#ุดฺฉุฑ_ุดุงูุฑูุฏ', '#ูุดฺฉุฑ', '#ุจูุฑุณ']",[],https://twitter.com/Reza19001900/status/1291634120821551106,False,,0,,,,,,,"[{'user_id': '726223444107485185', 'username': 'Reza19001900'}]",,,,,0.996852457523346
52,52,52,52,52,52,1293118403494973440,1293118403494973440,1597138427000,2020-08-11,14:03:47,430,726223444107485185,reza19001900,Reza๐ฎ๐ท๐ฎ๐ท๐ฎ๐ท,,ุฏุฑ ุจุงุฒุงุฑ ุณุฑุงุณุฑ ูููู ุงูุฑูุฒ #ุจูุฑุณ ู #ูุฑุงุจูุฑุณ ุฎุจุฑ ุงูุฒุงูุด ุณุฑูุงูู #ูุดูุฑ ุจู ุจุงุฒุงุฑ ูุฎุงุจุฑู ุดุฏ ู ุณูู ุตู #ุฎุฑูุฏ ุจุณุช.ุงูููุงูู ูู ุฎุฑูุฏ ุฒุฏู ุจุง ุฎุจุฑ ูคุฑูุฒ ูพูุด ุชุง ูขููุฒุงุฑุชููู ูู ุณูู ุฑุง ููุฑูุดูุฏ!  https://twitter.com/Reza19001900/status/1291634120821551106ยโฆ pic.twitter.com/ZMsljc6KLO,[],['https://twitter.com/Reza19001900/status/1291634120821551106'],['https://pbs.twimg.com/media/EfIUUCOWoAANlbl.jpg'],0,0,0,"['#ุจูุฑุณ', '#ูุฑุงุจูุฑุณ', '#ูุดูุฑ', '#ุฎุฑูุฏ']",[],https://twitter.com/Reza19001900/status/1293118403494973440,False,,0,,,,,,,"[{'user_id': '726223444107485185', 'username': 'Reza19001900'}]",,,,,0.821765661239624
53,53,53,53,53,0,1294186892930539520,1294186892930539520,1597393174000,2020-08-14,12:49:34,430,1282282723948720130,bourse_ir,โุจูุฑุณ ุงุฑุงู ๐ฎ๐ท,,"ุตููู ุฎุฑุฏ ุจุงุฒุงุฑ ุฏุฑ โูพุด ฺฏุดุงุด
#ุณุชุง #ููฺฉ #ููพุงุฑุณ #ุงุฎุงุจุฑ #ุฎุจููู #ุบุฏุดุช #ฺฉุฏูุง #ุซููุณุง #ูููพุงุฑุณ #ุญูุงุฑ #ุซุดุงูุฏ #ฺฉูุฑ #ููพุณุช #ูููุฑุฏ #ูุดฺฉุฑ #ูููุงุฏ #ุบููุด #ููุบุฏุฑ #ุฎูุญูุฑ #ุบูพุงฺฉ #ูุฎูุฒ #ูุฎุงุฑุฒู ุฏุฑ ูุฑุงุจูุฑุณ  #ุซุนูุฑุง #ฺฉูพุฑูุฑ #ุจุณุงูุง #ุฏ #ููุดุฑู #ููุงุฎุฑ #ุฒุฏุดุช #ุบูุชุง #ุจุฒุงฺฏุฑุณ #ุฒูุงูุงู #ุบฺฏูุง #ููุจููู #ุดุตุฏู",[],[],[],1,0,2,"['#ุณุชุง', '#ููฺฉ', '#ููพุงุฑุณ', '#ุงุฎุงุจุฑ', '#ุฎุจููู', '#ุบุฏุดุช', '#ฺฉุฏูุง', '#ุซููุณุง', '#ูููพุงุฑุณ', '#ุญูุงุฑ', '#ุซุดุงูุฏ', '#ฺฉูุฑ', '#ููพุณุช', '#ูููุฑุฏ', '#ูุดฺฉุฑ', '#ูููุงุฏ', '#ุบููุด', '#ููุบุฏุฑ', '#ุฎูุญูุฑ', '#ุบูพุงฺฉ', '#ูุฎูุฒ', '#ูุฎุงุฑุฒู', '#ุซุนูุฑุง', '#ฺฉูพุฑูุฑ', '#ุจุณุงูุง', '#ุฏ', '#ููุดุฑู', '#ููุงุฎุฑ', '#ุฒุฏุดุช', '#ุบูุชุง', '#ุจุฒุงฺฏุฑุณ', '#ุฒูุงูุงู', '#ุบฺฏูุง', '#ููุจููู', '#ุดุตุฏู']",[],https://twitter.com/Bourse_ir/status/1294186892930539520,False,,0,,,,,,,"[{'user_id': '1282282723948720130', 'username': 'Bourse_ir'}]",,,,,0.2444020062685013
