,Unnamed: 0,Unnamed: 0.1,Unnamed: 0.1.1,Unnamed: 0.1.1.1,id,conversation_id,created_at,date,time,timezone,user_id,username,name,place,tweet,mentions,urls,photos,replies_count,retweets_count,likes_count,hashtags,cashtags,link,retweet,quote_url,video,near,geo,source,user_rt_id,user_rt,retweet_id,reply_to,retweet_date,translate,trans_src,trans_dest,Feel
0,0,0.0,0.0,0.0,700355860132982785,700355860132982785,1455812823000,2016-02-18,19:57:03,430,2463165061,bourseiness,ุจูุฑุณูุณ,,#ฺฉุจุงูู ุดุฑฺฉุช ูุนุงุฏู ุจุงูู ุงููู ูพุด ุจู ุฏุฑุขูุฏ ูุฑ ุณูู ุณุงู ูุงู ููุชูโฆ  http://goo.gl/fb/vxK4VRย #ุงุฎุจุงุฑ,[],['http://goo.gl/fb/vxK4VR'],[],0,0,0,"['#ฺฉุจุงูู', '#ุงุฎุจุงุฑ']",[],https://twitter.com/bourseiness/status/700355860132982785,False,,0,,,,,,,"[{'user_id': '2463165061', 'username': 'bourseiness'}]",,,,,0.9912850856781006
1,1,1.0,1.0,1.0,708579429602217984,708579429602217984,1457773475000,2016-03-12,12:34:35,430,2463165061,bourseiness,ุจูุฑุณูุณ,,ุชุงุฑุฎ 94.12.22 ุณุงุนุช 12:30 ุฎูุงุตู ุจุงุฒุงุฑ ุชููู ููุงุฏูุง #ูุจุงููุ #ุฎฺฏุณุชุฑุ #ุณุฎุฒุฑุ #ุดุจูุฏุฑโฆ  http://goo.gl/fb/65cfC8ย #ุงูุชุตุงุฏ,[],['http://goo.gl/fb/65cfC8'],[],0,0,0,"['#ูุจุงูู', '#ุฎฺฏุณุชุฑ', '#ุณุฎุฒุฑ', '#ุดุจูุฏุฑ', '#ุงูุชุตุงุฏ']",[],https://twitter.com/bourseiness/status/708579429602217984,False,,0,,,,,,,"[{'user_id': '2463165061', 'username': 'bourseiness'}]",,,,,0.9912850856781006
2,2,2.0,2.0,2.0,709649486654664705,709649486654664705,1458028596000,2016-03-15,11:26:36,430,2463165061,bourseiness,ุจูุฑุณูุณ,,ุจุงุฒฺฏุดุงูู ููุงุฏ ูุนุงููุงุชู #ูุจุงูู  http://goo.gl/fb/HJMPuvย #ุงูุชุตุงุฏ,[],['http://goo.gl/fb/HJMPuv'],[],0,0,0,"['#ูุจุงูู', '#ุงูุชุตุงุฏ']",[],https://twitter.com/bourseiness/status/709649486654664705,False,,0,,,,,,,"[{'user_id': '2463165061', 'username': 'bourseiness'}]",,,,,0.9912850856781006
3,3,3.0,3.0,3.0,709623402961752064,709623402961752064,1458022378000,2016-03-15,09:42:58,430,2463165061,bourseiness,ุจูุฑุณูุณ,,#ฺฉุจุงูู ุดูุงู ุณุงุฒ EPS  http://goo.gl/fb/GdZ1Loย #ุงูุชุตุงุฏ,[],['http://goo.gl/fb/GdZ1Lo'],[],0,0,0,"['#ฺฉุจุงูู', '#ุงูุชุตุงุฏ']",[],https://twitter.com/bourseiness/status/709623402961752064,False,,0,,,,,,,"[{'user_id': '2463165061', 'username': 'bourseiness'}]",,,,,0.9912850856781006
4,4,4.0,4.0,4.0,714688711150149633,714688711150149633,1459230041000,2016-03-29,10:10:41,430,2463165061,bourseiness,ุจูุฑุณูุณ,,ููุงุฏูุง #ุขฺฉูุชูุฑ #ฺฉุจุงูู #ุฏุนุจุฏ #ฺูุจุฑ #ฺฺฉุงูู #ูุฒูู #ูุณุงูพุง #ุดูพู ุตู ุฎุฑุฏ ูุณุชูุฏ  http://goo.gl/fb/ysYwIxย #ุงูุชุตุงุฏ,[],['http://goo.gl/fb/ysYwIx'],[],0,0,0,"['#ุขฺฉูุชูุฑ', '#ฺฉุจุงูู', '#ุฏุนุจุฏ', '#ฺูุจุฑ', '#ฺฺฉุงูู', '#ูุฒูู', '#ูุณุงูพุง', '#ุดูพู', '#ุงูุชุตุงุฏ']",[],https://twitter.com/bourseiness/status/714688711150149633,False,,0,,,,,,,"[{'user_id': '2463165061', 'username': 'bourseiness'}]",,,,,0.9912850856781006
5,5,5.0,5.0,5.0,719381435984056320,719381435984056320,1460348874000,2016-04-11,08:57:54,430,2463165061,bourseiness,ุจูุฑุณูุณ,,ููุงุฏูุง #ูุงุชุ #ุชุฌุงุฑุ #ุฎุงุฐูุ #ุฎูุญูุฑุ #ูุขุฐุฑุ #ฺฉุจุงููุ #ูุชูุตุง ู โฆุฏุฑ ูุฑุญูู ูพุด ฺฏุดุงุด ุตูโฆ  http://goo.gl/fb/b63JQSย #ุงูุชุตุงุฏ,[],['http://goo.gl/fb/b63JQS'],[],0,0,0,"['#ูุงุช', '#ุชุฌุงุฑ', '#ุฎุงุฐู', '#ุฎูุญูุฑ', '#ูุขุฐุฑ', '#ฺฉุจุงูู', '#ูุชูุตุง', '#ุงูุชุตุงุฏ']",[],https://twitter.com/bourseiness/status/719381435984056320,False,,0,,,,,,,"[{'user_id': '2463165061', 'username': 'bourseiness'}]",,,,,0.9912850856781006
6,6,6.0,6.0,6.0,720132754336309248,720132754336309248,1460528002000,2016-04-13,10:43:22,430,2463165061,bourseiness,ุจูุฑุณูุณ,,ููุงุฏูุง #ฺฉูุฑุฌุงู #ฺฉุจุงูู #ุชูพููพ #ฺฉุณุฑุง #ุฎูุญูุฑ #ุชฺฉูู ุตู ุฎุฑุฏ ุชุดฺฉู ุฏุงุฏู ุงูุฏ  http://goo.gl/fb/dEGr78ย #ุงูุชุตุงุฏ,[],['http://goo.gl/fb/dEGr78'],[],0,0,0,"['#ฺฉูุฑุฌุงู', '#ฺฉุจุงูู', '#ุชูพููพ', '#ฺฉุณุฑุง', '#ุฎูุญูุฑ', '#ุชฺฉูู', '#ุงูุชุตุงุฏ']",[],https://twitter.com/bourseiness/status/720132754336309248,False,,0,,,,,,,"[{'user_id': '2463165061', 'username': 'bourseiness'}]",,,,,0.9912850856781006
7,7,7.0,7.0,7.0,721194064243269632,721194064243269632,1460781038000,2016-04-16,09:00:38,430,2463165061,bourseiness,ุจูุฑุณูุณ,,ููุงุฏูุง #ุชฺฉูู #ุดูพุงุฑุณ #ฺฉุจุงูู #ุจฺฉุงู #ฺฉูุฑุฌุงู ุฏุฑ ูุฑุญูู ูพุด ฺฏุดุงุด ุตู ุฎุฑุฏ ุชุดฺฉู ุฏุงุฏูโฆ  http://goo.gl/fb/mnFPmwย #ุงูุชุตุงุฏ,[],['http://goo.gl/fb/mnFPmw'],[],0,0,0,"['#ุชฺฉูู', '#ุดูพุงุฑุณ', '#ฺฉุจุงูู', '#ุจฺฉุงู', '#ฺฉูุฑุฌุงู', '#ุงูุชุตุงุฏ']",[],https://twitter.com/bourseiness/status/721194064243269632,False,,0,,,,,,,"[{'user_id': '2463165061', 'username': 'bourseiness'}]",,,,,0.9912850856781006
8,8,8.0,8.0,8.0,721208346460692480,721208346460692480,1460784443000,2016-04-16,09:57:23,430,2463165061,bourseiness,ุจูุฑุณูุณ,,ููุงุฏูุง #ฺฉุณุฑุง #ฺฉุจุงูู #ุฎุนุชุจุงุฑ #ุจฺฉุงู #ุณุฎุฒุฑ #ุฎูุญูุฑ ุตู ุฎุฑุฏ ูุณุชูุฏ  http://goo.gl/fb/MEPNTkย #ุงูุชุตุงุฏ,[],['http://goo.gl/fb/MEPNTk'],[],0,0,0,"['#ฺฉุณุฑุง', '#ฺฉุจุงูู', '#ุฎุนุชุจุงุฑ', '#ุจฺฉุงู', '#ุณุฎุฒุฑ', '#ุฎูุญูุฑ', '#ุงูุชุตุงุฏ']",[],https://twitter.com/bourseiness/status/721208346460692480,False,,0,,,,,,,"[{'user_id': '2463165061', 'username': 'bourseiness'}]",,,,,0.9912850856781006
9,9,9.0,9.0,9.0,740046789647159296,740046789647159296,1465275878000,2016-06-07,09:34:38,430,2463165061,bourseiness,ุจูุฑุณูุณ,,ุญุฑุงุฌ ูุฌุฏุฏ ููุงุฏูุงู ูุนุงููุงุชู #ุฎููุชูุฑุ#ุฏูุฑุ#ุฒูฺฏุณุงุ#ุณุฏุดุชุ#ุณุฏูุฑุ#ุดูุนุงุจุ#ุบฺููุ#ูุจุงููโฆ  http://goo.gl/fb/TJI22Zย #ุงูุชุตุงุฏ,[],['http://goo.gl/fb/TJI22Z'],[],0,0,0,"['#ุฎููุชูุฑ', '#ุฏูุฑ', '#ุฒูฺฏุณุง', '#ุณุฏุดุช', '#ุณุฏูุฑ', '#ุดูุนุงุจ', '#ุบฺูู', '#ูุจุงูู', '#ุงูุชุตุงุฏ']",[],https://twitter.com/bourseiness/status/740046789647159296,False,,0,,,,,,,"[{'user_id': '2463165061', 'username': 'bourseiness'}]",,,,,0.9912850856781006
10,10,10.0,10.0,10.0,740078133081169920,740078133081169920,1465283351000,2016-06-07,11:39:11,430,2463165061,bourseiness,ุจูุฑุณูุณ,,#ูุดุฑูุ #ูููุดุ #ูุดูุฏ ุตู ูุฑูุด #ุจุชุฑุงูุณ ุชููุง ููุงุฏ ูุซุจุช ฺฏุฑูู ูุฑูุฒูพูุด #ุจุฑู #ฺฉุจุงูู ุจุงโฆ  http://goo.gl/fb/ll6GK2ย #ุงูุชุตุงุฏ,[],['http://goo.gl/fb/ll6GK2'],[],0,0,0,"['#ูุดุฑู', '#ูููุด', '#ูุดูุฏ', '#ุจุชุฑุงูุณ', '#ุจุฑู', '#ฺฉุจุงูู', '#ุงูุชุตุงุฏ']",[],https://twitter.com/bourseiness/status/740078133081169920,False,,0,,,,,,,"[{'user_id': '2463165061', 'username': 'bourseiness'}]",,,,,0.9912850856781006
11,11,11.0,11.0,11.0,740401458525425664,740401458525425664,1465360438000,2016-06-08,09:03:58,430,2463165061,bourseiness,ุจูุฑุณูุณ,,โ #ุดุงุนุงุช ุงูุฑูุฒ ฺูุงุฑุดูุจู 19 ุฎุฑุฏุงุฏ #ูุจุงูู ูุนุงุฏู ุจุงูู ุจุฑ ุงุณุงุณ ุดูุฏู ูุง ุจุงโฆ  http://goo.gl/fb/uJBfUZย #ุงูุชุตุงุฏ,[],['http://goo.gl/fb/uJBfUZ'],[],0,0,0,"['#ุดุงุนุงุช', '#ูุจุงูู', '#ุงูุชุตุงุฏ']",[],https://twitter.com/bourseiness/status/740401458525425664,False,,0,,,,,,,"[{'user_id': '2463165061', 'username': 'bourseiness'}]",,,,,0.9912850856781006
12,12,12.0,12.0,12.0,749482218653945856,749482218653945856,1467525460000,2016-07-03,10:27:40,430,2463165061,bourseiness,ุจูุฑุณูุณ,,ุจุงุฒฺฏุดุงูู ููุงุฏูุงู ูุนุงููุงุชู #ูุงุฑูู1 ู #ุงุฑูุน1 #ฺฉููุฑ ู #ฺฉุจุงูู ููุงุฏูุง ุตู ุฎุฑุฏ ฺฏุฑููโฆ  http://goo.gl/fb/R0n9G1ย #ุงูุชุตุงุฏ,[],['http://goo.gl/fb/R0n9G1'],[],0,0,0,"['#ูุงุฑูู1', '#ุงุฑูุน1', '#ฺฉููุฑ', '#ฺฉุจุงูู', '#ุงูุชุตุงุฏ']",[],https://twitter.com/bourseiness/status/749482218653945856,False,,0,,,,,,,"[{'user_id': '2463165061', 'username': 'bourseiness'}]",,,,,0.9912850856781006
13,13,13.0,13.0,13.0,749877806868336640,749877806868336640,1467619775000,2016-07-04,12:39:35,430,2463165061,bourseiness,ุจูุฑุณูุณ,,#ฺฉุจุงูู ุขฺฏู ุฏุนูุช ุจู ูุฌูุน ุนููู ุนุงุฏ ุณุงูุงูู ุดุฑฺฉุช ูุนุงุฏู ุจุงูู ุจุฑุง ุณุงู ุฏูุฑูโฆ  http://goo.gl/fb/Uvhsomย #ุงูุชุตุงุฏ,[],['http://goo.gl/fb/Uvhsom'],[],0,0,0,"['#ฺฉุจุงูู', '#ุงูุชุตุงุฏ']",[],https://twitter.com/bourseiness/status/749877806868336640,False,,0,,,,,,,"[{'user_id': '2463165061', 'username': 'bourseiness'}]",,,,,0.9912850856781006
14,14,14.0,14.0,14.0,990860131037523968,990860131037523968,1525074439000,2018-04-30,12:17:19,430,986116312920453120,abandidgah,ุฏุฏฺฏุงู ุขุจุงู,,"ุฏุฑ ฺฏุฑูู ูุง ูุชุนุงุฏู ู ููู #ููุฒ ู #ูุนุฏูุ ููุงุฏูุง #ุฒูฺฏุงูุ #ูุณูพุงุ #ูููุฑุฏ ู #ูุฌุฑ ุจุง ุตู ูุฑูุดุ ููุงุฏูุง #ฺฉูพุฑูุฑุ #ูุจุงููุฑุ #ูุชูฺฉุงุ #ุฐูุจุ #ฺฉููฺฏูุฒ ู #ฺฉุจุงูู ุจุง ูุนุงููุงุช ููู ุชุฑ ุฏูุจุงู ู ุดููุฏ.
#ุจูุฑุณ",[],[],[],0,0,0,"['#ููุฒ', '#ูุนุฏู', '#ุฒูฺฏุงู', '#ูุณูพุง', '#ูููุฑุฏ', '#ูุฌุฑ', '#ฺฉูพุฑูุฑ', '#ูุจุงููุฑ', '#ูุชูฺฉุง', '#ุฐูุจ', '#ฺฉููฺฏูุฒ', '#ฺฉุจุงูู', '#ุจูุฑุณ']",[],https://twitter.com/abandidgah/status/990860131037523968,False,,0,,,,,,,"[{'user_id': '986116312920453120', 'username': 'abandidgah'}]",,,,,0.9912850856781006
15,15,15.0,15.0,15.0,1006418925268099073,1006418925268099073,1528783944000,2018-06-12,10:42:24,430,986116312920453120,abandidgah,ุฏุฏฺฏุงู ุขุจุงู,,"ููุงุฏ #ฺฉุจุงูู ุฏุฑ ฺฏุฑูู ูุชุนุงุฏู ุงุณุชุฎุฑุงุฌ ฺฉุงูู ูุง ููุฒุ ุจุง ุฌูุด ููุช ุจู ุตู ุฎุฑุฏ ุฑุณุฏ.
#ุจูุฑุณ",[],[],[],0,0,0,"['#ฺฉุจุงูู', '#ุจูุฑุณ']",[],https://twitter.com/abandidgah/status/1006418925268099073,False,,0,,,,,,,"[{'user_id': '986116312920453120', 'username': 'abandidgah'}]",,,,,0.9912850856781006
16,16,16.0,16.0,16.0,1008962627693731841,1008962627693731841,1529390410000,2018-06-19,11:10:10,430,986116312920453120,abandidgah,ุฏุฏฺฏุงู ุขุจุงู,,"ุฏุฑ ุงุฏุงูู ุจุงุฒุงุฑ ููุงุฏูุง #ฺฉุจุงููุ #ูุฎุงุณุ #ูููุงุฏ ู #ููููุงฺ ุจู ุฌูุน ุตู ุฎุฑุฏูุง ุจุงุฒุงุฑ ูพูุณุชูุฏ.
#ุจูุฑุณ",[],[],[],0,0,0,"['#ฺฉุจุงูู', '#ูุฎุงุณ', '#ูููุงุฏ', '#ููููุงฺ', '#ุจูุฑุณ']",[],https://twitter.com/abandidgah/status/1008962627693731841,False,,0,,,,,,,"[{'user_id': '986116312920453120', 'username': 'abandidgah'}]",,,,,0.9912850856781006
17,17,17.0,17.0,17.0,1010395395246022656,1010395395246022656,1529732009000,2018-06-23,10:03:29,430,986116312920453120,abandidgah,ุฏุฏฺฏุงู ุขุจุงู,,"ฺฏุฑูู ููุฒ ู ูุนุฏู ุงฺฉุซุฑุง ุดุฑูุน ููู ุฑุง ุชุฌุฑุจู ู ฺฉููุฏุ ุฏุฑ ุงู ุจู ูุนุงููุงุช ูุซุจุช  ุง ุตู ุฎุฑุฏ ููุงุฏูุง #ฺฉุดุฑูุ #ฺฉูพุฑูุฑุ #ุงุฑูุนุ #ูุณูพุงุ #ูุฏฺฉูุ #ูููุฑุฏุ #ฺฉฺุงุฏ ู #ฺฉุฏูุง ู ุชุดฺฉู ุตู ูุฑูุด ููุงุฏูุง #ฺฉุจุงููุ #ูุงุณููุ #ูุงุฑุงุ #ูุฒุฑู ู #ูุฑุขูุฑ ููุงุงู ุชุฑ ุงุฒ ุฏุงุฏูุณุชุฏูุง ุณุงุฑ ูู ฺฏุฑูู ูุง ู ุจุงุดูุฏ.
#ุจูุฑุณ",[],[],[],0,0,0,"['#ฺฉุดุฑู', '#ฺฉูพุฑูุฑ', '#ุงุฑูุน', '#ูุณูพุง', '#ูุฏฺฉู', '#ูููุฑุฏ', '#ฺฉฺุงุฏ', '#ฺฉุฏูุง', '#ฺฉุจุงูู', '#ูุงุณูู', '#ูุงุฑุง', '#ูุฒุฑู', '#ูุฑุขูุฑ', '#ุจูุฑุณ']",[],https://twitter.com/abandidgah/status/1010395395246022656,False,,0,,,,,,,"[{'user_id': '986116312920453120', 'username': 'abandidgah'}]",,,,,0.9912850856781006
18,18,18.0,18.0,18.0,1014399199549374464,1014399199549374464,1530686590000,2018-07-04,11:13:10,430,986116312920453120,abandidgah,ุฏุฏฺฏุงู ุขุจุงู,,"* ุชููู ููุงุฏ *
#ุดุฎุงุฑู #ูููู #ููุนุงุฏู #ูุฏุงุฑุงู #ุณุงุฑุงุจ #ูุจุงูู
ุฌูุช ุจุฑฺฏุฒุงุฑู ูุฌุงูุน ุนุงุฏู ุณุงููุงูู ุจู ููุธูุฑ ุชุตููุจ ุตูุฑุช ูุงู ูุงูู 
#ุจูุฑุณ",[],[],[],0,0,0,"['#ุดุฎุงุฑู', '#ูููู', '#ููุนุงุฏู', '#ูุฏุงุฑุงู', '#ุณุงุฑุงุจ', '#ูุจุงูู', '#ุจูุฑุณ']",[],https://twitter.com/abandidgah/status/1014399199549374464,False,,0,,,,,,,"[{'user_id': '986116312920453120', 'username': 'abandidgah'}]",,,,,0.9912850856781006
19,19,19.0,19.0,19.0,1014401302938308609,1014401302938308609,1530687091000,2018-07-04,11:21:31,430,986116312920453120,abandidgah,ุฏุฏฺฏุงู ุขุจุงู,,"ุจุง ุงูุฒุงุด ูุดุงุฑ ูุฑูุด ูุฑูุดูุฏฺฏุงู ุฏุฑ ฺฉู ุจุงุฒุงุฑ ุจุฎุตูุต ฺฏุฑูู ูุง ููุฒ ู ูุนุฏูุ ููุงุฏูุง #ูููุงุ #ฺฉููุฑุ #ูุฌุฑุ #ููุฑุงุฏุ #ฺฉุดุฑูุ #ูุงุฑุงุ #ฺฉููฺฏูุฒ ู #ฺฉุจุงูู ุจุง ุตู ูุฑูุด ููุงุฌู ุดุฏู ุงูุฏ.
#ุจูุฑุณ",[],[],[],0,0,0,"['#ูููุง', '#ฺฉููุฑ', '#ูุฌุฑ', '#ููุฑุงุฏ', '#ฺฉุดุฑู', '#ูุงุฑุง', '#ฺฉููฺฏูุฒ', '#ฺฉุจุงูู', '#ุจูุฑุณ']",[],https://twitter.com/abandidgah/status/1014401302938308609,False,,0,,,,,,,"[{'user_id': '986116312920453120', 'username': 'abandidgah'}]",,,,,0.9912850856781006
20,20,20.0,20.0,20.0,1026733623628652544,1026733623628652544,1533627346000,2018-08-07,12:05:46,430,986116312920453120,abandidgah,ุฏุฏฺฏุงู ุขุจุงู,,"ุฏุฑ ฺฏุฑูู ูุนุฏู ุจู ุฌุฑ ููุงุฏูุง #ฺฉุงูุง #ฺฉุจุงูู ู #ฺฉุฏูุงุ ูุนุงููุงุช ุจู ูุญุฏูุฏู ูุง ููู ูุงุฑุฏ ุดุฏู ู ููุงุฏ #ฺฉููุฑ ูุฒ ุจู ุตู ูุฑูุด ุฑุณุฏู ุงุณุช.
#ุจูุฑุณ",[],[],[],0,0,0,"['#ฺฉุงูุง', '#ฺฉุจุงูู', '#ฺฉุฏูุง', '#ฺฉููุฑ', '#ุจูุฑุณ']",[],https://twitter.com/abandidgah/status/1026733623628652544,False,,0,,,,,,,"[{'user_id': '986116312920453120', 'username': 'abandidgah'}]",,,,,0.9912850856781006
21,21,21.0,21.0,21.0,1027072671035482112,1027072671035482112,1533708181000,2018-08-08,10:33:01,430,986116312920453120,abandidgah,ุฏุฏฺฏุงู ุขุจุงู,,"ุฏุฑ ฺฏุฑูู ูุนุฏู ุจู ุฌุฑ ููุงุฏูุง #ฺฉุงูุง #ฺฉุจุงูู ู #ฺฉุฏูุงุ ููุณู ุจุง ุฌู ฺฉู ุจุงุฒุงุฑุ ูุนุงููุงุช ุฏุฑ ูุญุฏูุฏู ูุง ููู ูพฺฏุฑ ู ุดูุฏ.
#ุจูุฑุณ",[],[],[],0,0,0,"['#ฺฉุงูุง', '#ฺฉุจุงูู', '#ฺฉุฏูุง', '#ุจูุฑุณ']",[],https://twitter.com/abandidgah/status/1027072671035482112,False,,0,,,,,,,"[{'user_id': '986116312920453120', 'username': 'abandidgah'}]",,,,,0.9912850856781006
22,22,22.0,22.0,22.0,1033625179576926208,1033625179576926208,1535270421000,2018-08-26,12:30:21,430,986116312920453120,abandidgah,ุฏุฏฺฏุงู ุขุจุงู,,"ุฏุฑ ฺฏุฑูู ูุนุฏู ูุฒ ุชูุงู ููุงุฏูุง ุจู ูุญุฏูุฏู ูุซุจุช ูุงุฑุฏ ุดุฏู ุงูุฏ ู ูุนุงููุงุช #ููุนุงุฏูุ #ฺฉุฑูุ #ฺฉุจุงููุ #ฺฉุฏูุงุ #ฺฉููฺฏูุฒ ู #ฺฉุงูุง ุจุง ุตู ุฎุฑุฏ ููุฑุงู ู ุจุงุดุฏ. 
#ุจูุฑุณ",[],[],[],0,0,0,"['#ููุนุงุฏู', '#ฺฉุฑู', '#ฺฉุจุงูู', '#ฺฉุฏูุง', '#ฺฉููฺฏูุฒ', '#ฺฉุงูุง', '#ุจูุฑุณ']",[],https://twitter.com/abandidgah/status/1033625179576926208,False,,0,,,,,,,"[{'user_id': '986116312920453120', 'username': 'abandidgah'}]",,,,,0.9912850856781006
23,23,23.0,23.0,23.0,1035774007193137152,1035774007193137152,1535782741000,2018-09-01,10:49:01,430,986116312920453120,abandidgah,ุฏุฏฺฏุงู ุขุจุงู,,"ุฏุฑ ฺฏุฑูู ูุนุฏู ูุฒุจู ุฌุฒ ููุงุฏ #ฺฉุงูุง ู #ฺฉุจุงููุ ุจูู ููุงุฏูุง ุฏุฑ ูุญุฏูุฏู ููู ุฏุงุฏ ู ุณุชุฏ ู ุดููุฏ.
#ุจูุฑุณ",[],[],[],0,0,0,"['#ฺฉุงูุง', '#ฺฉุจุงูู', '#ุจูุฑุณ']",[],https://twitter.com/abandidgah/status/1035774007193137152,False,,0,,,,,,,"[{'user_id': '986116312920453120', 'username': 'abandidgah'}]",,,,,0.9912850856781006
24,24,24.0,24.0,24.0,1038687342775566338,1038687342775566338,1536477335000,2018-09-09,11:45:35,430,986116312920453120,abandidgah,ุฏุฏฺฏุงู ุขุจุงู,,"ูพุณ ุงุฒ ุงูุฒุงุด ุชูุงุถุง ุฏุฑ ฺฏุฑูู ูพุชุฑูุดู ู ุชุดฺฉู ุตู ุฎุฑุฏ ุฏุฑ ุจุฑุฎ ููุงุฏูุงุ ฺฏุฑูู ูุนุฏู ูุฒ ุจุง ุงูุฒุงุด ูุณุจ ุชูุงุถุง ุฑูุจุฑูุณุช ู ูุนุงููุงุช ุงฺฉุซุฑ ููุงุฏูุง ุจู ูุญุฏูุฏู ูุซุจุช ูุงุฑุฏ ุดุฏู ุงุณุช. #ฺฉุจุงูู ู #ฺฉุฏูุง ููุงุฏูุง ููุฑุงู ุจุง ุตู ุฎุฑุฏ ฺฏุฑูู ู ุจุงุดูุฏ.
#ุจูุฑุณ",[],[],[],0,0,0,"['#ฺฉุจุงูู', '#ฺฉุฏูุง', '#ุจูุฑุณ']",[],https://twitter.com/abandidgah/status/1038687342775566338,False,,0,,,,,,,"[{'user_id': '986116312920453120', 'username': 'abandidgah'}]",,,,,0.9912850856781006
25,25,25.0,25.0,25.0,1041916894075179008,1041916894075179008,1537247320000,2018-09-18,09:38:40,430,986116312920453120,abandidgah,ุฏุฏฺฏุงู ุขุจุงู,,"ุฏุฑ ฺฏุฑูู ูุนุฏู ูุฒ ุจู ุฌุฒ #ฺฉุจุงูู ฺฉู ุฑุดุฏ ููุช ุงูุฏฺฉ ุฑุง ุชุฌุฑุจู ู ููุงุฏุ ุจูู ููุงุฏูุง ุจุง ูุดุงุฑ ูุฑูุด ู ุงูุช ููุช ููุงุฌููุฏ. 
#ุจูุฑุณ",[],[],[],0,0,0,"['#ฺฉุจุงูู', '#ุจูุฑุณ']",[],https://twitter.com/abandidgah/status/1041916894075179008,False,,0,,,,,,,"[{'user_id': '986116312920453120', 'username': 'abandidgah'}]",,,,,0.9912850856781006
26,26,26.0,26.0,26.0,1051351591775821824,1051351591775821824,1539496727000,2018-10-14,09:28:47,430,1042865814540636164,eghtesadfarsi,ุงูุชุตุงุฏ ูุงุฑุณ,,"New post in ุฏูุงุฑ ุจูุฑุณ: ุชููู ูุง ู ุจุงุฒฺฏุดุง ูุง 

ููุงุฏูุง #ุดฺฉูุฑ #ุฒูฺฏุณุง #ุซููุณุง ุจู ุนูุช ุชุบุฑุงุช ุจุด ุงุฒ 20 ุฏุฑุตุฏ ุฏุฑ ุจูุฑุณ ู #ูุฌุงู ุจู ุฏูู ููุณุงู ุจุด ุงุฒ 40 ุฏุฑุตุฏ ุฏุฑ ูุฑุงุจูุฑุณ ูุชููู ุดุฏูุฏ.
 #ุดูพุงฺฉุณุง #ุดฺฏู #ูุฑูุงู #ุณูพ #ุฑุชฺฉู #ฺฉุจุงูู ูุฒ ุฏุฑ ุจุงุฒุงุฑ ุจูุฑุณ ุจุงุฒฺฏุดุง ุดุฏูุฏ. 
@Divarโฆ https://ift.tt/2Py7VmTย",['divar'],['https://ift.tt/2Py7VmT'],[],0,0,0,"['#ุดฺฉูุฑ', '#ุฒูฺฏุณุง', '#ุซููุณุง', '#ูุฌุงู', '#ุดูพุงฺฉุณุง', '#ุดฺฏู', '#ูุฑูุงู', '#ุณูพ', '#ุฑุชฺฉู', '#ฺฉุจุงูู']",[],https://twitter.com/EGHTESADfarsi/status/1051351591775821824,False,,0,,,,,,,"[{'user_id': '1042865814540636164', 'username': 'EGHTESADfarsi'}, {'user_id': '17732691', 'username': 'divar'}]",,,,,0.9912850856781006
27,27,27.0,27.0,27.0,1052449376168226816,1052449376168226816,1539758459000,2018-10-17,10:10:59,430,986116312920453120,abandidgah,ุฏุฏฺฏุงู ุขุจุงู,,"ุฏุฑ ูุนุฏู ูุง ูุฒ ฺฉู ุดุฑูุน ููู ุฏุงุดุชูุฏ #ฺฉฺุงุฏ ุจู ูุญุฏุฏู ูุซุจุช ูุงุฑุฏ ุดุฏู ู #ฺฉฺฏู ู #ฺฉููุฑ ูุฒ ุจุง ุงูุฒุงุด ุชูุงุถุง ููุงุฌููุฏ. ุฏุฑ ุงู ฺฏุฑูู #ฺฉุฑูุ #ฺฉุงูุง ู #ฺฉุจุงูู ุตู ูุฑูุด ุฏุงุฑูุฏ.
#ุจูุฑุณ",[],[],[],0,0,0,"['#ฺฉฺุงุฏ', '#ฺฉฺฏู', '#ฺฉููุฑ', '#ฺฉุฑู', '#ฺฉุงูุง', '#ฺฉุจุงูู', '#ุจูุฑุณ']",[],https://twitter.com/abandidgah/status/1052449376168226816,False,,0,,,,,,,"[{'user_id': '986116312920453120', 'username': 'abandidgah'}]",,,,,0.9912850856781006
28,28,28.0,28.0,28.0,1053881880028815364,1053881880028815364,1540099995000,2018-10-21,09:03:15,430,971264702612430850,boursenews_ir,ุจูุฑุณ ููุฒ,,"ุจุฑู ููุฑ ุงุฑุฒ ุฏุฑ ูฺฏุงู ยซ#ฺฉุจุงููยป / ูุนุฏููุง ุฑุชุจูุจูุฏ ุดุฏูุฏ 
 http://www.boursenews.ir/fa/news/181846/ย pic.twitter.com/4KWZgrivmd",[],['http://www.boursenews.ir/fa/news/181846/'],['https://pbs.twimg.com/media/DqAj-jRW4AAPZEB.jpg'],0,0,0,['#ฺฉุจุงูู'],[],https://twitter.com/boursenews_ir/status/1053881880028815364,False,,0,,,,,,,"[{'user_id': '971264702612430850', 'username': 'boursenews_ir'}]",,,,,0.9912850856781006
29,29,29.0,29.0,29.0,1054288149122174976,1054288149122174976,1540196857000,2018-10-22,11:57:37,430,986116312920453120,abandidgah,ุฏุฏฺฏุงู ุขุจุงู,,"ุฏุฑ ูุนุฏู ูุง #ฺฉููฺฏูุฒุ #ฺฉุฑู ูุซุจุชูุฏ ู#ฺฉฺฏูุ #ฺฉฺุงุฏุ #ููุนุงุฏูุ #ฺฉุจุงููุ #ฺฉุงูุงุ #ฺฉุฏูุง ุจุง ูุดุงุฑ ุนุฑุถู ููุงุฌููุฏ.
#ุจูุฑุณ",[],[],[],0,0,0,"['#ฺฉููฺฏูุฒ', '#ฺฉุฑู', '#ฺฉฺุงุฏ', '#ููุนุงุฏู', '#ฺฉุจุงูู', '#ฺฉุงูุง', '#ฺฉุฏูุง', '#ุจูุฑุณ']",[],https://twitter.com/abandidgah/status/1054288149122174976,False,,0,,,,,,,"[{'user_id': '986116312920453120', 'username': 'abandidgah'}]",,,,,0.9912850856781006
30,30,30.0,30.0,30.0,1054613842695610368,1054613842695610368,1540274508000,2018-10-23,09:31:48,430,986116312920453120,abandidgah,ุฏุฏฺฏุงู ุขุจุงู,,"ุฏุฑ ูุนุฏู ูุง ูุฒ ุงูุช ููุช ุฏุฑ ุชูุงู ููุงุฏูุง ุฑุง ุดุงูุฏู. #ฺฉุจุงูู ู #ฺฉุฏูุง ุจุง ุตู ูุฑูุด ููุฑุงููุฏ ู ุจูู ููุงุฏูุง ูุฒ ูุชุนุงุฏู ู ููู ูุณุชูุฏ.
#ุจูุฑุณ",[],[],[],0,0,0,"['#ฺฉุจุงูู', '#ฺฉุฏูุง', '#ุจูุฑุณ']",[],https://twitter.com/abandidgah/status/1054613842695610368,False,,0,,,,,,,"[{'user_id': '986116312920453120', 'username': 'abandidgah'}]",,,,,0.9912850856781006
31,31,31.0,31.0,31.0,1056452762664284160,1056452762664284160,1540712941000,2018-10-28,11:19:01,430,986116312920453120,abandidgah,ุฏุฏฺฏุงู ุขุจุงู,,"ุฏุฑ ูุนุฏู ูุง ุงูุฑูุฒ ูุฒ ูุนุงููุงุช ูุซุจุช ุฏุฑ ุฌุฑุงู ุงุณุชุ #ฺฉฺฏูุ #ฺฉฺุงุฏุ #ฺฉููุฑุ #ฺฉุจุงูู ู #ููุนุงุฏู ุจุง ุฑุดุฏ ุฏุฑ ูุญุฏูุฏู ูุง ูุซุจุช  ุฏุงุฏ ู ุณุชุฏ ู ุดููุฏ. #ฺฉููฺฏูุฒุ #ฺฉุฑู ูุชุนุงุฏู ู ููู ุงูุฏ. #ฺฉุงูุง ุตู ุฎุฑุฏ ู #ฺฉุฏูุง ุตู ูุฑูุด ุฏุงุฑุฏ.
#ุจูุฑุณ",[],[],[],0,0,0,"['#ฺฉฺฏู', '#ฺฉฺุงุฏ', '#ฺฉููุฑ', '#ฺฉุจุงูู', '#ููุนุงุฏู', '#ฺฉููฺฏูุฒ', '#ฺฉุฑู', '#ฺฉุงูุง', '#ฺฉุฏูุง', '#ุจูุฑุณ']",[],https://twitter.com/abandidgah/status/1056452762664284160,False,,0,,,,,,,"[{'user_id': '986116312920453120', 'username': 'abandidgah'}]",,,,,0.9912850856781006
32,32,32.0,32.0,32.0,1056856041848274944,1056856041848274944,1540809090000,2018-10-29,14:01:30,430,986116312920453120,abandidgah,ุฏุฏฺฏุงู ุขุจุงู,,"ุฏุฑ ูุนุฏู ูุง ุงูุฑูุฒ ูุฒ ูุนุงููุงุช ูุซุจุช ุฏุฑ ุฌุฑุงู ุงุณุชุ #ฺฉฺฏูุ #ฺฉฺุงุฏุ #ฺฉููุฑุ #ฺฉุจุงููุ #ููุนุงุฏูุ #ฺฉููฺฏูุฒ ู #ฺฉุฑู ุจุง ุฑุดุฏ ุฏุฑ ูุญุฏูุฏู ูุง ูุซุจุช  ุฏุงุฏ ู ุณุชุฏ ู ุดููุฏ. #ฺฉุจุงูู ู #ฺฉุฏูุง ุจุง ุตู ุฎุฑุฏ ููุงุฌููุฏ ู#ฺฉุฏูุง ูุชุนุงุฏู ู ููู ุงุณุช.
#ุจูุฑุณ",[],[],[],0,0,0,"['#ฺฉฺฏู', '#ฺฉฺุงุฏ', '#ฺฉููุฑ', '#ฺฉุจุงูู', '#ููุนุงุฏู', '#ฺฉููฺฏูุฒ', '#ฺฉุฑู', '#ฺฉุจุงูู', '#ฺฉุฏูุง', '#ุจูุฑุณ']",[],https://twitter.com/abandidgah/status/1056856041848274944,False,,0,,,,,,,"[{'user_id': '986116312920453120', 'username': 'abandidgah'}]",,,,,0.9912850856781006
33,33,33.0,33.0,33.0,1058611179407331328,1058611179407331328,1541227547000,2018-11-03,10:15:47,430,986116312920453120,abandidgah,ุฏุฏฺฏุงู ุขุจุงู,,"ุฏุฑ ูุนุฏู ูุง #ฺฉุฑูุ #ฺฉููุฑุ #ููุนุงุฏูุ #ฺฉุจุงูู ู #ฺฉุงูุง ููุฑุฏ ุชูุฌููุฏ ู #ฺฉฺุงุฏ ู #ฺฉฺฏู ฺฉู ุญุฌู ู ูุชุนุงุฏููุฏ. ุฑุดุฏ ููุช ููุฒุงุช ุงุณุงุณ ุฏุฑ ุจุงุฒุงุฑูุง ุฌูุงู ุงุฒ ุนูุฏู ุฏูุงู ุงูุจุงู ุจู ููุงุฏ #ฺฉุฑู ู ุจุงุดุฏ.
#ุจูุฑุณ",[],[],[],0,0,0,"['#ฺฉุฑู', '#ฺฉููุฑ', '#ููุนุงุฏู', '#ฺฉุจุงูู', '#ฺฉุงูุง', '#ฺฉฺุงุฏ', '#ฺฉฺฏู', '#ฺฉุฑู', '#ุจูุฑุณ']",[],https://twitter.com/abandidgah/status/1058611179407331328,False,,0,,,,,,,"[{'user_id': '986116312920453120', 'username': 'abandidgah'}]",,,,,0.9912850856781006
34,34,34.0,34.0,34.0,1059348119823863808,1059348119823863808,1541403248000,2018-11-05,11:04:08,430,986116312920453120,abandidgah,ุฏุฏฺฏุงู ุขุจุงู,,"ุฏุฑ ูุนุฏู ูุง #ฺฉุจุงููุ #ฺฉููฺฏูุฒ ู #ฺฉุฏูุง ููุฑุฏ ุชูุฌููุฏ. #ููุนุงุฏู ู #ฺฉุฑู ู ุจุง ุงูุช ููุช ููุงุฌููุฏ ู ุจูู ููุงุฏูุง ูุฒ ูุชุนุงุฏู ู ูุซุจุชูุฏ.
#ุจูุฑุณ",[],[],[],0,0,0,"['#ฺฉุจุงูู', '#ฺฉููฺฏูุฒ', '#ฺฉุฏูุง', '#ููุนุงุฏู', '#ฺฉุฑู', '#ุจูุฑุณ']",[],https://twitter.com/abandidgah/status/1059348119823863808,False,,0,,,,,,,"[{'user_id': '986116312920453120', 'username': 'abandidgah'}]",,,,,0.9912850856781006
35,35,35.0,35.0,35.0,1059695847871397889,1059695847871397889,1541486152000,2018-11-06,10:05:52,430,986116312920453120,abandidgah,ุฏุฏฺฏุงู ุขุจุงู,,"ุฏุฑ ูุนุฏู ูุง #ฺฉฺุงุฏ ุจุง ุงูุช ูุณุจ ููุฑุงู ุงุณุช. #ฺฉฺฏู ุงูุฑูุฒ ูุฒ ุจู ุฑุดุฏ ููุงู ุฎูุฏ ุงุฏุงูู ุฏุงุฏู ู ุจู ุณุทุญ 8400 ุฑุงู ุฑุณุฏู ุงุณุช. #ฺฉููุฑ ุจู 6300 ุฑุงู ูุฒุฏฺฉ ุดุฏู ู #ฺฉุจุงููุ #ฺฉุงูุงุ #ฺฉููฺฏูุฒ ู #ฺฉุฏูุง ูพุฑุชูุงุถุง ุฏุงุฏ ู ุณุชุฏ ู ุดููุฏ.
#ุจูุฑุณ",[],[],[],0,0,0,"['#ฺฉฺุงุฏ', '#ฺฉฺฏู', '#ฺฉููุฑ', '#ฺฉุจุงูู', '#ฺฉุงูุง', '#ฺฉููฺฏูุฒ', '#ฺฉุฏูุง', '#ุจูุฑุณ']",[],https://twitter.com/abandidgah/status/1059695847871397889,False,,0,,,,,,,"[{'user_id': '986116312920453120', 'username': 'abandidgah'}]",,,,,0.9912850856781006
36,36,36.0,36.0,36.0,1063714702730104832,1063714702730104832,1542444322000,2018-11-17,12:15:22,430,971264702612430850,boursenews_ir,ุจูุฑุณ ููุฒ,,ุดูุงู ุณุงุฒ #ฺฉุจุงูู ุฏุฑ ุฎุตูุต ด ูุฒุงุฑ ุชู ุดูุด ุขููููู ุงุญุชฺฉุงุฑ ุดุฏู !  pic.twitter.com/wPIRlr8AMI,[],[],['https://pbs.twimg.com/media/DsMS2-7VAAAQna5.jpg'],0,0,0,['#ฺฉุจุงูู'],[],https://twitter.com/boursenews_ir/status/1063714702730104832,False,,0,,,,,,,"[{'user_id': '971264702612430850', 'username': 'boursenews_ir'}]",,,,,0.9912850856781006
37,37,37.0,37.0,37.0,1063709628402294784,1063709628402294784,1542443112000,2018-11-17,11:55:12,430,986116312920453120,abandidgah,ุฏุฏฺฏุงู ุขุจุงู,,"#ฺฉุจุงูู
ุจุฑุฑุณ #ุงุทูุงุนู 97/08/26
*ูุนุงุฏู ุจุงูู*    
ุงูุดุง ุงุทูุงุนุงุช ุจุงุงููุช - (ุณุงุฑ ุงุทูุงุนุงุช ุจุงุงููุช - - ฺฏุฑูู ุจ) ููุชู ุจู ุณุงู ูุงู ฑณนท/ฑฒ/ฒน
#ุจูุฑุณ pic.twitter.com/XSOMzfhuIH",[],[],['https://pbs.twimg.com/media/DsMOQEbUwAAEVFr.jpg'],0,0,0,"['#ฺฉุจุงูู', '#ุงุทูุงุนู', '#ุจูุฑุณ']",[],https://twitter.com/abandidgah/status/1063709628402294784,False,,0,,,,,,,"[{'user_id': '986116312920453120', 'username': 'abandidgah'}]",,,,,0.9912850856781006
38,38,38.0,38.0,38.0,1120206846789242881,1120206846789242881,1555913099000,2019-04-22,10:34:59,430,986116312920453120,abandidgah,ุฏุฏฺฏุงู ุขุจุงู,,"ุฏุฑ ูุนุฏู ูุง ูุดุงุฑ ุนุฑุถู ูุดููุฏ ุงุณุช ุจู ุฌุฒ ุฏู ููุงุฏ #ฺฉุฏูุง ฺฉู ุตู ุฎุฑุฏ ุฏุงุฑุฏ  ู #ฺฉุจุงูู ฺฉู ุจุง ุฑุดุฏ ุจุด ุงุฒ ุฏู ุฏุฑุตุฏ ููุงุฌู ุงุณุชุ  ุจูู ููุงุฏูุง ุจุง ุงูุช ููุช ููุฑุงููุฏ.
#ุจูุฑุณ",[],[],[],0,0,0,"['#ฺฉุฏูุง', '#ฺฉุจุงูู', '#ุจูุฑุณ']",[],https://twitter.com/abandidgah/status/1120206846789242881,False,,0,,,,,,,"[{'user_id': '986116312920453120', 'username': 'abandidgah'}]",,,,,0.9912850856781006
39,39,39.0,39.0,39.0,1122453629137375234,1122453629137375234,1556448774000,2019-04-28,15:22:54,430,986116312920453120,abandidgah,ุฏุฏฺฏุงู ุขุจุงู,,"ุฏุฑ ูุนุฏู ูุง ูุฒ ููุณู ุจุง ฺฉูุช ฺฏุฑูู ูุง ุจุฒุฑฺฏ ุจุงุฒุงุฑุ ูุนุงููุงุช ูุซุจุช ุฏุฑ ุฌุฑุงู ุงุณุช. #ฺฉููุฑ ู #ฺฉุจุงูู ุฏุฑ ุณูู ูุฌุงุฒ ุฏุงุฏ ู ุณุชุฏ ู ุดููุฏ ู #ฺฉฺุงุฏุ #ฺฉฺฏูุ #ููุนุงุฏู ุงุฒ ููุงุฏูุง ููุฑุงู ุจุง ุฑุดุฏ ููุช ูุณุชูุฏ.
#ุจูุฑุณ",[],[],[],0,0,1,"['#ฺฉููุฑ', '#ฺฉุจุงูู', '#ฺฉฺุงุฏ', '#ฺฉฺฏู', '#ููุนุงุฏู', '#ุจูุฑุณ']",[],https://twitter.com/abandidgah/status/1122453629137375234,False,,0,,,,,,,"[{'user_id': '986116312920453120', 'username': 'abandidgah'}]",,,,,0.9912850856781006
40,40,40.0,40.0,40.0,1123107936446738433,1123107936446738433,1556604773000,2019-04-30,10:42:53,430,986116312920453120,abandidgah,ุฏุฏฺฏุงู ุขุจุงู,,"ุฏุฑ ูุนุฏู ูุง ูุฒ ููุณู ุจุง ฺฉูุช ฺฏุฑูู ูุง ุจุฒุฑฺฏ ุจุงุฒุงุฑุ ูุนุงููุงุช ูุซุจุช ุฏุฑ ุฌุฑุงู ุงุณุช. #ุชุงุตฺฉู ุชุงุฒู ูุงุฑุฏ ุตู ุฎุฑุฏ ุณูฺฏู ุฏุงุฑุฏ ู #ฺฉููฺฏูุฒุ #ฺฉฺฏูุฑ #ฺฉุฏูุง ู #ฺฉุจุงูู ุฑุดุฏ ุจุด ุงุฒ 4 ุฏุฑุตุฏ ุฑุง ุชุฌุฑุจู ู ฺฉููุฏ  ู #ฺฉฺุงุฏุ #ฺฉฺฏูุ #ููุนุงุฏู ูุฒ ูุซุจุช ู ูุชุนุงุฏููุฏ.
#ุจูุฑุณ",[],[],[],0,0,0,"['#ุชุงุตฺฉู', '#ฺฉููฺฏูุฒ', '#ฺฉฺฏูุฑ', '#ฺฉุฏูุง', '#ฺฉุจุงูู', '#ฺฉฺุงุฏ', '#ฺฉฺฏู', '#ููุนุงุฏู', '#ุจูุฑุณ']",[],https://twitter.com/abandidgah/status/1123107936446738433,False,,0,,,,,,,"[{'user_id': '986116312920453120', 'username': 'abandidgah'}]",,,,,0.9912850856781006
41,41,41.0,41.0,41.0,1123468366004592640,1123468366004592640,1556690706000,2019-05-01,10:35:06,430,986116312920453120,abandidgah,ุฏุฏฺฏุงู ุขุจุงู,,"ุฏุฑ ูุนุฏู ูุง ูุนุงููุงุช ุฏุฑ ุงฺฉุซุฑ ููุงุฏูุง ูููุณุช. #ุชุงุตฺฉู ุงูุฑูุฒ ูุฒ ุจุง ุตู ุฎุฑุฏ ูุงุจู ุชูุฌู ุฑูุจุฑูุณุช. #ฺฉุฑู ฺฉู ุงุฒ ุฑุดุฏ ฺฏุฑูู ุชุง ุญุฏูุฏ ุนูุจ ูุงูุฏู ุงูุฑูุฒ ุฑุดุฏ ุจุด ุงุฒ ุณู ุฏุฑุตุฏ ุฏุงุฑุฏ. #ฺฉุจุงูู ู #ฺฉุงูุง ุงุฒ ุฏฺฏุฑ ููุงุฏูุง ููุฑุฏ ุชูุฌู ุจุงุฒุงุฑูุฏ.
#ุจูุฑุณ",[],[],[],0,0,0,"['#ุชุงุตฺฉู', '#ฺฉุฑู', '#ฺฉุจุงูู', '#ฺฉุงูุง', '#ุจูุฑุณ']",[],https://twitter.com/abandidgah/status/1123468366004592640,False,,0,,,,,,,"[{'user_id': '986116312920453120', 'username': 'abandidgah'}]",,,,,0.9912850856781006
42,42,42.0,42.0,42.0,1126013943686635520,1126013943686635520,1557297619000,2019-05-08,11:10:19,430,986116312920453120,abandidgah,ุฏุฏฺฏุงู ุขุจุงู,,"ุฏุฑ ูุนุฏู ูุง ููุงุฏ #ุชุงุฒู ูุงุฑุฏ #ุชุงุตฺฉู ฺฉู ุงูุฑูุฒ ุชูุงูุณุชู ุฏุฑ ุฑููุฏ ุงุตู ุจุงุฒุงุฑ ุฏุงุฏ ู ุณุชุฏ ุดูุฏุ ูุฌุฏุฏุง ุจู ุขุณุชุงูู ุตู ุฎุฑุฏ ุฑุณุฏ ู ุนูุจ ูุดู ุฏุงุดุช ู #ฺฉฺุงุฏุ #ฺฉฺฏูุ #ููุนุงุฏูุ #ฺฉููุฑุ #ฺฉุงูุงุ #ฺฉุจุงูู ุฑุดุฏ ุจุด ุงุฒ ุฏู ุฏุฑุตุฏ ุฏุงุฑูุฏ  #ฺฉุฑู ููุณุงูุงุช ููู ุฑุง ุชุฌุฑุจู ู ููุงุฏ.
#ุจูุฑุณ",[],[],[],0,0,0,"['#ุชุงุฒู', '#ุชุงุตฺฉู', '#ฺฉฺุงุฏ', '#ฺฉฺฏู', '#ููุนุงุฏู', '#ฺฉููุฑ', '#ฺฉุงูุง', '#ฺฉุจุงูู', '#ฺฉุฑู', '#ุจูุฑุณ']",[],https://twitter.com/abandidgah/status/1126013943686635520,False,,0,,,,,,,"[{'user_id': '986116312920453120', 'username': 'abandidgah'}]",,,,,0.9912850856781006
43,43,43.0,43.0,43.0,1130783249028902913,1130783249028902913,1558434710000,2019-05-21,15:01:50,430,986116312920453120,abandidgah,ุฏุฏฺฏุงู ุขุจุงู,,"#ฺฉุจุงูู
ุจุฑุฑุณ #ุงุทูุงุนู 98/02/31
*ูุนุงุฏู ุจุงูู*
ุท ฺฏุฒุงุฑุด ุงุตูุงุญู 12 ูุงูู ููุชู ุจู 97/12/29 (ุญุณุงุจุฑุณ ูุดุฏู) ูุจูุบ 378 ุฑุงู ุณูุฏ ุจู ุงุฒุง ูุฑ ุณูู ูุญูู ฺฏุฑุฏุฏ.
ุฏุฑ ฺฏุฒุงุฑุด ูุจู ุดุฑฺฉุช ุจู ุงุฒุง ูุฑุณูู ูุจูุบ 0 ุฑุงู ุณูุฏ ุงุนูุงู ุดุฏู ุจูุฏ
#ุจูุฑุณ",[],[],[],0,0,0,"['#ฺฉุจุงูู', '#ุงุทูุงุนู', '#ุจูุฑุณ']",[],https://twitter.com/abandidgah/status/1130783249028902913,False,,0,,,,,,,"[{'user_id': '986116312920453120', 'username': 'abandidgah'}]",,,,,0.9912850856781006
44,44,44.0,44.0,44.0,1131083957708001280,1131083957708001280,1558506404000,2019-05-22,10:56:44,430,986116312920453120,abandidgah,ุฏุฏฺฏุงู ุขุจุงู,,"ุฏุฑ ฺฏุฑูู ูุนุฏู ูุนุงููุงุช ููุณุงู ู ฺฉู ูุฌุงู ุฏุฑ ุฌุฑุงู ุงุณุช ู ููุงุฏูุง #ฺฉููฺฏูุฒุ #ฺฉุงูุงุ #ฺฉุจุงูู ููุฑุฏ ุชูุฌููุฏ.
#ุจูุฑุณ",[],[],[],0,0,0,"['#ฺฉููฺฏูุฒ', '#ฺฉุงูุง', '#ฺฉุจุงูู', '#ุจูุฑุณ']",[],https://twitter.com/abandidgah/status/1131083957708001280,False,,0,,,,,,,"[{'user_id': '986116312920453120', 'username': 'abandidgah'}]",,,,,0.9912850856781006
45,45,45.0,45.0,45.0,1133241647473422336,1133241647473422336,1559020838000,2019-05-28,09:50:38,430,986116312920453120,abandidgah,ุฏุฏฺฏุงู ุขุจุงู,,"ุฏุฑ ฺฏุฑูู ูุนุฏู #ฺฉููฺฏูุฒุ #ฺฉุจุงูู ู #ฺฉุฑู ุฏุฑ ุณูู ูุฌุงุฒ ุฏุงุฏ ู ุณุชุฏ ูุดููุฏ. ูุนุงููุงุช #ฺฉฺฏู ุจุง ุฑุดุฏ ุจุด ุงุฒ ุณู ุฏุฑุตุฏ ุฏูุจุงู ูุดูุฏ. #ฺฉููุฑ ุฏุฑ ูุญุฏูุฏู 5780 ุฑุงู ุชูุงุถุง ุฏุงุฑุฏ ู #ููุนุงุฏู ู#ุชุงุตฺฉู ุฏุฑ ุญุฏูุฏู ุจุงูุงุชุฑ ุงุฒ 4000 ู 2500 ุฑุงู ุฏุงุฏู ุณุชุฏ ู ุดููุฏ.
#ุจูุฑุณ",[],[],[],0,0,0,"['#ฺฉููฺฏูุฒ', '#ฺฉุจุงูู', '#ฺฉุฑู', '#ฺฉฺฏู', '#ฺฉููุฑ', '#ููุนุงุฏู', '#ุจูุฑุณ']",[],https://twitter.com/abandidgah/status/1133241647473422336,False,,0,,,,,,,"[{'user_id': '986116312920453120', 'username': 'abandidgah'}]",,,,,0.9912850856781006
46,46,46.0,46.0,46.0,1140136831855419392,1140136831855419392,1560664778000,2019-06-16,10:29:38,430,986116312920453120,abandidgah,ุฏุฏฺฏุงู ุขุจุงู,,"ุฏุฑ ูุนุฏู ูุง #ฺฉุฏูุง ู #ููุนุงุฏู ุฏุฑ ุณูู ููุช ุชูุงุถุง ุฏุงุฑูุฏ ู #ฺฉฺฏูุ #ุชุงุตฺฉูุ #ฺฉุฑู ู #ฺฉุจุงูู ุจุง ูุฒ ุฑุดุฏ ุจุด ุงุฒ ฺฉ ุฏุฑุตุฏ ุฏุงุฑูุฏ. 
#ุงุฎุจุงุฑ",[],[],[],0,0,0,"['#ฺฉุฏูุง', '#ููุนุงุฏู', '#ฺฉฺฏู', '#ุชุงุตฺฉู', '#ฺฉุฑู', '#ฺฉุจุงูู', '#ุงุฎุจุงุฑ']",[],https://twitter.com/abandidgah/status/1140136831855419392,False,,0,,,,,,,"[{'user_id': '986116312920453120', 'username': 'abandidgah'}]",,,,,0.9912850856781006
47,47,47.0,47.0,47.0,1141233840012140549,1141233840012140549,1560926325000,2019-06-19,11:08:45,430,986116312920453120,abandidgah,ุฏุฏฺฏุงู ุขุจุงู,,"ุฏุฑ ูุนุฏู ูุง #ฺฉุจุงููุ #ฺฉููฺฏูุฒ ู #ฺฉุฑู ููุณุงู ูุซุจุช ุฏุงุฑูุฏ ู ุจูู ููุงุฏูุง ููุณู ุจุง ุจุงุฒุงุฑ ุจุง ุงุตูุงุญ ุฑูุจุฑู ูุณุชูุฏ.
#ุจูุฑุณ",[],[],[],0,0,0,"['#ฺฉุจุงูู', '#ฺฉููฺฏูุฒ', '#ฺฉุฑู', '#ุจูุฑุณ']",[],https://twitter.com/abandidgah/status/1141233840012140549,False,,0,,,,,,,"[{'user_id': '986116312920453120', 'username': 'abandidgah'}]",,,,,0.9912850856781006
48,48,48.0,48.0,48.0,1149922547527405568,1149922547527405568,1562997874000,2019-07-13,10:34:34,430,986116312920453120,abandidgah,ุฏุฏฺฏุงู ุขุจุงู,,"ุฏุฑ ฺฏุฑูู ูุนุฏู #ฺฉฺุงุฏ ุงูุฑูุฒ ูุฒ ุจุง ุฑุดุฏ ููุช ููุฑุงู ุงุณุช ู ุฏุฑ ูุฒุฏฺฉ ุณุทุญ 5000 ุฑุงู ุฏุงุฏ ู ุณุชุฏ ู ุดูุฏ. #ฺฉููุฑุ #ฺฉุจุงููุ ุงุฒ ุฏฺฏุฑ ููุงุฏูุง ููุฑุงู ุจุง ุฑุดุฏ ููุช ูุณุชูุฏ ู ุจูู ููุงุฏูุง ฺฏุฑูู ูุชุนุงุฏู ู ฺฉู ููุณุงููุฏ.
#ุจูุฑุณ",[],[],[],0,0,0,"['#ฺฉฺุงุฏ', '#ฺฉููุฑ', '#ฺฉุจุงูู', '#ุจูุฑุณ']",[],https://twitter.com/abandidgah/status/1149922547527405568,False,,0,,,,,,,"[{'user_id': '986116312920453120', 'username': 'abandidgah'}]",,,,,0.9912850856781006
49,49,49.0,49.0,49.0,1150264200318656513,1150264200318656513,1563079330000,2019-07-14,09:12:10,430,971264702612430850,boursenews_ir,ุจูุฑุณ ููุฒ,,"#ฺฉฺุงุฏุ #ฺฉฺฏูุ #ฺฉฺฏูุฑุ #ููุนุงุฏู ู #ฺฉุจุงูู ูุนุงููุงุช ุฎูุฏ ุฑุง ุณุจุฒ ูพูุด ุขุบุงุฒ ฺฉุฑุฏูุฏ 

#ูุจุถ_ุจุงุฒุงุฑ",[],[],[],0,0,2,"['#ฺฉฺุงุฏ', '#ฺฉฺฏู', '#ฺฉฺฏูุฑ', '#ููุนุงุฏู', '#ฺฉุจุงูู', '#ูุจุถ_ุจุงุฒุงุฑ']",[],https://twitter.com/boursenews_ir/status/1150264200318656513,False,,0,,,,,,,"[{'user_id': '971264702612430850', 'username': 'boursenews_ir'}]",,,,,0.9912850856781006
50,50,50.0,50.0,50.0,1150273014858018817,1150273014858018817,1563081432000,2019-07-14,09:47:12,430,986116312920453120,abandidgah,ุฏุฏฺฏุงู ุขุจุงู,,"ุฏุฑ ฺฏุฑูู ูุนุฏู ูุนุงููุงุช ูุซุจุช ุงุณุช ู ุฑุดุฏ ุฏุณุชู ุฌูุน ููุงุฏูุง ุฑุง ุดุงูุฏู. #ุชุงุตฺฉูุ #ฺฉฺุงุฏุ #ููุนุงุฏูุ #ฺฉฺฏูุฑุ #ฺฉุจุงูู ู #ฺฉููุฑ ุจุง ุฑุดุฏ ุจุด ุงุฒ ุณู ุฏุฑุตุฏ ููุฑุงู ูุณุชูุฏ.
#ุจูุฑุณ",[],[],[],0,0,0,"['#ุชุงุตฺฉู', '#ฺฉฺุงุฏ', '#ููุนุงุฏู', '#ฺฉฺฏูุฑ', '#ฺฉุจุงูู', '#ฺฉููุฑ', '#ุจูุฑุณ']",[],https://twitter.com/abandidgah/status/1150273014858018817,False,,0,,,,,,,"[{'user_id': '986116312920453120', 'username': 'abandidgah'}]",,,,,0.9912850856781006
51,51,51.0,51.0,51.0,1150312090768297984,1150312090768297984,1563090748000,2019-07-14,12:22:28,430,986116312920453120,abandidgah,ุฏุฏฺฏุงู ุขุจุงู,,"ููุงุฏูุง ูุนุงููุงุช #ูุณุงูพุงุ #ฺฉุจุงููุ #ูุจุดูุฑุ #ุขุณุงุ #ุดุฑุงุฒุ #ููุช ุฌูุช ุจุฑฺฏุฒุงุฑ ูุฌูุน ุนููู ุนุงุฏ ุณุงูุงูู ุจู ููุธูุฑ ุชุตูุจ ุตูุฑุชูุง ูุงู ูุชููู ุฎูุงููุฏ ุดุฏ.
#ุจูุฑุณ",[],[],[],0,0,0,"['#ูุณุงูพุง', '#ฺฉุจุงูู', '#ูุจุดูุฑ', '#ุขุณุง', '#ุดุฑุงุฒ', '#ููุช', '#ุจูุฑุณ']",[],https://twitter.com/abandidgah/status/1150312090768297984,False,,0,,,,,,,"[{'user_id': '986116312920453120', 'username': 'abandidgah'}]",,,,,0.9912850856781006
52,52,52.0,52.0,52.0,1151380661351014401,1151380661351014401,1563345515000,2019-07-17,11:08:35,430,986116312920453120,abandidgah,ุฏุฏฺฏุงู ุขุจุงู,,"ููุงุฏูุง #ฺฉฺฏูุ #ฺฉูุงุณูุ #ููุตููุ #ุขุณุงุ #ููุชุ #ุบุณุงููุ #ูุจุดูุฑุ #ููุณุงูพุงุ #ฺฉุจุงููุ #ูููุ #ุดุฑุงุฒ ู #ูุขุช ุจุงุฒฺฏุดุง ู ุดููุฏ.
#ุจูุฑุณ",[],[],[],0,0,0,"['#ฺฉฺฏู', '#ฺฉูุงุณู', '#ููุตูู', '#ุขุณุง', '#ููุช', '#ุบุณุงูู', '#ูุจุดูุฑ', '#ููุณุงูพุง', '#ฺฉุจุงูู', '#ููู', '#ุดุฑุงุฒ', '#ูุขุช', '#ุจูุฑุณ']",[],https://twitter.com/abandidgah/status/1151380661351014401,False,,0,,,,,,,"[{'user_id': '986116312920453120', 'username': 'abandidgah'}]",,,,,0.9912850856781006
53,53,53.0,53.0,53.0,1153164604194902020,1153164604194902020,1563770841000,2019-07-22,09:17:21,430,971264702612430850,boursenews_ir,ุจูุฑุณ ููุฒ,,"#ฺฉฺุงุ #ฺฉฺฏูุ #ููุนุงุฏูุ #ฺฉฺฏูุฑุ #ฺฉุจุงูู ู #ฺฉููุฑ ุณุจุฒูพูุด ูุณุชูุฏ 

#ุดูพูุง",[],[],[],0,0,1,"['#ฺฉฺุง', '#ฺฉฺฏู', '#ููุนุงุฏู', '#ฺฉฺฏูุฑ', '#ฺฉุจุงูู', '#ฺฉููุฑ', '#ุดูพูุง']",[],https://twitter.com/boursenews_ir/status/1153164604194902020,False,,0,,,,,,,"[{'user_id': '971264702612430850', 'username': 'boursenews_ir'}]",,,,,0.9912850856781006
54,54,54.0,54.0,54.0,1156103721450786816,1156103721450786816,1564471581000,2019-07-30,11:56:21,430,986116312920453120,abandidgah,ุฏุฏฺฏุงู ุขุจุงู,,"ุฏุฑ ูุนุฏู ูุง ูุนุงููุงุช ุจุง ุจูุจูุฏ ููุฑุงู ุงุณุช ู #ฺฉฺฏูุฑ ฺฉู ุชุฑ ูุงู ูพุฑูุฑูุด ุฑุง ุฏุงุดุชู ุฑุดุฏ ุจุด ุงุฒ 6 ุฏุฑุตุฏ ุฏุงุฑุฏ. #ฺฉุฏูุงุ #ฺฉููุฑ ู #ฺฉุจุงูู ูุฒ ุจุง ุฑุดุฏ ุชูุงุถุง ููุฑุงููุฏ ู #ฺฉฺุงุฏ ู #ฺฉฺฏู ุฏุฑ ุตูุฑ ุชุงุจูู ุฏุงุฏ ู ุณุชุฏ ู ุดููุฏ.
#ุจูุฑุณ",[],[],[],0,0,0,"['#ฺฉฺฏูุฑ', '#ฺฉุฏูุง', '#ฺฉููุฑ', '#ฺฉุจุงูู', '#ฺฉฺุงุฏ', '#ฺฉฺฏู', '#ุจูุฑุณ']",[],https://twitter.com/abandidgah/status/1156103721450786816,False,,0,,,,,,,"[{'user_id': '986116312920453120', 'username': 'abandidgah'}]",,,,,0.9912850856781006
55,55,55.0,55.0,55.0,1157519491342983169,1157519491342983169,1564809127000,2019-08-03,09:42:07,430,971264702612430850,boursenews_ir,ุจูุฑุณ ููุฒ,,"ุฏุฑ ฺฏุฑูู ูุนุฏูโูุง #ฺฉฺุงุฏุ #ููุนุงุฏูุ #ฺฉฺฏูุ #ฺฉุจุงููุ #ฺฉุฑูุ #ฺฉุงูุง ูุฑูุฒ ูพูุด ูุณุชูุฏ 

#ูุจุถ_ุจุงุฒุงุฑ",[],[],[],0,0,0,"['#ฺฉฺุงุฏ', '#ููุนุงุฏู', '#ฺฉฺฏู', '#ฺฉุจุงูู', '#ฺฉุฑู', '#ฺฉุงูุง', '#ูุจุถ_ุจุงุฒุงุฑ']",[],https://twitter.com/boursenews_ir/status/1157519491342983169,False,,0,,,,,,,"[{'user_id': '971264702612430850', 'username': 'boursenews_ir'}]",,,,,0.9912850856781006
56,56,56.0,56.0,56.0,1162605918690742273,1162605918690742273,1566021825000,2019-08-17,10:33:45,430,986116312920453120,abandidgah,ุฏุฏฺฏุงู ุขุจุงู,,"ุฏุฑ ูุนุฏู ูุง ูุนุงููุงุช ููุณุงู ูุณุช ู ููุงุฏูุง #ฺฉฺฏูุฑุ #ฺฉุฑูุ #ฺฉุจุงูู ู #ฺฉุฏูุง ุงุฒ ููุงุฏูุง ููุฑุฏ ุชูุฌููุฏ.
#ุจูุฑุณ",[],[],[],0,0,0,"['#ฺฉฺฏูุฑ', '#ฺฉุฑู', '#ฺฉุจุงูู', '#ฺฉุฏูุง', '#ุจูุฑุณ']",[],https://twitter.com/abandidgah/status/1162605918690742273,False,,0,,,,,,,"[{'user_id': '986116312920453120', 'username': 'abandidgah'}]",,,,,0.9912850856781006
57,57,57.0,57.0,57.0,1169575746538311680,1169575746538311680,1567683562000,2019-09-05,16:09:22,430,3374447847,drshahangian,behnam shahangian,,"ูุถุนุช #ุฑู ุฌูุงู ุฑู ุฒุฑ ูุธุฑ ุฏุงุดุชู ุจุงุดุฏ
ุงฺฏุฑ ุฑููุฏ ุตุนูุฏ ุชุซุจุช ุดุฏู ูพุฏุง ฺฉูู 
ุฎู ุงุฒ #ูุนุฏู ูุง ุฑู ุจููุฏ ูฺฉูู
#ฺฉุจุงูู
#ฺฉุฏูุง
#ูุฒุฑู
#ุจูุฑุณ",[],[],[],0,0,2,"['#ุฑู', '#ูุนุฏู', '#ฺฉุจุงูู', '#ฺฉุฏูุง', '#ูุฒุฑู', '#ุจูุฑุณ']",[],https://twitter.com/drshahangian/status/1169575746538311680,False,,0,,,,,,,"[{'user_id': '3374447847', 'username': 'drshahangian'}]",,,,,0.9912850856781006
58,58,58.0,58.0,58.0,1172758888543731712,1172758888543731712,1568442482000,2019-09-14,10:58:02,430,986116312920453120,abandidgah,ุฏุฏฺฏุงู ุขุจุงู,,"ููุงุฏูุง #ููููุชุ #ฺฉุณุฑุงุ #ฺุฏูุ #ุฏุณุจุญุงูุ #ฺฉุจุงููุ #ุบฺฏุฑุฌุ #ุบุงูุจุฑุ #ุฎฺฏุณุชุฑุ #ุฏุนุจุฏ ุจู ุนูุช ุชุบุฑุงุช ุจุด ุงุฒ 20 ุฏุฑุตุฏ ููุช ูุชููู ุดุฏูุฏ.
#ุจูุฑุณ",[],[],[],0,0,0,"['#ููููุช', '#ฺฉุณุฑุง', '#ฺุฏู', '#ุฏุณุจุญุงู', '#ฺฉุจุงูู', '#ุบฺฏุฑุฌ', '#ุบุงูุจุฑ', '#ุฎฺฏุณุชุฑ', '#ุฏุนุจุฏ', '#ุจูุฑุณ']",[],https://twitter.com/abandidgah/status/1172758888543731712,False,,0,,,,,,,"[{'user_id': '986116312920453120', 'username': 'abandidgah'}]",,,,,0.9912850856781006
59,59,59.0,59.0,59.0,1173135555133001730,1173135555133001730,1568532286000,2019-09-15,11:54:46,430,986116312920453120,abandidgah,ุฏุฏฺฏุงู ุขุจุงู,,"ุฏุฑ ูุนุฏู ูุง ูุถุง ูุนุงููุงุช ูููุณุช ู #ฺฉุจุงูู ุชฺฉ ููุงุฏ ูุซุจุช ฺฏุฑูู ุงุณุช. ุตู ูุฑูุด ููุงุฏ ุงุฑุฒูุฏู #ฺฉฺุงุฏ ุฏุฑ ุงู ุฏูุงู ูุงุจู ุชุงูู ุงุณุช.
#ุจูุฑุณ",[],[],[],0,0,2,"['#ฺฉุจุงูู', '#ฺฉฺุงุฏ', '#ุจูุฑุณ']",[],https://twitter.com/abandidgah/status/1173135555133001730,False,,0,,,,,,,"[{'user_id': '986116312920453120', 'username': 'abandidgah'}]",,,,,0.9912850856781006
60,60,60.0,60.0,60.0,1173449707240263683,1173449707240263683,1568607186000,2019-09-16,08:43:06,430,1141279193252036609,tadbirgaranf,TadbirgaranFarda,,"#ุตู_ุฎุฑุฏ
ุณูุงู ุฏุงุฑุง ุตู ุฏุฑ ูุญุธุงุช ุงุจุชุฏุงุฆ ูพุด ฺฏุดุงุด:
#ูุจุตุงุฏุฑุ #ููุณุงูพุงุ #ููฺฉุ #ุณุงุฑููุ #ฺฉุณุงููุ #ุดฺฏูุ #ุฑุดูฺฉุ #ุฏูููุงุ #ุฏุฒูุฑุงูุ #ุชุจุฑฺฉุ #ุบูพุงุฐุฑุ #ูุฒููุ #ููุดุงุ #ูุฑูุงุ #ุฎูุณุงุฒุ #ุฎุชููุงุ #ูุจูุชุงูุ #ูุงุจุณุงุ #ุดุชุฑุงูุ #ฺฉุจุงููุ #ุฒูฺฉุงุ #ุฒุจูุงุ #ฺฺฉุงูู ...
#ูุจุถ_ุจุงุฒุงุฑ",[],[],[],0,0,0,"['#ุตู_ุฎุฑุฏ', '#ูุจุตุงุฏุฑ', '#ููุณุงูพุง', '#ููฺฉ', '#ุณุงุฑูู', '#ฺฉุณุงูู', '#ุดฺฏู', '#ุฑุดูฺฉ', '#ุฏูููุง', '#ุฏุฒูุฑุงู', '#ุชุจุฑฺฉ', '#ุบูพุงุฐุฑ', '#ูุฒูู', '#ููุดุง', '#ูุฑูุง', '#ุฎูุณุงุฒ', '#ุฎุชููุง', '#ูุจูุชุงู', '#ูุงุจุณุง', '#ุดุชุฑุงู', '#ฺฉุจุงูู', '#ุฒูฺฉุง', '#ุฒุจูุง', '#ฺฺฉุงูู', '#ูุจุถ_ุจุงุฒุงุฑ']",[],https://twitter.com/TadbirgaranF/status/1173449707240263683,False,,0,,,,,,,"[{'user_id': '1141279193252036609', 'username': 'TadbirgaranF'}]",,,,,0.9912850856781006
61,61,61.0,61.0,61.0,1175284554224955392,1175284554224955392,1569044648000,2019-09-21,10:14:08,430,986116312920453120,abandidgah,ุฏุฏฺฏุงู ุขุจุงู,,"ุฏุฑ ฺฏุฑูู ูุนุฏู ุนูุฏู ููุงุฏูุง ุฑููุฏ ูุซุจุช ุฏุงุฑูุฏ. #ฺฉฺฏู ู #ฺฉฺุงุฏ ุฑุดุฏ ุจุด ุงุฒ 3 ุฏุฑุตุฏ ุฏุงุฑูุฏ ู #ฺฉุจุงูู ุตู ุฎุฑุฏ ุฏุงุฑุฏ ู ุจูู ููุงุฏูุง ูุฒ ูุซุจุช ุฏุงุฏ ู ุณุชุฏ ู ุดููุฏ.
#ุจูุฑุณ",[],[],[],0,0,1,"['#ฺฉฺฏู', '#ฺฉฺุงุฏ', '#ฺฉุจุงูู', '#ุจูุฑุณ']",[],https://twitter.com/abandidgah/status/1175284554224955392,False,,0,,,,,,,"[{'user_id': '986116312920453120', 'username': 'abandidgah'}]",,,,,0.9912850856781006
62,62,62.0,62.0,62.0,1177833564701741056,1177833564701741056,1569652379000,2019-09-28,10:02:59,430,986116312920453120,abandidgah,ุฏุฏฺฏุงู ุขุจุงู,,"ุฏุฑ ูุนุฏู ูุง ูุฒ ูุถุนุช ูุนุงููุงุช ูุซุจุช ุงุณุช ู ููุงุฏูุง #ููุนุงุฏูุ #ฺฉฺุงุฏุ #ฺฉฺฏูุ #ฺฉุจุงููุ #ฺฉููุฑ ู #ฺฉุฏูุง ููุฑุฏ ุชูุฌููุฏ.
#ุจูุฑุณ",[],[],[],0,0,0,"['#ููุนุงุฏู', '#ฺฉฺุงุฏ', '#ฺฉฺฏู', '#ฺฉุจุงูู', '#ฺฉููุฑ', '#ฺฉุฏูุง', '#ุจูุฑุณ']",[],https://twitter.com/abandidgah/status/1177833564701741056,False,,0,,,,,,,"[{'user_id': '986116312920453120', 'username': 'abandidgah'}]",,,,,0.9912850856781006
63,63,63.0,63.0,63.0,1179277729012879361,1179277729012879361,1569996695000,2019-10-02,09:41:35,430,971264702612430850,boursenews_ir,ุจูุฑุณ ููุฒ,,"ุฏุฑ ฺฏุฑูู ุงุณุชุฎุฑุงุฌ ฺฉุงููโูุง ููุฒ #ฺฉุจุงูู ุฏุงุฑุง ุตู ุฎุฑุฏ ุงุณุช 

#ูุจุถ_ุจุงุฒุงุฑ",[],[],[],0,0,1,"['#ฺฉุจุงูู', '#ูุจุถ_ุจุงุฒุงุฑ']",[],https://twitter.com/boursenews_ir/status/1179277729012879361,False,,0,,,,,,,"[{'user_id': '971264702612430850', 'username': 'boursenews_ir'}]",,,,,0.9912850856781006
64,64,64.0,64.0,64.0,1180247930202144770,1180247930202144770,1570228009000,2019-10-05,01:56:49,430,4808572055,me_metals,ME-METALS  |   ู ูุชุงูุฒ,,"๐ยซ#ฺฉุจุงูู ู #ุณูุงุฑยป ุฏุฑุจุงุฑู ุงูุฒุงุด ุณุฑูุงู ุงุทูุงุนู ููุชุดุฑ ฺฉุฑุฏูุฏ

ููฺฉ ุฎุจุฑ ๐
 https://me-metals.ir/News/NewsDetails.aspx?NID=59767ยโฆ
โ @me_metals
ฑฐ ููุฑ ฑณนธ pic.twitter.com/G9T9ytJcaf",['me_metals'],['https://me-metals.ir/News/NewsDetails.aspx?NID=59767'],['https://pbs.twimg.com/media/EGEVMOTWoAAMqPF.jpg'],0,0,1,"['#ฺฉุจุงูู', '#ุณูุงุฑ']",[],https://twitter.com/me_metals/status/1180247930202144770,False,,0,,,,,,,"[{'user_id': '4808572055', 'username': 'me_metals'}]",,,,,0.9912850856781006
65,65,65.0,65.0,65.0,1203227568058576896,1203227568058576896,1575706781000,2019-12-07,11:49:41,430,1141279193252036609,tadbirgaranf,TadbirgaranFarda,,"ุชุญูู ุชฺฉูฺฉุงู :
#ฺฉุจุงูู #ุขูพ #ฺฉุณุฑุงู #ุฑููพูุง 
ุฏุฑ ุณุงุช ุฏู ุชุญูู   http://www.dailytahlil.comย
#ุจูุฑุณ #ุณูุงู",[],['http://www.dailytahlil.com'],[],0,0,1,"['#ฺฉุจุงูู', '#ุขูพ', '#ฺฉุณุฑุงู', '#ุฑููพูุง', '#ุจูุฑุณ', '#ุณูุงู']",[],https://twitter.com/TadbirgaranF/status/1203227568058576896,False,,0,,,,,,,"[{'user_id': '1141279193252036609', 'username': 'TadbirgaranF'}]",,,,,0.9912850856781006
66,66,66.0,66.0,66.0,1213655967847604224,1213655967847604224,1578193106000,2020-01-05,06:28:26,430,620248270,sroozmand,Sadegh Roozmand,,ุชู #ุจูุฑุณ ุงุฏ ฺฏุฑูุชู ุฏุฑุชุฑ ุณูุงุฑ ุดูุ ุฒูุฏุชุฑ ูพุงุฏู... #ุณูุงู ุงุฑุฒูุฏู ุจู ุงูุฏุงุฒู ฺฉุงู ุชู ุจุงุฒุงุฑ ูุฌูุฏ ุฏุงุฑูุ ุนุฌููโุง ูุณุช. #ฺฉุจุงูู ูุดุฏุ #ููุฑุงู ูุดุฏ #ุฌูโูพูู ูุดุฏุ #ูุฑูุณ ูุณุช. #ููโุขูุง ูุณุช. #ูุฑูุงู ูุณุช,[],[],[],1,0,1,"['#ุจูุฑุณ', '#ุณูุงู', '#ฺฉุจุงูู', '#ููุฑุงู', '#ุฌู\u200cูพูู', '#ูุฑูุณ', '#ูู\u200cุขูุง', '#ูุฑูุงู']",[],https://twitter.com/SRoozmand/status/1213655967847604224,False,,0,,,,,,,"[{'user_id': '620248270', 'username': 'SRoozmand'}]",,,,,0.9912850856781006
67,67,67.0,67.0,67.0,1222545777601413120,1222545777601413120,1580312601000,2020-01-29,19:13:21,430,4808572055,me_metals,ME-METALS  |   ู ูุชุงูุฒ,,"๐""#ฺฉุจุงูู"" ู ุชุฑฺฉุจ ุงุนุถุง ูุงุช ูุฏุฑู ุฌุฏุฏ

ููฺฉ ุฎุจุฑ ๐
 https://me-metals.ir/News/NewsDetails.aspx?NID=79501ยโฆ
โ @me_metals
ฒฑ ุฏ ฑณนธ pic.twitter.com/e02SrdFmy4",['me_metals'],['https://me-metals.ir/News/NewsDetails.aspx?NID=79501'],['https://pbs.twimg.com/media/EPdangfW4AQY78O.jpg'],0,0,0,['#ฺฉุจุงูู'],[],https://twitter.com/me_metals/status/1222545777601413120,False,,0,,,,,,,"[{'user_id': '4808572055', 'username': 'me_metals'}]",,,,,0.9912850856781006
68,68,68.0,68.0,68.0,1223331084500439047,1223331084500439047,1580499833000,2020-01-31,23:13:53,430,4808572055,me_metals,ME-METALS  |   ู ูุชุงูุฒ,,"๐""#ฺฉุจุงูู"" ุณูุฏ นูุงูู ุฑุง ดธฒถุฑุงู ุงุนูุงู ฺฉุฑุฏ

ููฺฉ ุฎุจุฑ ๐
 https://me-metals.ir/News/NewsDetails.aspx?NID=81050ยโฆ
โ @me_metals
ณฐ ุฏ ฑณนธ pic.twitter.com/U3mCpnQyJn",['me_metals'],['https://me-metals.ir/News/NewsDetails.aspx?NID=81050'],['https://pbs.twimg.com/media/EPolHvNWoAgGndI.jpg'],0,0,0,['#ฺฉุจุงูู'],[],https://twitter.com/me_metals/status/1223331084500439047,False,,0,,,,,,,"[{'user_id': '4808572055', 'username': 'me_metals'}]",,,,,0.9912850856781006
69,69,69.0,69.0,69.0,1232034546327093248,1232034546327093248,1582574900000,2020-02-24,23:38:20,430,752464696456818688,psybaba_,ุณุง ุจุงุจุง๐,,"ุฑููุง ุจูุฑุณ ุงุฒ ูู ุจู ุดูุง ูุตุญุช #ฺฉุจุงูู ุจุฎุฑุฏ
#ุจูุฑุณ",[],[],[],2,0,12,"['#ฺฉุจุงูู', '#ุจูุฑุณ']",[],https://twitter.com/psybaba_/status/1232034546327093248,False,,0,,,,,,,"[{'user_id': '752464696456818688', 'username': 'psybaba_'}]",,,,,0.9912850856781006
70,70,70.0,70.0,70.0,1236221797047119872,1236221797047119872,1583573218000,2020-03-07,12:56:58,430,1024749624802902016,aghayebazar,aghayebazar,,"ูฺฏุงู ุจู ูุถุนุช ุจุงุฒุงุฑ ฑณนธ/ฑฒ/ฑท
#ูููุงู #ุดฺฉูุฑ #ูุฑู #ูููุงุฏ #ุจูุฑุณ #ุบุณุงูู #ฺฉุจุงูู #ุจุชุฑุงูุณ #ูุตูุนุช #ุณูฺฏุง #ุดุงุฎุต_ฺฉู_ุจูุฑุณยย#ุดุงุฎุต_ฺฉู #ุฏูุงุฑ #ูุฑุฎ_ุงุฑุฒ #ูุณ #ููุช #ููุช_ุจุฑูุช #ุทูุง #ุงูุณ_ุทูุง #ุจูุฑุณ_ุชูุฑุงู #ุจูุฑุณ #ุงุฑุฒุด_ูุนุงููุงุชยย#ูุฑุงุจูุฑุณโฆ  https://www.instagram.com/p/B9bWcd8g6gc/?igshid=8x2z5nwrvmw8ยโฆ",[],['https://www.instagram.com/p/B9bWcd8g6gc/?igshid=8x2z5nwrvmw8'],[],0,0,0,"['#ูููุงู', '#ุดฺฉูุฑ', '#ูุฑู', '#ูููุงุฏ', '#ุจูุฑุณ', '#ุบุณุงูู', '#ฺฉุจุงูู', '#ุจุชุฑุงูุณ', '#ูุตูุนุช', '#ุณูฺฏุง', '#ุดุงุฎุต_ฺฉู_ุจูุฑุณ', '#ุดุงุฎุต_ฺฉู', '#ุฏูุงุฑ', '#ูุฑุฎ_ุงุฑุฒ', '#ูุณ', '#ููุช', '#ููุช_ุจุฑูุช', '#ุทูุง', '#ุงูุณ_ุทูุง', '#ุจูุฑุณ_ุชูุฑุงู', '#ุจูุฑุณ', '#ุงุฑุฒุด_ูุนุงููุงุช', '#ูุฑุงุจูุฑุณ']",[],https://twitter.com/aghayebazar/status/1236221797047119872,False,,0,,,,,,,"[{'user_id': '1024749624802902016', 'username': 'aghayebazar'}]",,,,,0.9912850856781006
71,71,71.0,71.0,71.0,1239428543731228673,1239428543731228673,1584337766000,2020-03-16,09:19:26,430,812171400790343680,mohsenruning,diNGer ๐ฃ(ุฏููุฏู),,"#ฺฉุจุงูู ุจุนุฏ ุงุฒ ุงุตูุงุญ ุณูู ฺฉู ุฑุณฺฉู ุจุฑุง ุจููุฏ ูุฏุช
ููุช ูุนู ณดฐฐ
ูุฏู ุงูู ถฐฐฐ
ูุฏู ุฏูู นฐฐฐ
#ุจูุฑุณ",[],[],[],2,0,3,"['#ฺฉุจุงูู', '#ุจูุฑุณ']",[],https://twitter.com/MohsenRuning/status/1239428543731228673,False,,0,,,,,,,"[{'user_id': '812171400790343680', 'username': 'MohsenRuning'}]",,,,,0.9912850856781006
72,72,72.0,72.0,72.0,1244545642447372289,1244505224250884096,1585557778000,2020-03-30,13:12:58,430,1194997170539286528,moji21432465,moj TABA yam,,"ููุช ฺฉุฑุฏ ู ุชุญูู ุงุฒ ุงูุง ุฏุงุดุชู ุจุงุด ุ 70% ุณุฑูุงู ู.

#ุบฺฏู
#ฺฉุจุงูู",['wolfoftse'],[],[],1,0,2,"['#ุบฺฏู', '#ฺฉุจุงูู']",[],https://twitter.com/Moji21432465/status/1244545642447372289,False,,0,,,,,,,"[{'user_id': '1194997170539286528', 'username': 'Moji21432465'}, {'user_id': '2590092336', 'username': 'wolfofTSE'}]",,,,,0.9912850856781006
73,73,73.0,73.0,73.0,1246238588611805190,1209620199340695552,1585961408000,2020-04-04,05:20:08,430,773550468,sinaxafshari,SiNA AFSHARi,,"#ฺฉุจุงูู ุฑู ฑฐ/ฑท ุฎุฑุฏู ู ุจุง ถฐฐ% ุงูุฒุงุด ุณุฑูุงู ุชุง ฑฒ/ฒต ูฺฏูุฏุงุฑ ฺฉุฑุฏู ู ุจุง ุณูุฏ ฑฑณ% ุฎุงุฑุฌ ุดุฏู. ูู, ุนู ุงูุงู ูู ู ุชุฑุฏู?๐๐ค",[],[],[],0,0,1,['#ฺฉุจุงูู'],[],https://twitter.com/sinaxafshari/status/1246238588611805190,False,,0,,,,,,,"[{'user_id': '773550468', 'username': 'sinaxafshari'}]",,,,,0.9912850856781006
74,74,74.0,74.0,74.0,1247076782387462144,1247044925528604672,1586161249000,2020-04-06,12:50:49,430,1216071955952041985,mohamma99276943,Mohammad,,"ุฎุฏุงููุฏ ุงฺฉุซุฑ ุงููุงุช
ุจู ูุงุฏุงู ฺูุงู ุฑูุฒ ุฑุณุงูุฏ
ฺฉู ุตุฏ ุนุงูู ุฏุฑ ุขู ุฑูุฒ ุจูุงูุฏ
#ฺฉุจุงูู #ุบุฏุดุช #ุบุดุงู",['sahandbalani'],[],[],0,0,1,"['#ฺฉุจุงูู', '#ุบุฏุดุช', '#ุบุดุงู']",[],https://twitter.com/Mohamma99276943/status/1247076782387462144,False,,0,,,,,,,"[{'user_id': '1216071955952041985', 'username': 'Mohamma99276943'}, {'user_id': '1178234620422303745', 'username': 'sahandbalani'}]",,,,,0.9912850856781006
75,75,75.0,75.0,75.0,1247045278529708032,1247045278529708032,1586153738000,2020-04-06,10:45:38,430,1244929173308792833,sahamdarb,Sahamdar_Bonyadi,,"#ููุนุงุฏู #ูฺุงุฏ #ูฺฏู #ูุจุงูู ููู ูููู 
#ุดุงุฎุต_ฺฉู ูฅูฅูู ูููู 
ุงูุง #ูุฑูู ูคูููููู ุตู ุฎุฑูุฏ 
ุฏู ุชุง ุณูู ุนุฑุถ ูุฑุฏู ุฎุฏูุช ุฏูุณุชุงู 
ุชูู ุงูู ุจุงุฒุงุฑ ุนูุงุฑ ุฎูุฏุดูู ุฑู ูุดูู ุฏุงุฏู๐ช#ูุฑูู #ุซุงุฎุช
#ุจูุฑุณ #ุณูุงู #ุณูุงูุฏุงุฑ_ุจููุงุฏู pic.twitter.com/epf0wB1cdA",[],[],['https://pbs.twimg.com/media/EU5lCohXgAEfo-6.jpg'],0,0,1,"['#ููุนุงุฏู', '#ูฺุงุฏ', '#ูฺฏู', '#ูุจุงูู', '#ุดุงุฎุต_ฺฉู', '#ูุฑูู', '#ูุฑูู', '#ุซุงุฎุช', '#ุจูุฑุณ', '#ุณูุงู', '#ุณูุงูุฏุงุฑ_ุจููุงุฏู']",[],https://twitter.com/SahamdarB/status/1247045278529708032,False,,0,,,,,,,"[{'user_id': '1244929173308792833', 'username': 'SahamdarB'}]",,,,,0.9912850856781006
76,76,76.0,76.0,76.0,1246935467792175105,1246111695245905933,1586127557000,2020-04-06,03:29:17,430,1216071955952041985,mohamma99276943,Mohammad,,ุงูุฑูุฒ #ฺฉุจุงูู ู #ุบุณุงูู ุจุฑุง ู ูพูู ูุฑูุฏ ุฎูุจู :)),"['habib101010', 'dr_abdolmaleki']",[],[],0,0,0,"['#ฺฉุจุงูู', '#ุบุณุงูู']",[],https://twitter.com/Mohamma99276943/status/1246935467792175105,False,,0,,,,,,,"[{'user_id': '1216071955952041985', 'username': 'Mohamma99276943'}, {'user_id': '1208071142671564801', 'username': 'HaBiB101010'}, {'user_id': '875705038957559808', 'username': 'dr_abdolmaleki'}]",,,,,0.9912850856781006
77,77,77.0,77.0,77.0,1249229262034518016,1249200402312151043,1586674440000,2020-04-12,11:24:00,430,1216071955952041985,mohamma99276943,Mohammad,,"ููู ุฏุฑุตุฏ ุณูุฏ ุฎูุจ ุฏุงุฑู
ุฑูุฒุง ฺฉู ุจุงุฒุงุฑ ูููู ูุซุจุชู
#ุบุงุฐุฑ
#ุบุงูุจุฑ
#ุขูุฏู ู #ฺฉุจุงูู ูู ุชุงุฒู ฺฏุฑูุชู ฺฉู ูุณุชู",['erfanarshadi'],[],[],1,0,1,"['#ุบุงุฐุฑ', '#ุบุงูุจุฑ', '#ุขูุฏู', '#ฺฉุจุงูู']",[],https://twitter.com/Mohamma99276943/status/1249229262034518016,False,,0,,,,,,,"[{'user_id': '1216071955952041985', 'username': 'Mohamma99276943'}, {'user_id': '1059707855811555330', 'username': 'erfanarshadi'}]",,,,,0.9912850856781006
78,78,78.0,78.0,78.0,1253589012998230018,1253478217236840450,1587713885000,2020-04-24,12:08:05,430,1084085473784545280,steppen_wolf2,ุงุณุชูพู ููู,,"ุญุฌู ููุฏูฺฏ ุฒุงุฏ ูุงุฑุฏ ุจูุฑุณ ุดุฏู ู ุฎู ุงุฒ ุณูู ูุง ุญุจุงุจ ุฏุงุฑูุ ุจุง ฺฉ ุฎุจุฑ ููู ู ุฎุฑูุฌ ุฒุงุฏ ูพูู ุงู ุญุจุงุจ ูุชุฑฺฉู
ุฎุฑุฏู ุณูุงู ุจูุงุฏ ู ุฏุงุดุชู ุตุจุฑ ูุชููู ููุฏ ุจุงุดู
#ูููุงุฏ #ฺฉุจุงูู #ููู","['ecfarid', 'teriboun1']",[],[],1,0,3,"['#ูููุงุฏ', '#ฺฉุจุงูู', '#ููู']",[],https://twitter.com/steppen_wolf2/status/1253589012998230018,False,,0,,,,,,,"[{'user_id': '1084085473784545280', 'username': 'steppen_wolf2'}, {'user_id': '354306481', 'username': 'ecfarid'}, {'user_id': '803845317657554946', 'username': 'teriboun1'}]",,,,,0.9912850856781006
79,79,79.0,79.0,79.0,1255036329676529664,1255034713799966726,1588058953000,2020-04-28,11:59:13,430,1490878070,khodetmiidoni,ุฎูุฏุช ูุฏูู,,"#ฺฉุจุงูู ุจุฎุฑุฏ. ููู ุงูุงูโฆ๐โโ๏ธโฉ 
#ุจูุฑุณ #ุณฺฏูุงู",[],[],[],0,1,3,"['#ฺฉุจุงูู', '#ุจูุฑุณ', '#ุณฺฏูุงู']",[],https://twitter.com/KhodetMiidoni/status/1255036329676529664,False,,0,,,,,,,"[{'user_id': '1490878070', 'username': 'KhodetMiidoni'}]",,,,,0.9912850856781006
80,80,80.0,80.0,80.0,1255372738967015426,1255372738967015426,1588139159000,2020-04-29,10:15:59,430,939605665,sajjadyosefi,๐๐๐ง๐ง๐๐ก ๐๐ฌ๐ฐ๐ข๐ฃ๐ฆ,,"ุงููุง ฺฉู ุฏุฑูุฒ ุงุฒ #ฺฉุจุงูู ุฎุงุฑุฌ ุดุฏู ุงูุงู ฺุทูุฑู ุ
ฺ ุฎุฑุฏู ุ :)))))))

#ุณูุงู #ุจูุฑุณ",[],[],[],1,1,2,"['#ฺฉุจุงูู', '#ุณูุงู', '#ุจูุฑุณ']",[],https://twitter.com/sajjadyosefi/status/1255372738967015426,False,,0,,,,,,,"[{'user_id': '939605665', 'username': 'sajjadyosefi'}]",,,,,0.9912850856781006
81,81,81.0,81.0,81.0,1267611433153572864,1267611433153572864,1591057091000,2020-06-02,04:48:11,430,1093896366739341312,realsedghgooya,Hossein Sedghgooya,,"#ฺฉุจุงูู
#ุชุงู_ูุฑู_ููุชฺฏ
#ุจูุฑุณ_ุชูุฑุงู pic.twitter.com/rAXtV1Fa23",[],[],['https://pbs.twimg.com/media/EZd14AKWkAQCnbn.jpg'],0,0,7,"['#ฺฉุจุงูู', '#ุชุงู_ูุฑู_ููุชฺฏ', '#ุจูุฑุณ_ุชูุฑุงู']",[],https://twitter.com/realsedghgooya/status/1267611433153572864,False,,0,,,,,,,"[{'user_id': '1093896366739341312', 'username': 'realsedghgooya'}]",,,,,0.9912850856781006
82,82,82.0,82.0,82.0,1268084558014173184,1268084558014173184,1591169893000,2020-06-03,12:08:13,430,1144927700672569344,dromid13,()/\/\||),,ูุดูู #ูุจุงูู ฺูู ุฏุฑุฌุง ููุฒููุ #ุจูุฑุณ,[],[],[],0,0,0,"['#ูุจุงูู', '#ุจูุฑุณ']",[],https://twitter.com/dromid13/status/1268084558014173184,False,,0,,,,,,,"[{'user_id': '1144927700672569344', 'username': 'dromid13'}]",,,,,0.9912850856781006
83,83,83.0,83.0,83.0,1270177132111593473,1270177132111593473,1591668801000,2020-06-09,06:43:21,430,901797174572396544,mefa2002,Mehrdad Re,,#ฺฉุจุงูู  pic.twitter.com/wNf2iA5gmf,[],[],['https://pbs.twimg.com/media/EaCTWD2WAAAbWjv.jpg'],0,0,0,['#ฺฉุจุงูู'],[],https://twitter.com/MeFa2002/status/1270177132111593473,False,,0,,,,,,,"[{'user_id': '901797174572396544', 'username': 'MeFa2002'}]",,,,,0.9912850856781006
84,84,84.0,84.0,84.0,1275491123100868609,1275491123100868609,1592935755000,2020-06-23,22:39:15,430,834178147,alireza_jalilii,AliReza jalili | ุนูุฑุถุง ุฌูู,,#ฺฉุจุงูู ุฏูุจุงุฑู ุชููุฏ ุฏุงุดุชู ูุฑูุด ุฎุฑ . ุณูู ุฏุฑ ุฎุฑุฏุงุฏ 1745 ุชู  ฺฉูุณุงูุชุฑู ุฑู ุชููุฏ ฺฉุฑุฏู ูู ูุฑูุด ุฎุงุต ูุฏุงุดุชู ุงุณุช,[],[],[],0,0,0,['#ฺฉุจุงูู'],[],https://twitter.com/alireza_jalilii/status/1275491123100868609,False,,0,,,,,,,"[{'user_id': '834178147', 'username': 'alireza_jalilii'}]",,,,,0.9912850856781006
85,85,85.0,85.0,85.0,1277990214733107200,1277969529209929732,1593531585000,2020-06-30,20:09:45,430,873924142264877059,tootifruity450,๐ทูููุงุฏ ๐ฎ๐ทใฝ๏ธ,,#ูุจุงูู ฺู ุฎุงูู ุฏูุชุฑุ,['teriboun1'],[],[],0,0,0,['#ูุจุงูู'],[],https://twitter.com/tootifruity450/status/1277990214733107200,False,,0,,,,,,,"[{'user_id': '873924142264877059', 'username': 'tootifruity450'}, {'user_id': '803845317657554946', 'username': 'teriboun1'}]",,,,,0.9912850856781006
86,86,86.0,86.0,86.0,1279704699940343809,1279704699940343809,1593940350000,2020-07-05,13:42:30,430,1024304533789466625,farnazfiroozeh1,@firoozeh.sgr,,"#ุฏุงุฑุงฺฉู ูุญฺฉ ุณุฎุช ุจุฑุง ุนุงุฑ ุฏู ุตูุฏูู ุฏฺฏุฑ ุฏููุช ูุฑูุด ููููุน ุญุชูุง ุจุงูุง ุฏุงุฑู ุญุช ุฏุณุชูุฑ ูู ุดุฏู.
โููุชู: ุฏุงุฑุงููู ูุฑูุดู ููุณุช. ุญุชูุง ูฺฏูุฏุงุฑู ูููุฏ. #ูุจุงูู #ูุงุฏูุฑุง ุงูู ุฏู ุณูู ูุงุจู ุจุฑุฑุณู ุงุณุช.",[],[],[],2,0,35,"['#ุฏุงุฑุงฺฉู', '#ูุจุงูู', '#ูุงุฏูุฑุง']",[],https://twitter.com/farnazfiroozeh1/status/1279704699940343809,False,,0,,,,,,,"[{'user_id': '1024304533789466625', 'username': 'farnazfiroozeh1'}]",,,,,0.9912850856781006
87,87,87.0,87.0,87.0,1279665964695633920,1279665964695633920,1593931115000,2020-07-05,11:08:35,430,803845317657554946,teriboun1,ููุง ูุฑุดูฺ,,"ุจูุธุฑู ููุช ุฎุฑูุฌ ุฑุณุฏ:
#ฺฉุฏูุง #ุจฺฉุงู #ูุณุฑุจ #ูุซูู #ุณูุงุณ #ูพุฏุฑุฎุด #ููฺฉุง #ุณฺฉุฑุฏ #ุซุนุชูุง #ฺฉุจุงูู #ุฎููุฑ #ฺฉุญุงูุธ #ูุงุฑุณ #ุฎูุฏฺฉูุง #ุดุฒูฺฏ #ูุซูู

(ูุธุฑ ุดุฎุตุณุช)
ุงุฏุงูู ุฏุงุฑุฏ...
#ุจุงุฒุงุฑุณุฑูุงู https://twitter.com/teriboun1/status/1277631075586461701ยโฆ",[],['https://twitter.com/teriboun1/status/1277631075586461701'],[],45,1,139,"['#ฺฉุฏูุง', '#ุจฺฉุงู', '#ูุณุฑุจ', '#ูุซูู', '#ุณูุงุณ', '#ูพุฏุฑุฎุด', '#ููฺฉุง', '#ุณฺฉุฑุฏ', '#ุซุนุชูุง', '#ฺฉุจุงูู', '#ุฎููุฑ', '#ฺฉุญุงูุธ', '#ูุงุฑุณ', '#ุฎูุฏฺฉูุง', '#ุดุฒูฺฏ', '#ูุซูู', '#ุจุงุฒุงุฑุณุฑูุงู']",[],https://twitter.com/teriboun1/status/1279665964695633920,False,https://twitter.com/teriboun1/status/1277631075586461701,0,,,,,,,"[{'user_id': '803845317657554946', 'username': 'teriboun1'}]",,,,,0.9912850856781006
88,88,88.0,88.0,88.0,1280910132717727745,1280888081676226560,1594227748000,2020-07-08,21:32:28,430,1009354670421282816,h_pourvali,โฆ๐ฎ๐ทโฉ Hadi Pourvali ๐ฃ๏ธ,,ุงุถุงูู ฺฉูู #ูุจุงููุฑ ู #ฺฉุจุงูู,['teriboun1'],[],[],1,0,2,"['#ูุจุงููุฑ', '#ฺฉุจุงูู']",[],https://twitter.com/h_pourvali/status/1280910132717727745,False,,0,,,,,,,"[{'user_id': '1009354670421282816', 'username': 'h_pourvali'}, {'user_id': '803845317657554946', 'username': 'teriboun1'}]",,,,,0.9912850856781006
89,89,89.0,89.0,89.0,1283109907575824392,1283109907575824392,1594752215000,2020-07-14,23:13:35,430,2655859746,zaggpoundy,Kids Channel,,#ูุนุงุฏู ุงูุณุงู ุณุงู #ูุนุงุฏู ุงุณุช.#ูุจุงูู #ูฺุงุฏ #ูฺฏูุฑ #ุจูุฑุณ,[],[],[],0,0,1,"['#ูุนุงุฏู', '#ูุนุงุฏู', '#ูุจุงูู', '#ูฺุงุฏ', '#ูฺฏูุฑ', '#ุจูุฑุณ']",[],https://twitter.com/ZaggPoundy/status/1283109907575824392,False,,0,,,,,,,"[{'user_id': '2655859746', 'username': 'ZaggPoundy'}]",,,,,0.9912850856781006
90,90,90.0,90.0,90.0,1285102590389346305,1285102590389346305,1595227308000,2020-07-20,11:11:48,430,1276995917443407872,tokhmistocks,ุจุงุฒุงุฑ ุจูุฑุณ,,#ฺฉุจุงูู ุฏุงุฑู ูุงุฏ,[],[],[],1,0,3,['#ฺฉุจุงูู'],[],https://twitter.com/tokhmistocks/status/1285102590389346305,False,,0,,,,,,,"[{'user_id': '1276995917443407872', 'username': 'tokhmistocks'}]",,,,,0.9912850856781006
91,0,,,,1286926285395111936,1286926285395111936,1595662111000,2020-07-25,11:58:31,430,1260457106240606213,fsignal11,free_signal11,,"New post in ุณฺฏูุงูโุฑุงูุช ูโุขููุฒุดโุฑุงฺฏุงูโุจูุฑุณ: ููุณุช #ูุฌุงูุน:

ุฏูุดูุจู ูกูฃูฉูฉ/ููฅ/ููฆ
#ุดุณูพุง #ููพุชุฑู

ุณู ุดูุจู ูกูฃูฉูฉ/ููฅ/ููง
#ููพูุงู

ฺูุงุฑุดูุจู ูกูฃูฉูฉ/ููฅ/ููจ
#ุชูพููุง #ูุจุงูู
#ูุณุงุฎุช #ุณูุชุง

ฺฉุงูุงู ุจูุฑุณ ุณฺฏูุงู ุฑุงฺฏุงู
More:          
 https://ift.tt/2XYHNs0ย
         ุขููุฒุด ุจูุฑุณ 
 http://instagram.com/free_signaยโฆ",[],"['https://ift.tt/2XYHNs0', 'http://instagram.com/free_signa']",[],0,0,0,"['#ูุฌุงูุน', '#ุดุณูพุง', '#ููพุชุฑู', '#ููพูุงู', '#ุชูพููุง', '#ูุจุงูู', '#ูุณุงุฎุช', '#ุณูุชุง']",[],https://twitter.com/FSignal11/status/1286926285395111936,False,,0,,,,,,,"[{'user_id': '1260457106240606213', 'username': 'FSignal11'}]",,,,,0.9912850856781006
92,1,,,,1288034063715049474,1288034063715049474,1595926225000,2020-07-28,13:20:25,430,1260457106240606213,fsignal11,free_signal11,,"New post in ุณฺฏูุงูโุฑุงูุช ูโุขููุฒุดโุฑุงฺฏุงูโุจูุฑุณ: #ูุฌุงูุน

ููุงุฏูุงู ุฒูุฑ ุฏุฑ ูพุงูุงู ุณุงุนุช ูุนุงููุงุชู ุงูุฑูุฒ ุจู ุฏููู ุจุฑฺฏุฒุงุฑู #ูุฌูุน ูุชููู ูู ุดููุฏ:

#ุชูพููุง #ูุจุงูู #ูุณุงุฎุช #ุณูุชุง 

ฺฉุงูุงู ุจูุฑุณ ุณฺฏูุงู ุฑุงฺฏุงู
More:          
 https://ift.tt/2XYHNs0ย
         ุขููุฒุด ุจูุฑุณ 
instโฆ https://ift.tt/305QL7Kย",[],"['https://ift.tt/2XYHNs0', 'https://ift.tt/305QL7K']",[],0,0,1,"['#ูุฌุงูุน', '#ูุฌูุน', '#ุชูพููุง', '#ูุจุงูู', '#ูุณุงุฎุช', '#ุณูุชุง']",[],https://twitter.com/FSignal11/status/1288034063715049474,False,,0,,,,,,,"[{'user_id': '1260457106240606213', 'username': 'FSignal11'}]",,,,,0.9912850856781006
93,2,,,,1290183008880717828,1290183008880717828,1596438574000,2020-08-03,11:39:34,430,768039964370231296,arionhim,Arion,,"#ฺฉุจุงูู ุตุฏุฏุฑุตุฏ ุงู ุขุฑุฒูุณุช๐
#ุจูุฑุณ",[],[],[],2,0,3,"['#ฺฉุจุงูู', '#ุจูุฑุณ']",[],https://twitter.com/Arionhim/status/1290183008880717828,False,,0,,,,,,,"[{'user_id': '768039964370231296', 'username': 'Arionhim'}]",,,,,0.9912850856781006
94,3,,,,1290655889393950720,1290655889393950720,1596551317000,2020-08-04,18:58:37,430,1034827373038858240,mohsenhor,MohsenHor ูุญุณู ุญุฑ,,"ูููุฏุงุฑ ููุช ุฌูุงู #ุฑู ุฑูุฒุงูู ู ููุชฺฏ ุฏุฑ ุฒุฑ ุขูุฏู. ุจุง ุชูุฌู ุจู ุงูุช ุงุฑุฒุด ุฏูุงุฑุ ูููุฏุงุฑ ุฑูุฒุงูู ูุดูู ูุฏู ฺฉู ููุชูุง ุฑู ุจู ุงูุฒุงุดู.
ุงูุง ุฏุฑ ููุชฺฏ ุฌุง ุณูุงู ูุณุช ฺฉู ุขุง ูุชููู ุงุฒ ุงุจุฑ ุนุจูุฑ ฺฉููุ
ุจุง ุจุงุฒฺฏุดุช ุงูุชุตุงุฏ ู ุฑุณุฏู ูุงฺฉุณู ุจูุธุฑู ุตุนูุฏ ุฎูุจ ุฑุง ุดุงูุฏ ุฎูุงูู ุจูุฏ.
#ูุงุณูู #ฺฉูุง #ฺฉุจุงูู ู ...  pic.twitter.com/CErlqh1oGJ",[],[],"['https://pbs.twimg.com/media/EelUrQwXsAAlDr4.jpg', 'https://pbs.twimg.com/media/EelUrQzXoAQ2_ba.jpg']",2,0,7,"['#ุฑู', '#ูุงุณูู', '#ฺฉูุง', '#ฺฉุจุงูู']",[],https://twitter.com/MohsenHor/status/1290655889393950720,False,,0,,,,,,,"[{'user_id': '1034827373038858240', 'username': 'MohsenHor'}]",,,,,0.9912850856781006
