,Unnamed: 0,Unnamed: 0.1,Unnamed: 0.1.1,Unnamed: 0.1.1.1,Unnamed: 0.1.1.1.1,Unnamed: 0.1.1.1.1.1,Unnamed: 0.1.1.1.1.1.1,Unnamed: 0.1.1.1.1.1.1.1,Unnamed: 0.1.1.1.1.1.1.1.1,Unnamed: 0.1.1.1.1.1.1.1.1.1,id,conversation_id,created_at,date,time,timezone,user_id,username,name,place,tweet,mentions,urls,photos,replies_count,retweets_count,likes_count,hashtags,cashtags,link,retweet,quote_url,video,near,geo,source,user_rt_id,user_rt,retweet_id,reply_to,retweet_date,translate,trans_src,trans_dest,Feel
0,0,0.0,0.0,0.0,0.0,0.0,0.0,0.0,0.0,0.0,310519986412199936,310519986412199936,1362868708000,2013-03-10,02:08:28,430,569469822,awtad999,ูุนุฑุถ ุฃูุชุงุฏ ููุฃุทุฑุงู ุงูุตูุงุนูู,,#ูุงู | ููุฏูู: ุญุงุฏุซุฉ ุทุฑููุฉ ููุนุช ูุณูููุง ุงูุงู ุจุงุฑูุณูู!: ุฎูุงู ุงููุจุงุฑุงุฉ ุงูุชู ุฌูุนุช ุจุนุฏ ุธูุฑ ุงูููู ุจูู ูุงูุดุณุชุฑ ุณูุชู ูุจ...  http://bit.ly/Y5QIB7ย,[],['http://bit.ly/Y5QIB7'],[],0,0,0,['#ูุงู'],[],https://twitter.com/awtad999/status/310519986412199936,False,,0,,,,,,,"[{'user_id': '569469822', 'username': 'awtad999'}]",,,,,0.9912850856781006
1,1,1.0,1.0,1.0,1.0,1.0,1.0,1.0,1.0,1.0,421325433037012992,421325433037012992,1389286785000,2014-01-09,20:29:45,430,302678816,hkazazi,Hosein Kazazi,,"ูููุฏู ุงู #ูุง #ูุจ ุงุตู ฺฉุงุฑุดูุงุณ ูู ูุฏุงุฑู ูุงุดุงูุง 
ูุดฺฉู ssl  ููุฏููู ุจุฑุง ฺู :| 
#ูุง_ูุจ",[],[],[],0,0,0,"['#ูุง', '#ูุจ', '#ูุง_ูุจ']",[],https://twitter.com/hkazazi/status/421325433037012992,False,,0,,,,,,,"[{'user_id': '302678816', 'username': 'hkazazi'}]",,,,,0.9912850856781006
2,2,2.0,2.0,2.0,2.0,2.0,2.0,2.0,2.0,2.0,430972585711378432,430947000729624576,1391586846000,2014-02-05,11:24:06,430,302678816,hkazazi,Hosein Kazazi,,@Sahandram_fa ุฎุจ ุงูููู ุชุจูุบ #ูุง #ูุจ ฺฉุฑุฏู ... ููุฏู ุจูุชูู ู ูุช ุฎูุจ ุ,[],[],[],0,0,0,"['#ูุง', '#ูุจ']",[],https://twitter.com/hkazazi/status/430972585711378432,False,,0,,,,,,,"[{'user_id': '302678816', 'username': 'hkazazi'}]",,,,,0.9912850856781006
3,3,3.0,3.0,3.0,3.0,3.0,3.0,3.0,3.0,3.0,453854712132304896,453854712132304896,1397042370000,2014-04-09,15:49:30,430,832939634,mesterech,๐ุขูุงู ุงฺ ๐,,ูุฑุณู ุงุฒ ููู ุ ุชุตููู ุงูู ุดุฏ ุ ุงููุฏูุงุฑู ุณุฑููุณุดูู ุฎูุจ ุจุงุดู ุชุง ุจู ุจููู ูู ุชูุตูู ููู #ูุงู #ูุจ #hiweb  http://instagram.com/p/mkTF5quEAp/ย,[],['http://instagram.com/p/mkTF5quEAp/'],[],1,0,2,"['#ูุงู', '#ูุจ', '#hiweb']",[],https://twitter.com/MesterEch/status/453854712132304896,False,,0,,,,,,,"[{'user_id': '832939634', 'username': 'MesterEch'}]",,,,,0.9912850856781006
4,4,4.0,4.0,4.0,4.0,4.0,4.0,4.0,4.0,4.0,455266249426358273,455266249426358273,1397378906000,2014-04-13,13:18:26,430,832939634,mesterech,๐ุขูุงู ุงฺ ๐,,ููุณุงู ุฒูุงุฏ ุฏุงุฑู ููู ูุนูุง ุงูููุฏุฑ ุฏุงูููุฏ ุฏุงุฏู #hiweb #ูุงู #ูุจ  http://instagram.com/p/muU_BpuEJk/ย,[],['http://instagram.com/p/muU_BpuEJk/'],[],1,0,2,"['#hiweb', '#ูุงู', '#ูุจ']",[],https://twitter.com/MesterEch/status/455266249426358273,False,,0,,,,,,,"[{'user_id': '832939634', 'username': 'MesterEch'}]",,,,,0.9912850856781006
5,5,5.0,5.0,5.0,5.0,5.0,5.0,5.0,5.0,5.0,506129466754867202,506129466754867202,1409505642000,2014-08-31,21:50:42,430,48991609,nimolix,Nima Shayafar,,"#ูุง ูุจ ู ุฎูุจ ุฏุงุฑู ู ุงูู ุงูู ฺฉู ุงุฒ ุจุณ ูุทุน ูโุดู ุดูุง ูุฑุตุช ูโฺฉูุฏ ูุฏุช ุฒูุงู ุจุดุชุฑ ุฑู ุจุง ุฎุงููุงุฏู ุจฺฏุฐุฑููุฏ.
@hiweb_official",['hiweb_official'],[],[],2,4,27,['#ูุง'],[],https://twitter.com/nimolix/status/506129466754867202,False,,0,,,,,,,"[{'user_id': '48991609', 'username': 'nimolix'}, {'user_id': '2520078270', 'username': 'hiweb_official'}]",,,,,0.9912850856781006
6,6,6.0,6.0,6.0,6.0,6.0,6.0,6.0,6.0,6.0,543435631829872641,543432844488753153,1418400125000,2014-12-12,19:32:05,430,471802719,p00ya_,ุขุณ ู ูพุงุณ,,@SEMOSH13 ุงููุฌุง ฺฉู ุดูุง ุจุฌุฒ ูพุดฺฏุงูุงู ุดุฑฺฉุช ุฏฺฏู ุง ูุณุชุ!ูพุงุดู ุจุง #ูุง ูุจ ุฎู ุฎูุจู,['semosh13'],[],[],1,0,1,['#ูุง'],[],https://twitter.com/p00ya_/status/543435631829872641,False,,0,,,,,,,"[{'user_id': '471802719', 'username': 'p00ya_'}, {'user_id': '1896605138', 'username': 'SEMOSH13'}]",,,,,0.9912850856781006
7,7,7.0,7.0,7.0,7.0,7.0,7.0,7.0,7.0,7.0,697561225232850944,697561225232850944,1455146530000,2016-02-11,02:52:10,430,2572593847,h_luigi,ููุฌ ุฃุนุธูู,,"#ูุง ูุจ ฺฉ ฺฏฺฏ ุจู ููุงุณุจุช 22ุจููู ุฏุงุฏู
ุฏุฑ ุนูุถ ุณุฑุนุช ุงููุฏุฑ ุงูุชุถุงุญ ุดุฏู ฺฉู ุจุง ูุช ฺฏูุด ุงููุฏู",[],[],[],1,0,19,['#ูุง'],[],https://twitter.com/H_luigi/status/697561225232850944,False,,0,,,,,,,"[{'user_id': '2572593847', 'username': 'H_luigi'}]",,,,,0.9912850856781006
8,8,8.0,8.0,8.0,8.0,8.0,8.0,8.0,8.0,8.0,703330992069554176,703330992069554176,1456522150000,2016-02-27,00:59:10,430,2572593847,h_luigi,ููุฌ ุฃุนุธูู,,"ุฏุงุฑู ุจุง ููุจุงู ุจุง ุณุฑุนุช 1.4 ูฺฏ ุฏุงูููุฏ ู ฺฉูู
#ูุง ูุจ ูุชุดฺฉุฑู.",[],[],[],1,0,16,['#ูุง'],[],https://twitter.com/H_luigi/status/703330992069554176,False,,0,,,,,,,"[{'user_id': '2572593847', 'username': 'H_luigi'}]",,,,,0.9912850856781006
9,9,9.0,9.0,9.0,9.0,9.0,9.0,9.0,9.0,9.0,722009900411437056,722009900411437056,1460975549000,2016-04-18,15:02:29,430,2410911613,bilghassab,ุจู ูุตุงุจ,,ฺฉ ุงุฒ ุงุชูุงูุงุช ฺฉู ุฎู ุฌุงูุจ ุจูุฏ ู ุงูุฑูุฒ ุจุฑุงู ุงูุชุงุฏ ุงู ุจูุฏ ฺฉู ุตุจุญ #ูุง ูุจ ุซุจุช ูุงู ฺฉุฑุฏู ุจุนุฏ ุงุฒ ุธูุฑ ูุตู ุดุฏู,[],[],[],0,0,1,['#ูุง'],[],https://twitter.com/bilghassab/status/722009900411437056,False,,0,,,,,,,"[{'user_id': '2410911613', 'username': 'bilghassab'}]",,,,,0.9912850856781006
10,10,10.0,10.0,10.0,10.0,10.0,10.0,10.0,10.0,10.0,734432901266313218,734432901266313218,1463937423000,2016-05-22,21:47:03,430,715983176573841408,apurak_website,apurak,,"#ุจูุชุฑู #ุฑุณุชูุฑุงู #ูุง #ุฏูุง .
.
.
.
#ูุชู #ฺฉุงูู #ุฎุจุฑ #ุฏุฑ #ูุจ #ุณุงุช #ุขูพูุฑุงฺฉ
#ูุจ_ุณุงุช_ุขูพูุฑุงฺฉโฆ  https://www.instagram.com/p/BE1nkn-vYhr/ย",[],['https://www.instagram.com/p/BE1nkn-vYhr/'],[],0,0,1,"['#ุจูุชุฑู', '#ุฑุณุชูุฑุงู', '#ูุง', '#ุฏูุง', '#ูุชู', '#ฺฉุงูู', '#ุฎุจุฑ', '#ุฏุฑ', '#ูุจ', '#ุณุงุช', '#ุขูพูุฑุงฺฉ', '#ูุจ_ุณุงุช_ุขูพูุฑุงฺฉ']",[],https://twitter.com/apurak_website/status/734432901266313218,False,,0,,,,,,,"[{'user_id': '715983176573841408', 'username': 'apurak_website'}]",,,,,0.9912850856781006
11,11,11.0,11.0,11.0,11.0,11.0,11.0,11.0,11.0,11.0,734432930722918400,734432930722918400,1463937430000,2016-05-22,21:47:10,430,715983176573841408,apurak_website,apurak,,#ูุจ #ุณุงุช #ุขูพูุฑุงฺฉ #ุดุงูู #ุฌุฏุฏุชุฑู #ุงุฎุจุงุฑ #ุฏุฑ #ุญูุฒู #ูุง #ุณุจฺฉ_ุฒูุฏฺฏ #ุณูุงูุช_ู_ุชูุฏุฑุณุชโฆ  https://www.instagram.com/p/BE4I7GnPYpw/ย,[],['https://www.instagram.com/p/BE4I7GnPYpw/'],[],0,0,1,"['#ูุจ', '#ุณุงุช', '#ุขูพูุฑุงฺฉ', '#ุดุงูู', '#ุฌุฏุฏุชุฑู', '#ุงุฎุจุงุฑ', '#ุฏุฑ', '#ุญูุฒู', '#ูุง', '#ุณุจฺฉ_ุฒูุฏฺฏ', '#ุณูุงูุช_ู_ุชูุฏุฑุณุช']",[],https://twitter.com/apurak_website/status/734432930722918400,False,,0,,,,,,,"[{'user_id': '715983176573841408', 'username': 'apurak_website'}]",,,,,0.9912850856781006
12,12,12.0,12.0,12.0,12.0,12.0,12.0,12.0,12.0,12.0,772393796474576896,772393796474576896,1472988006000,2016-09-04,15:50:06,430,1120325760,elibigenekhob,eli,,ุงูุฑูุฒ ุงุฒ ูุง ูุจ ุฒูฺฏ ุฒุฏู ูุฒุงู ุฑุถุงุชู ุงุฒ ฑ ุชุง ฑฐ ูพุฑุณุฏู ุจู ููุด ต ุฏุงุฏู ุชุงุฒู ูุทู ฺฉุฑุฏู ูฺฏุฑ ูู ููุฑู ุด ฒ ููุงุชุด ณ ุจูุฏ. #ูุง ูุจ,[],[],[],0,0,14,['#ูุง'],[],https://twitter.com/elibigenekhob/status/772393796474576896,False,,0,,,,,,,"[{'user_id': '1120325760', 'username': 'elibigenekhob'}]",,,,,0.9912850856781006
13,13,13.0,13.0,13.0,13.0,13.0,13.0,13.0,13.0,13.0,924562236512796672,924538308709019649,1509267789000,2017-10-29,12:33:09,430,857662547767554049,mmehranetemadi,mehranetemadi,,ุงุณุงุชฺฉ ุจู ูุจูุบ 560 ููุงุฑุฏ ุจู #ูุง ูุจ ูุงฺฏุฐุงุฑ ุดุฏ ูู ูุนูุง ุจุงุฏ ุงุฎุจุงุฑ ุฏุฑุฒ ูฺฉูู ููุด ุฒุฑ ุณุฑ #ุฌูุฑู ุจุง #ูุฑ ูุณุช,['arashbarahmand'],[],[],1,0,3,"['#ูุง', '#ุฌูุฑู', '#ูุฑ']",[],https://twitter.com/MMehranetemadi/status/924562236512796672,False,,0,,,,,,,"[{'user_id': '857662547767554049', 'username': 'MMehranetemadi'}, {'user_id': '309064867', 'username': 'ArashBarahmand'}]",,,,,0.9912850856781006
14,14,14.0,14.0,14.0,14.0,14.0,14.0,14.0,14.0,14.0,960445416465674240,960445416465674240,1517823006000,2018-02-05,13:00:06,430,412203683,30na60,Sina๐ณ,,ุฏูุณุชุงู #ููุฏุงู ฺฉุฏูู ุณุฑูุณ ุงูุชุฑูุช ุฑู ูพุดููุงุฏ ู ฺฉูุฏุุ #ูุง ูุจุ #ุดุงุชูุ #ุขุณุงุชฺฉุ,[],[],[],1,0,1,"['#ููุฏุงู', '#ูุง', '#ุดุงุชู', '#ุขุณุงุชฺฉ']",[],https://twitter.com/30na60/status/960445416465674240,False,,0,,,,,,,"[{'user_id': '412203683', 'username': '30na60'}]",,,,,0.9912850856781006
15,15,15.0,15.0,15.0,15.0,15.0,15.0,15.0,15.0,15.0,982567937297989633,982567937297989633,1523097426000,2018-04-07,15:07:06,430,813640679704428544,soroush_safarii,soroush safari,,"ุงฺฏู ุฒูฺฏ ุจุฒูู ูุงู ูุจ ุจฺฏู ูุดูู ุฏุงุฑู ุ
ุชููุง ฺูุฒุงูู ูู ููฺฏู :
ูก. ุงุฒ ุณุงูุช ุงูุฑุงูู ููุฑุฏ ุชุงููุฏ ุฏุงูููุฏ ูู
ูข. ุงุฒ ูููุชุฑ ุดูู ุงุณุชูุงุฏู ููููู
ูฃ. ูุงุจูู ูุง ูุงู ูุงู 
ูค.ุงููู ูพุณ ุชูู ูููุฑ ุจุฑูุฒ ุจูุงูู ุจุจูููู ฺู ุดุฏู
ูฅ.ุงูุฑุงุฏ ุณุฑุงุณุฑู
#ูุงู-ูุจ
@hiweb_official",['hiweb_official'],[],[],0,0,2,['#ูุงู'],[],https://twitter.com/soroush_safarii/status/982567937297989633,False,,0,,,,,,,"[{'user_id': '813640679704428544', 'username': 'soroush_safarii'}, {'user_id': '2520078270', 'username': 'hiweb_official'}]",,,,,0.9912850856781006
16,16,16.0,16.0,16.0,16.0,16.0,16.0,16.0,16.0,16.0,989033651940753410,989033651940753410,1524638972000,2018-04-25,11:19:32,430,986116312920453120,abandidgah,ุฏุฏฺฏุงู ุขุจุงู,,"#ูุงู #ูุจ
ุงุทูุงุนู
*ุฏุงุฏู ฺฏุณุชุฑ ุนุตุฑ ูููู *     
ุดูุงู ุณุงุฒู ุฏุฑ ุฎุตูุต ุขุฎุฑูู ูุถุนูุช ุดุฑฺฉุช
#ุจูุฑุณ pic.twitter.com/8biwe9rkBK",[],[],['https://pbs.twimg.com/media/DbnA298WkAE6u7h.jpg'],0,0,0,"['#ูุงู', '#ูุจ', '#ุจูุฑุณ']",[],https://twitter.com/abandidgah/status/989033651940753410,False,,0,,,,,,,"[{'user_id': '986116312920453120', 'username': 'abandidgah'}]",,,,,0.9912850856781006
17,17,17.0,17.0,17.0,17.0,17.0,17.0,17.0,17.0,17.0,993383796593410048,993383796593410048,1525676127000,2018-05-07,11:25:27,430,986116312920453120,abandidgah,ุฏุฏฺฏุงู ุขุจุงู,,"ุฏุฑุงุฏุงูู ุชููู ฺูุฏ ูุงู ููุงุฏ #ูุง #ูุจ ู ุชุญูู ุถุฑุฑ ุจู ุณูุงูุฏุงุฑุงู ุฌุฒุ ุฏุฑ ฺฏุฑูู ุข ุช ู ุงูููุฑูุงุชฺฉ ูุนุงููุงุช ูุชุนุงุฏู ู ูุซุจุช ุฏุฑ ุฌุฑุงู ู ุจุงุดุฏ ฺฉู ุฏุฑ ุงู ุจู ููุงุฏ ฺฉู ุญุงุดู ฺฏุฑูู (ุณุณุชู) ุจุง ุฌูุด ููุช ุจู ุตู ุฎุฑุฏ ุฑุณุฏ.
#ุจูุฑุณ",[],[],[],0,0,1,"['#ูุง', '#ูุจ', '#ุจูุฑุณ']",[],https://twitter.com/abandidgah/status/993383796593410048,False,,0,,,,,,,"[{'user_id': '986116312920453120', 'username': 'abandidgah'}]",,,,,0.9912850856781006
18,18,18.0,18.0,18.0,18.0,18.0,18.0,18.0,18.0,18.0,998791484953452544,998791484953452544,1526965421000,2018-05-22,09:33:41,430,986116312920453120,abandidgah,ุฏุฏฺฏุงู ุขุจุงู,,"ุฏุฑฺฏุฑูู ูุชุนุงุฏู ุข ุช ู ุงูููุฑูุงุชฺฉุ ู ุฏุฑ ุงุฏุงูู ุชููู ููุงุฏ #ูุง #ูุจุ ุฏุฑ ููู ุดุฑูุน ุจุงุฒุงุฑ ููุงุฏ #ูุฑูุงู ุจุง ุฌูุด ููุช ุจู ุตู ุฎุฑุฏ ุฑุณุฏ.
#ุจูุฑุณ",[],[],[],0,0,0,"['#ูุง', '#ูุจ', '#ูุฑูุงู', '#ุจูุฑุณ']",[],https://twitter.com/abandidgah/status/998791484953452544,False,,0,,,,,,,"[{'user_id': '986116312920453120', 'username': 'abandidgah'}]",,,,,0.9912850856781006
19,19,19.0,19.0,19.0,19.0,19.0,19.0,19.0,19.0,19.0,1005318887762624512,1005318887762624512,1528521675000,2018-06-09,09:51:15,430,986116312920453120,abandidgah,ุฏุฏฺฏุงู ุขุจุงู,,"ุฏุฑ ุงุฏุงูู ุชููู ููุงุฏ #ูุง ูุจ ู ุฏุฑฺฏุฑูู ุงฺฉุซุฑุง ูุชุนุงุฏู ุข ุช ู ุงูููุฑูุงุชฺฉุ ููุงุฏ ุชุงุฒู ูุงุฑุฏ #ุณูพ ูพุณ ุงุฒ ุนุฑุถู ุญุฏูุฏ 4 ูููู ุณูู ุจุง ุตู ุฎุฑุฏ ุญุฏูุฏ 70 ูููู ุณูู ุฏูุจุงู ู ุดูุฏ. 
#ุจูุฑุณ",[],[],[],0,0,0,"['#ูุง', '#ุณูพ', '#ุจูุฑุณ']",[],https://twitter.com/abandidgah/status/1005318887762624512,False,,0,,,,,,,"[{'user_id': '986116312920453120', 'username': 'abandidgah'}]",,,,,0.9912850856781006
20,20,20.0,20.0,20.0,20.0,20.0,20.0,20.0,20.0,20.0,1008935466106671104,1008935466106671104,1529383934000,2018-06-19,09:22:14,430,986116312920453120,abandidgah,ุฏุฏฺฏุงู ุขุจุงู,,"ููุงุฏ #ูุง ูุจ ููฺูุงู ุจุง ุชููู ุทููุงู ูุฏุช ููุงุฌู ู ุจุงุดุฏ.
#ุจูุฑุณ",[],[],[],0,0,0,"['#ูุง', '#ุจูุฑุณ']",[],https://twitter.com/abandidgah/status/1008935466106671104,False,,0,,,,,,,"[{'user_id': '986116312920453120', 'username': 'abandidgah'}]",,,,,0.9912850856781006
21,21,21.0,21.0,21.0,21.0,21.0,21.0,21.0,21.0,21.0,1013673411439091712,1013673411439091712,1530513549000,2018-07-02,11:09:09,430,986116312920453120,abandidgah,ุฏุฏฺฏุงู ุขุจุงู,,"ุฏุฑ ุงุฏุงูู ุชููู ุทููุงู ูุฏุช ููุงุฏ #ูุง ูุจ ู ูพุณ ุงุฒ ุงูุชุดุงุฑ ุดูุงู ุณุงุฒ ุดุฑฺฉุช #ูุฑูุงูุ ุดุงูุฏ ุงูุฒุงุด ุชูุงุถุง ู ุชุดฺฉู ุตู ุฎุฑุฏ ุงู ููุงุฏ ูพุฑุญุงุดู ุฏุฑ ฺฏุฑูู ุงฺฉุซุฑุง ูุชุนุงุฏู ู ูุซุจุช ุข ุช ู ุงูููุฑูุงุชฺฉ ู ุจุงุดู.
#ุจูุฑุณ",[],[],[],0,0,0,"['#ูุง', '#ูุฑูุงู', '#ุจูุฑุณ']",[],https://twitter.com/abandidgah/status/1013673411439091712,False,,0,,,,,,,"[{'user_id': '986116312920453120', 'username': 'abandidgah'}]",,,,,0.9912850856781006
22,22,22.0,22.0,22.0,22.0,22.0,22.0,22.0,22.0,22.0,1015502301425893376,1015502301425893376,1530949590000,2018-07-07,12:16:30,430,986116312920453120,abandidgah,ุฏุฏฺฏุงู ุขุจุงู,,"ุฏุฑ ุงุฏุงูู ุชููู ุทููุงู ูุฏุช ููุงุฏ #ูุง ูุจ ู ุฏุฑ ฺฏุฑูู ุงฺฉุซุฑุง ูุชุนุงุฏู ุข ุช ู ุงูููุฑูุงุชฺฉุ ููุงุฏ #ูุฑูุงู ุจุง ุฌูุด ููุช ุจู ุตู ุฎุฑุฏ ุฑุณุฏ.
#ุจูุฑุณ",[],[],[],0,0,0,"['#ูุง', '#ูุฑูุงู', '#ุจูุฑุณ']",[],https://twitter.com/abandidgah/status/1015502301425893376,False,,0,,,,,,,"[{'user_id': '986116312920453120', 'username': 'abandidgah'}]",,,,,0.9912850856781006
23,23,23.0,23.0,23.0,23.0,23.0,23.0,23.0,23.0,23.0,1019083884204474368,1019083884204474368,1531803506000,2018-07-17,09:28:26,430,986116312920453120,abandidgah,ุฏุฏฺฏุงู ุขุจุงู,,"ุชูุถุญ ูุฏุฑุนุงูู ""#ูุง #ูุจ "" ุฏุฑููุฑุฏ ูุฌูุน ุณุงูุงูู ู ฺฏุฒุงุฑุด ุญุณุงุจุฑุณ
ุจูุฑุณ ูพุฑุณ - ูุฏุฑุนุงูู ""ูุง ูุจ"" ุฏุฑ ููุฑุฏ ุจุฑฺฏุฒุงุฑ ูุฌูุน ุณุงูุงูู ู ุฒูุงู ุงุฑุงู ฺฏุฒุงุฑุด ุญุณุงุจุฑุณ ุดุฑฺฉุช ุชูุถุญ ุฏุงุฏ ู ุงุฒ ุงุญุชูุงู ุจู ุชููุณ ฺฉุดุฏู ุดุฏู ูุฌูุน ูพูฺ ุดูุจู ุฌุงุฑ ุฎุจุฑ ุฏุงุฏ.
#ุงุฎุจุงุฑ #ุงูุชุตุงุฏ #ุจูุฑุณ",[],[],[],0,0,0,"['#ูุง', '#ูุจ', '#ุงุฎุจุงุฑ', '#ุงูุชุตุงุฏ', '#ุจูุฑุณ']",[],https://twitter.com/abandidgah/status/1019083884204474368,False,,0,,,,,,,"[{'user_id': '986116312920453120', 'username': 'abandidgah'}]",,,,,0.9912850856781006
24,24,24.0,24.0,24.0,24.0,24.0,24.0,24.0,24.0,24.0,1019479822802665478,1019479822802665478,1531897905000,2018-07-18,11:41:45,430,986116312920453120,abandidgah,ุฏุฏฺฏุงู ุขุจุงู,,"ุฏุฑ ุงุฏุงูู ุชููู ุทููุงู ูุฏุช ุญุฏูุฏ 7 ูุงู ููุงุฏ #ูุง #ูุจ ู ุฏุฑ ฺฏุฑูู ุงฺฉุซุฑุง ูุชุนุงุฏู ุข ุช ู ุงูููุฑูุงุชฺฉุ ูุนุงููุงุช ูุซุจุช ููุงุฏ #ูุฑูุงู ูุงุจู ุชูุฌู ู ุจุงุดุฏ.
#ุจูุฑุณ",[],[],[],0,0,0,"['#ูุง', '#ูุจ', '#ูุฑูุงู', '#ุจูุฑุณ']",[],https://twitter.com/abandidgah/status/1019479822802665478,False,,0,,,,,,,"[{'user_id': '986116312920453120', 'username': 'abandidgah'}]",,,,,0.9912850856781006
25,25,25.0,25.0,25.0,25.0,25.0,25.0,25.0,25.0,25.0,1027137092424364033,1027137092424364033,1533723540000,2018-08-08,14:49:00,430,986116312920453120,abandidgah,ุฏุฏฺฏุงู ุขุจุงู,,"#ูุงู ูุจ
ุจุฑุฑุณ #ุงุทูุงุนู 97/05/17
*ุฏุงุฏู ฺฏุณุชุฑ ุนุตุฑ ูููู*    
ุดูุงู ุณุงุฒู ุฏุฑ ุฎุตูุต ุขุฎุฑูู ูุถุนูุช ุดุฑฺฉุช
#ุจูุฑุณ pic.twitter.com/R7EXFcvcDc",[],[],['https://pbs.twimg.com/media/DkEftmaU4AAZaCH.jpg'],0,0,1,"['#ูุงู', '#ุงุทูุงุนู', '#ุจูุฑุณ']",[],https://twitter.com/abandidgah/status/1027137092424364033,False,,0,,,,,,,"[{'user_id': '986116312920453120', 'username': 'abandidgah'}]",,,,,0.9912850856781006
26,26,26.0,26.0,26.0,26.0,26.0,26.0,26.0,26.0,26.0,1031768181474381825,1031768181474381825,1534827678000,2018-08-21,09:31:18,430,986116312920453120,abandidgah,ุฏุฏฺฏุงู ุขุจุงู,,"ุตู ูุง ูุฑูุด
#ูุง ูุจ 157.8 ูููู ุณูู
#ุฏุงุฑู 233 ูุฒุงุฑ ุณูู
#ุจูุฑุณ",[],[],[],0,0,0,"['#ูุง', '#ุฏุงุฑู', '#ุจูุฑุณ']",[],https://twitter.com/abandidgah/status/1031768181474381825,False,,0,,,,,,,"[{'user_id': '986116312920453120', 'username': 'abandidgah'}]",,,,,0.9912850856781006
27,27,27.0,27.0,27.0,27.0,27.0,27.0,27.0,27.0,27.0,1033572195673370625,1033572195673370625,1535257788000,2018-08-26,08:59:48,430,986116312920453120,abandidgah,ุฏุฏฺฏุงู ุขุจุงู,,"ุตู ูุง ูุฑูุด
#ูุง ูุจ 140 ูููู ุณูู
#ุดุณูพุง 5 ูููู ุณูู
#ุดุฑุงููู 3 ูููู ุณูู
#ุจูุฑุณ",[],[],[],0,0,0,"['#ูุง', '#ุดุณูพุง', '#ุดุฑุงููู', '#ุจูุฑุณ']",[],https://twitter.com/abandidgah/status/1033572195673370625,False,,0,,,,,,,"[{'user_id': '986116312920453120', 'username': 'abandidgah'}]",,,,,0.9912850856781006
28,28,28.0,28.0,28.0,28.0,28.0,28.0,28.0,28.0,28.0,1034302009426341889,1034302009426341889,1535431790000,2018-08-28,09:19:50,430,986116312920453120,abandidgah,ุฏุฏฺฏุงู ุขุจุงู,,"ุตู ูุง ูุฑูุด
#ูุง ูุจ 110 ูููู ุณูู
#ุดูพูุง 104.4 ูููู ุณูู
#ุดุฑุงุฒ 4.7 ูููู ุณูู
#ุดุงูุงู 4.1 ูููู ุณูู
#ุฎุดุฑู 1.2 ูููู ุณูู
#ุจูุฑุณ",[],[],[],0,0,0,"['#ูุง', '#ุดูพูุง', '#ุดุฑุงุฒ', '#ุดุงูุงู', '#ุฎุดุฑู', '#ุจูุฑุณ']",[],https://twitter.com/abandidgah/status/1034302009426341889,False,,0,,,,,,,"[{'user_id': '986116312920453120', 'username': 'abandidgah'}]",,,,,0.9912850856781006
29,29,29.0,29.0,29.0,29.0,29.0,29.0,29.0,29.0,29.0,1034686610015629313,1034686610015629313,1535523486000,2018-08-29,10:48:06,430,986116312920453120,abandidgah,ุฏุฏฺฏุงู ุขุจุงู,,"ุจุดุชุฑู ุญุฌู ูุนุงููุงุช 
#ูุง ูุจ 86.4 ูููู ุณูู
#ูุงุฑุงฺฉ 85.8 ูููู ุณูู
#ุฐูุจ 28.4 ูููู ุณูู
#ุดูพูุง 20 ูููู ุณูู
#ุบุจุดูุฑ 19.6 ูููู ุณูู
#ุจูุฑุณ",[],[],[],0,0,0,"['#ูุง', '#ูุงุฑุงฺฉ', '#ุฐูุจ', '#ุดูพูุง', '#ุบุจุดูุฑ', '#ุจูุฑุณ']",[],https://twitter.com/abandidgah/status/1034686610015629313,False,,0,,,,,,,"[{'user_id': '986116312920453120', 'username': 'abandidgah'}]",,,,,0.9912850856781006
30,30,30.0,30.0,30.0,30.0,30.0,30.0,30.0,30.0,30.0,1034692119347126273,1034692119347126273,1535524799000,2018-08-29,11:09:59,430,986116312920453120,abandidgah,ุฏุฏฺฏุงู ุขุจุงู,,"ุจุดุชุฑู ุญุฌู ูุนุงููุงุช 
#ูุงุฑุงฺฉ  100.1 ูููู ุณูู
#ูุง ูุจ 96 ูููู ุณูู
#ุบุจุดูุฑ 52.3 ูููู ุณูู
#ุฎุณุงูพุง 52.5 ูููู ุณูู
#ุฐูุจ 43.5 ูููู ุณูู
#ุจูุฑุณ",[],[],[],0,0,0,"['#ูุงุฑุงฺฉ', '#ูุง', '#ุบุจุดูุฑ', '#ุฎุณุงูพุง', '#ุฐูุจ', '#ุจูุฑุณ']",[],https://twitter.com/abandidgah/status/1034692119347126273,False,,0,,,,,,,"[{'user_id': '986116312920453120', 'username': 'abandidgah'}]",,,,,0.9912850856781006
31,31,31.0,31.0,31.0,31.0,31.0,31.0,31.0,31.0,31.0,1034759733423497216,1034759733423497216,1535540920000,2018-08-29,15:38:40,430,986116312920453120,abandidgah,ุฏุฏฺฏุงู ุขุจุงู,,"ุจุดุชุฑู ุญุฌู ูุนุงููุงุช 
#ูุจููุช 1.09 ููุงุฑุฏ ุณูู
#ูุงุฑุงฺฉ  168.5 ูููู ุณูู
#ุฎุณุงูพุง 52.3 ูููู ุณูู
#ูุชุฌุงุฑุช 154.3 ูููู ุณูู
#ูุง ูุจ 121.1 ูููู ุณูู
#ุจูุฑุณ",[],[],[],0,0,0,"['#ูุจููุช', '#ูุงุฑุงฺฉ', '#ุฎุณุงูพุง', '#ูุชุฌุงุฑุช', '#ูุง', '#ุจูุฑุณ']",[],https://twitter.com/abandidgah/status/1034759733423497216,False,,0,,,,,,,"[{'user_id': '986116312920453120', 'username': 'abandidgah'}]",,,,,0.9912850856781006
32,32,32.0,32.0,32.0,32.0,32.0,32.0,32.0,32.0,32.0,1036487135476441088,1036487135476441088,1535952764000,2018-09-03,10:02:44,430,986116312920453120,abandidgah,ุฏุฏฺฏุงู ุขุจุงู,,"ุจุดุชุฑู ุญุฌู ูุนุงููุงุช 
#ุฎุณุงูพุง 102.4 ูููู ุณูู
#ูุจููุช 50.4 ูููู ุณูู
#ุดูพูุง 43.2 ูููู ุณูู
#ูุง ูุจ 22.4 ูููู ุณูู
#ุฎูพุงุฑุณ 22.2 ูููู ุณูู
#ุจูุฑุณ",[],[],[],0,0,0,"['#ุฎุณุงูพุง', '#ูุจููุช', '#ุดูพูุง', '#ูุง', '#ุฎูพุงุฑุณ', '#ุจูุฑุณ']",[],https://twitter.com/abandidgah/status/1036487135476441088,False,,0,,,,,,,"[{'user_id': '986116312920453120', 'username': 'abandidgah'}]",,,,,0.9912850856781006
33,33,33.0,33.0,33.0,33.0,33.0,33.0,33.0,33.0,33.0,1052432961730215936,1052432961730215936,1539754545000,2018-10-17,09:05:45,430,986116312920453120,abandidgah,ุฏุฏฺฏุงู ุขุจุงู,,"ุตู ูุง ุฎุฑุฏ
#ุฏุงูู 100.2 ูููู ุณูู
#ูุง ูุจ 19.4 ูููู ุณูู
#ุฏูุฑ 19.1 ูููู ุณูู
#ุชุงูพฺฉุด 13.3 ูููู ุณูู
#ฺฉุณุฑุงู 6 ูููู ุณูู
#ุจูุฑุณ",[],[],[],1,0,1,"['#ุฏุงูู', '#ูุง', '#ุฏูุฑ', '#ุชุงูพฺฉุด', '#ฺฉุณุฑุงู', '#ุจูุฑุณ']",[],https://twitter.com/abandidgah/status/1052432961730215936,False,,0,,,,,,,"[{'user_id': '986116312920453120', 'username': 'abandidgah'}]",,,,,0.9912850856781006
34,34,34.0,34.0,34.0,34.0,34.0,34.0,34.0,34.0,34.0,1053543182149988352,1053543182149988352,1540019243000,2018-10-20,10:37:23,430,986116312920453120,abandidgah,ุฏุฏฺฏุงู ุขุจุงู,,"ุจุดุชุฑู ุญุฌู ูุนุงููุงุช 
#ูุจููุช 143.3 ูููู ุณูู
#ูุชุฌุงุฑุช 143.3 ูููู ุณูู
#ุฐูุจ  80.6 ูููู ุณูู
#ููุฑูุญ 68.2 ูููู ุณูู
#ูุง ูุจ 43.3 ูููู ุณูู
#ุจูุฑุณ",[],[],[],0,0,0,"['#ูุจููุช', '#ูุชุฌุงุฑุช', '#ุฐูุจ', '#ููุฑูุญ', '#ูุง', '#ุจูุฑุณ']",[],https://twitter.com/abandidgah/status/1053543182149988352,False,,0,,,,,,,"[{'user_id': '986116312920453120', 'username': 'abandidgah'}]",,,,,0.9912850856781006
35,35,35.0,35.0,35.0,35.0,35.0,35.0,35.0,35.0,35.0,1054265260046073858,1054265260046073858,1540191399000,2018-10-22,10:26:39,430,986116312920453120,abandidgah,ุฏุฏฺฏุงู ุขุจุงู,,"ุฏุฑ ุจุงุฒฺฏุดุง ูุง #ูุจููุช ุงูุช 10 ุฏุฑุตุฏ ุฑุง ุซุจุช ฺฉุฑุฏู ุงุณุช. #ูุง ูุจ ุฏุฑ ูุญุฏูุฏู ููุช ูพุงุงู ุฑูุฒ ฺฏุฐุดุชู ุฏุงุฏ ู ุณุชุฏ ู ุดูุฏ. #ุฑููพูุง ุจุง ุงูุช 1 ุฏุฑุตุฏ ุฑูุจุฑูุณุช. #ูุงูุฏ ูพุณ ุงุฒ ุจุงุฒฺฏุดุง ุงูุช ุจุด ุงุฒ 3 ุฏุฑุตุฏ ุฑุง ุชุฌุฑุจู ูููุงุฏ. #ฺุฏู ูุฒ ุฏุฑ ูุญุฏูุฏู ููุช ูพุงุงู ุฑูุฒ ฺฏุฐุดุชู ุจุงุฒฺฏุดุง ุดุฏู ุงุณุช.
#ุจูุฑุณ",[],[],[],0,0,0,"['#ูุจููุช', '#ูุง', '#ุฑููพูุง', '#ูุงูุฏ', '#ฺุฏู', '#ุจูุฑุณ']",[],https://twitter.com/abandidgah/status/1054265260046073858,False,,0,,,,,,,"[{'user_id': '986116312920453120', 'username': 'abandidgah'}]",,,,,0.9912850856781006
36,36,36.0,36.0,36.0,36.0,36.0,36.0,36.0,36.0,36.0,1062237492651282432,1062237492651282432,1542092128000,2018-11-13,10:25:28,430,986116312920453120,abandidgah,ุฏุฏฺฏุงู ุขุจุงู,,"ุจุดุชุฑู ุญุฌู ูุนุงููุงุช 
#ูุชุฌุงุฑุช 477 ูููู ุณูู
#ุฎุณุงูพุง 140.3 ูููู ุณูู
#ูุจููุช 74.9 ูููู ุณูู
#ูุจุตุงุฏุฑ 56.1 ูููู ุณูู
#ูุง ูุจ 38.5 ูููู ุณูู
#ุจูุฑุณ",[],[],[],0,0,0,"['#ูุชุฌุงุฑุช', '#ุฎุณุงูพุง', '#ูุจููุช', '#ูุจุตุงุฏุฑ', '#ูุง', '#ุจูุฑุณ']",[],https://twitter.com/abandidgah/status/1062237492651282432,False,,0,,,,,,,"[{'user_id': '986116312920453120', 'username': 'abandidgah'}]",,,,,0.9912850856781006
37,37,37.0,37.0,37.0,37.0,37.0,37.0,37.0,37.0,37.0,1062218474347360256,1062218474347360256,1542087594000,2018-11-13,09:09:54,430,986116312920453120,abandidgah,ุฏุฏฺฏุงู ุขุจุงู,,"ุตู ูุง ุฎุฑุฏ
#ูุชุฌุงุฑุช 138.9 ูููู ุณูู
#ุดุจุตุฑ 73 ูููู ุณูู
#ุฒูพุงุฑุณ 37.9 ูููู ุณูู
#ูพุงุณุง 25.6  ูููู ุณูู
#ูุง ูุจ 23 ูููู ุณูู
#ุจูุฑุณ",[],[],[],0,0,0,"['#ูุชุฌุงุฑุช', '#ุดุจุตุฑ', '#ุฒูพุงุฑุณ', '#ูพุงุณุง', '#ูุง', '#ุจูุฑุณ']",[],https://twitter.com/abandidgah/status/1062218474347360256,False,,0,,,,,,,"[{'user_id': '986116312920453120', 'username': 'abandidgah'}]",,,,,0.9912850856781006
38,38,38.0,38.0,38.0,38.0,38.0,38.0,38.0,38.0,38.0,1062251311695970305,1062251311695970305,1542095423000,2018-11-13,11:20:23,430,986116312920453120,abandidgah,ุฏุฏฺฏุงู ุขุจุงู,,"ุฏุฑ ฺฏุฑูู ุฑุงุงูู ู ุงุทูุงุนุงุชุ ุฏุฑ ุญุงู ฺฉู ุฑุงุงูู ุง ูุง ุฏุฑ ุชฺฉ ููุงุฏูุง #ุชุงูพฺฉุดุ #ูุฑูุงู ู #ูพุฑุฏุงุฎุช ูุนุงููุงุช ูุซุจุช ู ุงูุจุชู ฺฉู ุญุฌู ุฏุงุฑูุฏุ ุงุทูุงุนุงุช ูุง ุฏุฑ #ุงูุงู ู #ูุง ูุจ ููุฑุฏ ุชูุฌููุฏ. #ูุง_ูุจ ุจุงูุงุชุฑ ุงุฒ 700 ุชููุงู ุตู ุฎุฑุฏ ุฏุงุฑุฏ ู #ุงูุงู ูุฒ ุจุง ุฑุดุฏ 10 ุฏุฑุตุฏ ุฑูุจุฑูุณุช.
#ุจูุฑุณ",[],[],[],1,0,0,"['#ุชุงูพฺฉุด', '#ูุฑูุงู', '#ูพุฑุฏุงุฎุช', '#ุงูุงู', '#ูุง', '#ูุง_ูุจ', '#ุงูุงู', '#ุจูุฑุณ']",[],https://twitter.com/abandidgah/status/1062251311695970305,False,,0,,,,,,,"[{'user_id': '986116312920453120', 'username': 'abandidgah'}]",,,,,0.9912850856781006
39,39,39.0,39.0,39.0,39.0,39.0,39.0,39.0,39.0,39.0,1062628649608732672,1062628649608732672,1542185387000,2018-11-14,12:19:47,430,986116312920453120,abandidgah,ุฏุฏฺฏุงู ุขุจุงู,,"ุฏุฑ ฺฏุฑูู ุฑุงุงูู ู ุงุทูุงุนุงุชุ #ุขูพ ุชฺฉ ููุงุฏ ููุฑุฏ ุชูุฌู ฺฏุฑูู ูุณุช ู ุตู ุฎุฑุฏ ุฏุงุฑุฏ. ุฏุฑ ุงุทูุงุนุงุช ูุง ูุฒ #ุงูพุฑุฏุงุฒ ุตู ุฎุฑุฏ ุฏุงุฑุฏ ู #ูุง ูุจ ุจุงูุงุชุฑ ุฏุฑ ุณุทุญ 7000 ุฑุงู ููุณุงู ุฏุงุฑุฏ.
#ุจูุฑุณ",[],[],[],0,0,0,"['#ุขูพ', '#ุงูพุฑุฏุงุฒ', '#ูุง', '#ุจูุฑุณ']",[],https://twitter.com/abandidgah/status/1062628649608732672,False,,0,,,,,,,"[{'user_id': '986116312920453120', 'username': 'abandidgah'}]",,,,,0.9912850856781006
40,40,40.0,40.0,40.0,40.0,40.0,40.0,40.0,40.0,40.0,1072820279280205824,1072820279280205824,1544615261000,2018-12-12,15:17:41,430,986116312920453120,abandidgah,ุฏุฏฺฏุงู ุขุจุงู,,"#ูุงู ูุจ
ุจุฑุฑุณ #ุงุทูุงุนู 97/09/21
*ุฏุงุฏู ฺฏุณุชุฑ ุนุตุฑ ูููู*    
ุงูุดุง ุงุทูุงุนุงุช ุจุงุงููุช - (ุณุงุฑ ุงุทูุงุนุงุช ุจุงุงููุช - ุงุฎุฐ ฺฏูุงู ูุจูู ููุง ุฎุฏูุช ูพุฑูฺู USOฒ- ฺฏุฑูู ุจ) ููุชู ุจู ุณุงู ูุงู ฑณนท/ฑฒ/ฒน
#ุจูุฑุณ pic.twitter.com/tmRd1joiat",[],[],['https://pbs.twimg.com/media/DuNsV-2UwAE_YQV.jpg'],0,0,0,"['#ูุงู', '#ุงุทูุงุนู', '#ุจูุฑุณ']",[],https://twitter.com/abandidgah/status/1072820279280205824,False,,0,,,,,,,"[{'user_id': '986116312920453120', 'username': 'abandidgah'}]",,,,,0.9912850856781006
41,41,41.0,41.0,41.0,41.0,41.0,41.0,41.0,41.0,41.0,1090483816320225280,1090483816320225280,1548826576000,2019-01-30,09:06:16,430,986116312920453120,abandidgah,ุฏุฏฺฏุงู ุขุจุงู,,"ุตู ูุง ุฎุฑุฏ
#ููุชูุณ 153 ูููู ุณูู
#ุณุชุฑุงู 59.1 ูููู ุณูู
#ุงุชฺฉุง 55.2 ูููู ุณูู
#ูุง ูุจ 29.2 ูููู ุณูู
#ฺฉูุงุณู 10.8 ูููู ุณูู
#ุจูุฑุณ",[],[],[],0,0,0,"['#ููุชูุณ', '#ุณุชุฑุงู', '#ุงุชฺฉุง', '#ูุง', '#ฺฉูุงุณู', '#ุจูุฑุณ']",[],https://twitter.com/abandidgah/status/1090483816320225280,False,,0,,,,,,,"[{'user_id': '986116312920453120', 'username': 'abandidgah'}]",,,,,0.9912850856781006
42,42,42.0,42.0,42.0,42.0,42.0,42.0,42.0,42.0,42.0,1090508977408860161,1090508977408860161,1548832575000,2019-01-30,10:46:15,430,986116312920453120,abandidgah,ุฏุฏฺฏุงู ุขุจุงู,,"ููุงุฏูุง ุชุงุซุฑ ฺฏุฐุงุฑ ุฏุฑ #ุดุงุฎุต
#ูููุงุฏ 195 ูุงุญุฏ ูุซุจุช
#ฺฉฺฏู 61 ูุงุญุฏ ููู
#ุดุจูุฏุฑ 39 ูุงุญุฏ ููู
#ูุชุฌุงุฑุช 32 ูุงุญุฏ ููู
#ุชุงูพฺฉู 25 ูุงุญุฏ ููู
#ูุง ูุจ 24 ูุงุญุฏ ูุซุจุช
#ุฌู 24 ูุงุญุฏ ูุซุจุช
#ุจูุฑุณ",[],[],[],0,0,0,"['#ุดุงุฎุต', '#ูููุงุฏ', '#ฺฉฺฏู', '#ุดุจูุฏุฑ', '#ูุชุฌุงุฑุช', '#ุชุงูพฺฉู', '#ูุง', '#ุฌู', '#ุจูุฑุณ']",[],https://twitter.com/abandidgah/status/1090508977408860161,False,,0,,,,,,,"[{'user_id': '986116312920453120', 'username': 'abandidgah'}]",,,,,0.9912850856781006
43,43,43.0,43.0,43.0,43.0,43.0,43.0,43.0,43.0,43.0,1090509030793990144,1090509030793990144,1548832588000,2019-01-30,10:46:28,430,986116312920453120,abandidgah,ุฏุฏฺฏุงู ุขุจุงู,,"ุจุดุชุฑู ุญุฌู ูุนุงููุงุช 
#ูุชุฌุงุฑุช 43.4 ูููู ุณูู
#ูุจุตุงุฏุฑ 36.1 ูููู ุณูู
#ูุง ูุจ 34.7 ูููู ุณูู
#ุฎุฒุงูุง 26.7 ูููู ุณูู
#ุญุขุณุง 24 ูููู ุณูู
#ุจูุฑุณ",[],[],[],0,0,0,"['#ูุชุฌุงุฑุช', '#ูุจุตุงุฏุฑ', '#ูุง', '#ุฎุฒุงูุง', '#ุญุขุณุง', '#ุจูุฑุณ']",[],https://twitter.com/abandidgah/status/1090509030793990144,False,,0,,,,,,,"[{'user_id': '986116312920453120', 'username': 'abandidgah'}]",,,,,0.9912850856781006
44,44,44.0,44.0,44.0,44.0,44.0,44.0,44.0,44.0,44.0,1090513464794046465,1090513464794046465,1548833645000,2019-01-30,11:04:05,430,986116312920453120,abandidgah,ุฏุฏฺฏุงู ุขุจุงู,,"ุจุดุชุฑู ุญุฌู ูุนุงููุงุช 
#ูุชุฌุงุฑุช 74.2 ูููู ุณูู
#ุฐูุจ 71.9 ูููู ุณูู
#ุฎูุฏุฑู  54.1 ูููู ุณูู
#ูุจุตุงุฏุฑ 50.1 ูููู ุณูู
#ูุง ูุจ 36.6 ูููู ุณูู
#ุจูุฑุณ",[],[],[],0,0,0,"['#ูุชุฌุงุฑุช', '#ุฐูุจ', '#ุฎูุฏุฑู', '#ูุจุตุงุฏุฑ', '#ูุง', '#ุจูุฑุณ']",[],https://twitter.com/abandidgah/status/1090513464794046465,False,,0,,,,,,,"[{'user_id': '986116312920453120', 'username': 'abandidgah'}]",,,,,0.9912850856781006
45,45,45.0,45.0,45.0,45.0,45.0,45.0,45.0,45.0,45.0,1090591452051066880,1090591452051066880,1548852239000,2019-01-30,16:13:59,430,986116312920453120,abandidgah,ุฏุฏฺฏุงู ุขุจุงู,,"ุจุดุชุฑู ุญุฌู ูุนุงููุงุช 
#ูุชุฌุงุฑุช 197.2 ูููู ุณูู
#ุฐูุจ 191.1 ูููู ุณูู
#ุฎุณุงูพุง 102.4 ูููู ุณูู
#ูุจุตุงุฏุฑ 93.6 ูููู ุณูู
#ูุง ูุจ 90.1 ูููู ุณูู
#ุจูุฑุณ",[],[],[],0,0,0,"['#ูุชุฌุงุฑุช', '#ุฐูุจ', '#ุฎุณุงูพุง', '#ูุจุตุงุฏุฑ', '#ูุง', '#ุจูุฑุณ']",[],https://twitter.com/abandidgah/status/1090591452051066880,False,,0,,,,,,,"[{'user_id': '986116312920453120', 'username': 'abandidgah'}]",,,,,0.9912850856781006
46,46,46.0,46.0,46.0,46.0,46.0,46.0,46.0,46.0,46.0,1092674386971156480,1092674386971156480,1549348849000,2019-02-05,10:10:49,430,986116312920453120,abandidgah,ุฏุฏฺฏุงู ุขุจุงู,,"ุจุดุชุฑู ุญุฌู ูุนุงููุงุช 
#ุฐูุจ 224.8 ูููู ุณูู
#ูุง ูุจ 48.1 ูููู ุณูู
#ูุชุฌุงุฑุช 37.5 ูููู ุณูู
#ููู 36.5 ูููู ุณูู
#ุดูพู 17.6 ูููู ุณูู
#ุจูุฑุณ",[],[],[],0,0,0,"['#ุฐูุจ', '#ูุง', '#ูุชุฌุงุฑุช', '#ููู', '#ุดูพู', '#ุจูุฑุณ']",[],https://twitter.com/abandidgah/status/1092674386971156480,False,,0,,,,,,,"[{'user_id': '986116312920453120', 'username': 'abandidgah'}]",,,,,0.9912850856781006
47,47,47.0,47.0,47.0,47.0,47.0,47.0,47.0,47.0,47.0,1093117315741184000,1093117315741184000,1549454451000,2019-02-06,15:30:51,430,986116312920453120,abandidgah,ุฏุฏฺฏุงู ุขุจุงู,,"ุจุดุชุฑู ุญุฌู ูุนุงููุงุช 
#ุฐูุจ 217.3 ูููู ุณูู
#ูุจุฑุง 164.6 ูููู ุณูู
#ูุงุฑุงฺฉ  157.1 ูููู ุณูู
#ูุงููุงุฒ 89.9 ูููู ุณูู
#ูุง ูุจ 86.4 ูููู ุณูู
#ุจูุฑุณ",[],[],[],0,0,0,"['#ุฐูุจ', '#ูุจุฑุง', '#ูุงุฑุงฺฉ', '#ูุงููุงุฒ', '#ูุง', '#ุจูุฑุณ']",[],https://twitter.com/abandidgah/status/1093117315741184000,False,,0,,,,,,,"[{'user_id': '986116312920453120', 'username': 'abandidgah'}]",,,,,0.9912850856781006
48,48,48.0,48.0,48.0,48.0,48.0,48.0,48.0,48.0,48.0,1093021055256416256,1093021055256416256,1549431501000,2019-02-06,09:08:21,430,986116312920453120,abandidgah,ุฏุฏฺฏุงู ุขุจุงู,,"ุตู ูุง ุฎุฑุฏ
#ูุง ูุจ 40.9 ูููู ุณูู
#ููพุชุฑู 18 ูููู ุณูู
#ุดฺฉุฑุจู 10.1 ูููู ุณูู
#ุดูพุชุฑู 8.3 ูููู ุณูู
#ุฎุงูู 4.5 ูููู ุณูู
#ุจูุฑุณ",[],[],[],0,0,0,"['#ูุง', '#ููพุชุฑู', '#ุดฺฉุฑุจู', '#ุดูพุชุฑู', '#ุฎุงูู', '#ุจูุฑุณ']",[],https://twitter.com/abandidgah/status/1093021055256416256,False,,0,,,,,,,"[{'user_id': '986116312920453120', 'username': 'abandidgah'}]",,,,,0.9912850856781006
49,49,49.0,49.0,49.0,49.0,49.0,49.0,49.0,49.0,49.0,1093039553479270400,1093039553479270400,1549435911000,2019-02-06,10:21:51,430,986116312920453120,abandidgah,ุฏุฏฺฏุงู ุขุจุงู,,"ููุงุฏูุง ุชุงุซุฑ ฺฏุฐุงุฑ ุฏุฑ #ุดุงุฎุต
#ููู 100 ูุงุญุฏ ูุซุจุช
#ูุจููุช 68 ูุงุญุฏ ูุซุจุช
#ูุบุฏุฑ 60 ูุงุญุฏ ูุซุจุช
#ูุชุฌุงุฑุช 31 ูุงุญุฏ ูุซุจุช
#ูุง ูุจ 25 ูุงุญุฏ ูุซุจุช
#ฺฉฺฏู 18 ูุงุญุฏ ูุซุจุช
#ูุงุฑุณ 16 ูุงุญุฏ ูุซุจุช
#ุจูุฑุณ",[],[],[],0,0,0,"['#ุดุงุฎุต', '#ููู', '#ูุจููุช', '#ูุบุฏุฑ', '#ูุชุฌุงุฑุช', '#ูุง', '#ฺฉฺฏู', '#ูุงุฑุณ', '#ุจูุฑุณ']",[],https://twitter.com/abandidgah/status/1093039553479270400,False,,0,,,,,,,"[{'user_id': '986116312920453120', 'username': 'abandidgah'}]",,,,,0.9912850856781006
50,50,50.0,50.0,50.0,50.0,50.0,50.0,50.0,50.0,50.0,1093039645464526849,1093039645464526849,1549435933000,2019-02-06,10:22:13,430,986116312920453120,abandidgah,ุฏุฏฺฏุงู ุขุจุงู,,"ุจุดุชุฑู ุญุฌู ูุนุงููุงุช 
#ุฐูุจ 111.5 ูููู ุณูู
#ูุจุฑุง 109.8 ูููู ุณูู
#ูุง ูุจ 55.7 ูููู ุณูู
#ูุงุฑุงฺฉ 49.1 ูููู ุณูู
#ุฎุงูู 31.3 ูููู ุณูู
#ุจูุฑุณ",[],[],[],0,0,0,"['#ุฐูุจ', '#ูุจุฑุง', '#ูุง', '#ูุงุฑุงฺฉ', '#ุฎุงูู', '#ุจูุฑุณ']",[],https://twitter.com/abandidgah/status/1093039645464526849,False,,0,,,,,,,"[{'user_id': '986116312920453120', 'username': 'abandidgah'}]",,,,,0.9912850856781006
51,51,51.0,51.0,51.0,51.0,51.0,51.0,51.0,51.0,51.0,1093061015040778240,1093061015040778240,1549441028000,2019-02-06,11:47:08,430,986116312920453120,abandidgah,ุฏุฏฺฏุงู ุขุจุงู,,"ููุงุฏูุง ุชุงุซุฑ ฺฏุฐุงุฑ ุฏุฑ #ุดุงุฎุต
#ููู 98 ูุงุญุฏ ูุซุจุช
#ูุบุฏุฑ 69 ูุงุญุฏ ูุซุจุช
#ูุจููุช 53 ูุงุญุฏ ูุซุจุช
#ููุนุงุฏู 42 ูุงุญุฏ ููู
#ูุชุฌุงุฑุช  32 ูุงุญุฏ ูุซุจุช
#ฺฉฺฏู 32 ูุงุญุฏ ูุซุจุช
#ูุง ูุจ 25 ูุงุญุฏ ูุซุจุช
#ุจูุฑุณ",[],[],[],0,0,0,"['#ุดุงุฎุต', '#ููู', '#ูุบุฏุฑ', '#ูุจููุช', '#ููุนุงุฏู', '#ูุชุฌุงุฑุช', '#ฺฉฺฏู', '#ูุง', '#ุจูุฑุณ']",[],https://twitter.com/abandidgah/status/1093061015040778240,False,,0,,,,,,,"[{'user_id': '986116312920453120', 'username': 'abandidgah'}]",,,,,0.9912850856781006
52,52,52.0,52.0,52.0,52.0,52.0,52.0,52.0,52.0,52.0,1093061187422449664,1093061187422449664,1549441069000,2019-02-06,11:47:49,430,986116312920453120,abandidgah,ุฏุฏฺฏุงู ุขุจุงู,,"ุจุดุชุฑู ุญุฌู ูุนุงููุงุช 
#ุฐูุจ 141.3 ูููู ุณูู
#ูุจุฑุง 129.2 ูููู ุณูู
#ูุง ูุจ 67.1 ูููู ุณูู
#ูุงุฑุงฺฉ 49.9 ูููู ุณูู
#ูุชุฌุงุฑุช 43.7 ูููู ุณูู
#ุจูุฑุณ",[],[],[],0,0,0,"['#ุฐูุจ', '#ูุจุฑุง', '#ูุง', '#ูุงุฑุงฺฉ', '#ูุชุฌุงุฑุช', '#ุจูุฑุณ']",[],https://twitter.com/abandidgah/status/1093061187422449664,False,,0,,,,,,,"[{'user_id': '986116312920453120', 'username': 'abandidgah'}]",,,,,0.9912850856781006
53,53,53.0,53.0,53.0,53.0,53.0,53.0,53.0,53.0,53.0,1098193237955624960,1098193237955624960,1550664646000,2019-02-20,15:40:46,430,986116312920453120,abandidgah,ุฏุฏฺฏุงู ุขุจุงู,,"ุจุดุชุฑู ุญุฌู ูุนุงููุงุช 
#ุฐูุจ 237.5 ูููู ุณูู
#ูููุงุฏ 137.7 ูููู ุณูู
#ููู 124.7 ูููู ุณูู
#ูุชุฌุงุฑุช 71.9 ูููู ุณูู
#ูุง ูุจ 59.2 ูููู ุณูู
#ุจูุฑุณ",[],[],[],0,0,0,"['#ุฐูุจ', '#ูููุงุฏ', '#ููู', '#ูุชุฌุงุฑุช', '#ูุง', '#ุจูุฑุณ']",[],https://twitter.com/abandidgah/status/1098193237955624960,False,,0,,,,,,,"[{'user_id': '986116312920453120', 'username': 'abandidgah'}]",,,,,0.9912850856781006
54,54,54.0,54.0,54.0,54.0,54.0,54.0,54.0,54.0,54.0,1099543069567774721,1099543069567774721,1550986470000,2019-02-24,09:04:30,430,986116312920453120,abandidgah,ุฏุฏฺฏุงู ุขุจุงู,,"ุตู ูุง ูุฑูุด
#ูุง ูุจ 25.1 ูููู ุณูู
#ุบูพุขุฐุฑ 4.1 ูููู ุณูู
#ุฑุชฺฉู 3.6 ูููู ุณูู
#ุดฺฉุฑุจู 2.5 ูููู ุณูู
#ุจูุฑุณ",[],[],[],0,0,0,"['#ูุง', '#ุบูพุขุฐุฑ', '#ุฑุชฺฉู', '#ุดฺฉุฑุจู', '#ุจูุฑุณ']",[],https://twitter.com/abandidgah/status/1099543069567774721,False,,0,,,,,,,"[{'user_id': '986116312920453120', 'username': 'abandidgah'}]",,,,,0.9912850856781006
55,55,55.0,55.0,55.0,55.0,55.0,55.0,55.0,55.0,55.0,1157580437738250240,1157580437738250240,1564823657000,2019-08-03,13:44:17,430,986116312920453120,abandidgah,ุฏุฏฺฏุงู ุขุจุงู,,"ุจุดุชุฑู ุญุฌู ูุนุงููุงุช 
#ูุชุฌุงุฑุช 208.6 ูููู ุณูู
#ุฐูุจ 108.4 ูููู ุณูู
#ูุง ูุจ 96.9 ูููู ุณูู
#ูพุชุฑูู 95.7 ูููู ุณูู
#ูุงุฑุงฺฉ 67.5 ูููู ุณูู
#ุจูุฑุณ",[],[],[],0,0,1,"['#ูุชุฌุงุฑุช', '#ุฐูุจ', '#ูุง', '#ูพุชุฑูู', '#ูุงุฑุงฺฉ', '#ุจูุฑุณ']",[],https://twitter.com/abandidgah/status/1157580437738250240,False,,0,,,,,,,"[{'user_id': '986116312920453120', 'username': 'abandidgah'}]",,,,,0.9912850856781006
56,56,56.0,56.0,56.0,56.0,56.0,56.0,56.0,56.0,56.0,1158600520363175936,1158600520363175936,1565066864000,2019-08-06,09:17:44,430,986116312920453120,abandidgah,ุฏุฏฺฏุงู ุขุจุงู,,"ุตู ุฎุฑุฏ
#ุงุฎุงุจุฑ 128.9 ูููู ุณูู
#ูุจุดูุฑ 27 ูููู ุณูู
#ูุง ูุจ 24.7 ูููู ุณูู
#ููุชูุณ 25 ูููู ุณูู
#ูููู 20 ูููู ุณูู
#ุจูุฑุณ",[],[],[],0,0,0,"['#ุงุฎุงุจุฑ', '#ูุจุดูุฑ', '#ูุง', '#ููุชูุณ', '#ูููู', '#ุจูุฑุณ']",[],https://twitter.com/abandidgah/status/1158600520363175936,False,,0,,,,,,,"[{'user_id': '986116312920453120', 'username': 'abandidgah'}]",,,,,0.9912850856781006
57,57,57.0,57.0,57.0,57.0,57.0,57.0,57.0,57.0,57.0,1158619560968241152,1158619560968241152,1565071404000,2019-08-06,10:33:24,430,986116312920453120,abandidgah,ุฏุฏฺฏุงู ุขุจุงู,,"ุจุดุชุฑู ุญุฌู ูุนุงููุงุช 
#ุงุฎุงุจุฑ 148.1 ูููู ุณูู
#ุฎูพุงุฑุณ 110.6 ูููู ุณูู
#ูุชุฌุงุฑุช 103.3 ูููู ุณูู
#ุฐูุจ 48.7 ูููู ุณูู
#ูุง ูุจ 44.9 ูููู ุณูู
#ุจูุฑุณ",[],[],[],0,0,0,"['#ุงุฎุงุจุฑ', '#ุฎูพุงุฑุณ', '#ูุชุฌุงุฑุช', '#ุฐูุจ', '#ูุง', '#ุจูุฑุณ']",[],https://twitter.com/abandidgah/status/1158619560968241152,False,,0,,,,,,,"[{'user_id': '986116312920453120', 'username': 'abandidgah'}]",,,,,0.9912850856781006
58,58,58.0,58.0,58.0,58.0,58.0,58.0,58.0,58.0,58.0,1224350435135434755,1224241262188027904,1580742865000,2020-02-03,18:44:25,430,1220789450361528320,ali9959618081,ali99,,"ุงู ฺู ูุถุน ุงูุชุฑูุชู ุงุฎู 
ูุง ูุจ ุฏุงุบููู ุง ุณุฑุงุณุฑู
#ูุง ูุจ
#ุงูุชุฑูุช
#hiweb",['azarijahromi'],[],[],1,1,1,"['#ูุง', '#ุงูุชุฑูุช', '#hiweb']",[],https://twitter.com/ali9959618081/status/1224350435135434755,False,,0,,,,,,,"[{'user_id': '1220789450361528320', 'username': 'ali9959618081'}, {'user_id': '885835554776121344', 'username': 'azarijahromi'}]",,,,,0.9912850856781006
59,59,59.0,59.0,59.0,59.0,59.0,59.0,59.0,59.0,59.0,1239338465512296451,1239338465512296451,1584316290000,2020-03-16,03:21:30,430,1099594766977847296,boursies,boursies,,"#ูุง ูุจ ฺุงุฑุช ฺฉุงููุง ุณุงุฏู  ููุงููุชูุง ู ุญูุงุชูุง ูุดุฎุต ุดุฏู ุจู ุดุฑุท ุงุฒ ุฏุณุช ูุฏุงุฏู ุญูุงุช ูุนู นตฒต ูุฏู ฑดฐฐ ุฏูุฑ ุงุฒ ุฐูู ูุฎูุงูุฏ ุจูุฏ ุฎุท ุณุจุฒ ุฑูฺฏ ููุงููุช ฺฉูุชุงู ูุฏุช ูุณุชุด
#ุจูุฑุณ
#ุชุญูู_ุชฺฉูฺฉุงู
#ุจูุฑุณุฒ pic.twitter.com/MnbzRFCkZZ",[],[],['https://pbs.twimg.com/media/ETMDwVhXgAAkijj.jpg'],1,1,4,"['#ูุง', '#ุจูุฑุณ', '#ุชุญูู_ุชฺฉูฺฉุงู', '#ุจูุฑุณุฒ']",[],https://twitter.com/boursies/status/1239338465512296451,False,,0,,,,,,,"[{'user_id': '1099594766977847296', 'username': 'boursies'}]",,,,,0.9912850856781006
60,60,60.0,60.0,60.0,60.0,60.0,60.0,60.0,60.0,60.0,1244373141390057472,1244173845596180481,1585516650000,2020-03-30,01:47:30,430,959773996211363847,arahimi49,Arya,,ุณูุงู ุขูุง ูุฒุฑ /ุงูู ุงุฒ ุณุฑุนุช ุงูุชุฑูุช ADSL ุฎุฑุฏุงุฑ ุดุฏู ุจุง ุณุฑุนุช ูุดุช ูฺฏ ุงุฒ ุดุฑฺฉุช ูุญุชุฑู #ูุง #ูุจ ฺฉู ุจุง ูุฌูุฏ ูพฺฏุฑ ูุง ุจุณุงุฑ ู ุฏุฑุงูุช ุฌูุงุจ ูุง ุฎุณุชู ฺฉููุฏู ู ุจูุงูู ูุง ูุชูุงูุช ูููุฒ ุจู ูุชุฌู ูุฑุณุฏู. ูุถุงูุช ุจุง ุดูุง ูุฒุฑ ูุญุชุฑู .ุดุงุฏ ุจุง ุงู ุชูุช ุจู ูุชุฌู ุฑุณุฏ ู ุญุถุฑุงุช ูุง ูุจ ูุดฺฉู ุฑู ุญู ฺฉุฑุฏู  pic.twitter.com/jlwjylYrRZ,['azarijahromi'],[],"['https://pbs.twimg.com/media/EUTmuBcWkAIs5AA.jpg', 'https://pbs.twimg.com/media/EUTmuBdWoAAa6xr.jpg']",1,0,1,"['#ูุง', '#ูุจ']",[],https://twitter.com/ARahimi49/status/1244373141390057472,False,,0,,,,,,,"[{'user_id': '959773996211363847', 'username': 'ARahimi49'}, {'user_id': '885835554776121344', 'username': 'azarijahromi'}]",,,,,0.9912850856781006
61,61,61.0,61.0,61.0,61.0,61.0,61.0,61.0,61.0,61.0,1244528419234340864,1244528419234340864,1585553672000,2020-03-30,12:04:32,430,1002646820,sirous_ahmadi,sirous ahmadi,,"๐ุณฺฏูุงู ูุง ุทูุง ุฏุฑ ุชุงุฑุฎ 1399/1/11 11:47
#ููุฑ
#ูุณูพู
#ูุงูุฑุงู
#ูุงู ูุจ
#ูููุงู
#ุฏุงุจูุฑ
#ุบุดุตูุง
#ูุฏุงุฑุงู
#ุฎุชููุง http://t.me/ahmadi_sirousย",[],['http://t.me/ahmadi_sirous'],[],0,0,2,"['#ููุฑ', '#ูุณูพู', '#ูุงูุฑุงู', '#ูุงู', '#ูููุงู', '#ุฏุงุจูุฑ', '#ุบุดุตูุง', '#ูุฏุงุฑุงู', '#ุฎุชููุง']",[],https://twitter.com/sirous_ahmadi/status/1244528419234340864,False,,0,,,,,,,"[{'user_id': '1002646820', 'username': 'sirous_ahmadi'}]",,,,,0.9912850856781006
62,62,62.0,62.0,62.0,62.0,62.0,62.0,62.0,62.0,62.0,1246327187936104448,1245663348412342272,1585982531000,2020-04-04,11:12:11,430,1243669926432387075,nwbh62,ูุญูุฏุฑูุงู ุต...,,"ุฎุจ ุฎู ุฎูุจู ฺฉู ุชุนุฏุงุฏ ุฏุงุฑู

ุงูุงู ุงฺฏู ูุฎูุงู ุณูู ูฺฏูุฏุงุฑู 
#ูุงุณูู
#ูุชุฌุงุฑุช
#ูุจุงูฺฉ
#ูุง ูุจ   

ู ฺฉ ุงุฒ ุณูุงุช ูุง ูุซู #ุณฺฉุฑุฏ ุง#ุณุดุฑู

ูุงุณูู ู ูุจุงูฺฉ ุฑู ุจุดุชุฑ ูุฏ ูุธุฑ ุจฺฏุฑู",['happiness_q24'],[],[],1,0,2,"['#ูุงุณูู', '#ูุชุฌุงุฑุช', '#ูุจุงูฺฉ', '#ูุง', '#ุณฺฉุฑุฏ']",[],https://twitter.com/NWBH62/status/1246327187936104448,False,,0,,,,,,,"[{'user_id': '1243669926432387075', 'username': 'NWBH62'}, {'user_id': '1098560284438999040', 'username': 'happiness_Q24'}]",,,,,0.9912850856781006
63,63,63.0,63.0,63.0,63.0,63.0,63.0,63.0,63.0,63.0,1246379260056612864,1246305654568091654,1585994946000,2020-04-04,14:39:06,430,1243669926432387075,nwbh62,ูุญูุฏุฑูุงู ุต...,,"ุจูู ุฑู ูู ุชุง ุดุจ ุชุญูู ูฺฉูู ุจุฑุงุช ููุฑุณุชู ุฏุงุฑฺฉุช

ุณูู ุฌุฏุฏ ูู ูพุดููุงุฏ ูู ุฑู #ูุงุณูู #ูุงุฏุฑุง ู #ูุง ูุจ  ูุณุชุด

ุงูุจุชู #ูุจุงูฺฉ ูู ุฎูุจู

ุงูุงุฑู ูู ููุชู ูพุด ุชูุช ฺฉุฑุฏู ุจูุฏู
ูููู ูููุน ุจุงุฏ ูุฎุฑุฏ",[],[],[],1,0,1,"['#ูุงุณูู', '#ูุงุฏุฑุง', '#ูุง', '#ูุจุงูฺฉ']",[],https://twitter.com/NWBH62/status/1246379260056612864,False,,0,,,,,,,"[{'user_id': '1243669926432387075', 'username': 'NWBH62'}]",,,,,0.9912850856781006
64,64,64.0,64.0,64.0,64.0,64.0,64.0,64.0,64.0,64.0,1269982171017732098,1269489602949271552,1591622319000,2020-06-08,17:48:39,430,1264722483502071808,miladsinad1,MiLaDSin,,"ููุตุฏ ููุฏูฺฏ ูุง ฺฉ ุจุฑุง ุซุจุช  ูุงู ูุงุดู ุฎุงุฑุฌ ุดุฏู ู ุงูุงู ุณุฑฺฏุฑุฏุงูู ุจูุฑุณ ุดุฏู ุ ุตู ฺฉ ููุงุฑุฏ ุฏุฑูุฒ #ุฎุณุงูพุง 
ุง ตฐฐ ูููู #ูุง ูุจ  ูฺฏ ุชูุฌุญ ุชฺฉูฺฉุงู  ู ูุงูุฏุงููุชุงู ุฏุงุดุช !!",['iranianreyhane'],[],[],1,0,1,"['#ุฎุณุงูพุง', '#ูุง']",[],https://twitter.com/MiLaDSinaD1/status/1269982171017732098,False,,0,,,,,,,"[{'user_id': '1264722483502071808', 'username': 'MiLaDSinaD1'}, {'user_id': '1147498756771897344', 'username': 'IranianReyhane'}]",,,,,0.9912850856781006
65,65,65.0,65.0,65.0,65.0,65.0,65.0,65.0,65.0,65.0,1276098231227875330,1276098231227875330,1593080501000,2020-06-25,14:51:41,430,1260457106240606213,fsignal11,free_signal11,,"New post in ุณฺฏูุงูโุฑุงูุช ูโุขููุฒุดโุฑุงฺฏุงูโุจูุฑุณ: ุจูุดุชุฑูู ูุฑูุฏ ูพูู ุญูููู

ฺูุงุฑุดูุจู ูค ุชูุฑ นน

 #ฺูุงูพุง #ูุฏู #ุขูพ
#ุฎุจููู #ุญูุงุฑู #ูุณุฏูุฏ
#ุดูพูุง #ูุงูุง #ุงุฑูุน
#ุฎฺฏุณุชุฑ #ูุงู ูุจ #ุณุงูุงู

@free_signal11
@sarkhati_robot
 https://ift.tt/2zcVSbLย",[],['https://ift.tt/2zcVSbL'],[],0,0,1,"['#ฺูุงูพุง', '#ูุฏู', '#ุขูพ', '#ุฎุจููู', '#ุญูุงุฑู', '#ูุณุฏูุฏ', '#ุดูพูุง', '#ูุงูุง', '#ุงุฑูุน', '#ุฎฺฏุณุชุฑ', '#ูุงู', '#ุณุงูุงู']",[],https://twitter.com/FSignal11/status/1276098231227875330,False,,0,,,,,,,"[{'user_id': '1260457106240606213', 'username': 'FSignal11'}]",,,,,0.9912850856781006
66,66,66.0,66.0,66.0,66.0,66.0,66.0,66.0,66.0,66.0,1279254848056315905,1279254848056315905,1593833097000,2020-07-04,07:54:57,430,1260457106240606213,fsignal11,free_signal11,,"New post in ุณฺฏูุงูโุฑุงูุช ูโุขููุฒุดโุฑุงฺฏุงูโุจูุฑุณ: #ูุง ูุจ(ฺฏุฒุงุฑุด ุฎุฑุฏุงุฏ)
 
ูุฑูุงู ุจูุชุฑ ุงุฒ ูุงู ูุจู
 
ุฎุฑุฏุงุฏ 1412ููุงุฑุฏ ุฑุงู ุฏุฑุงูุฏ ุฏุงุดุชู ุงุณุช ฺฉู ุนูุฏู ุขู ุงุฒ ูุญู ""ุฏุฑุงูุฏ ุญุงุตู ุงุฒ ุฎุฏูุงุช IT"" ู ุจุงุดุฏ.
 
ุฏุฑ ุณู ูุงูู ูุฎุณุช ุงูุณุงู ูุงูฺฏู ูุงู 1200ููุงุฑุฏ ุฑุงู ุฏุฑุงูุฏ ุฏุงุดุชู ุงุณุช โฆ  https://ift.tt/2D9ptV1ย",[],['https://ift.tt/2D9ptV1'],[],0,0,0,['#ูุง'],[],https://twitter.com/FSignal11/status/1279254848056315905,False,,0,,,,,,,"[{'user_id': '1260457106240606213', 'username': 'FSignal11'}]",,,,,0.9912850856781006
67,67,67.0,67.0,67.0,67.0,67.0,67.0,67.0,67.0,67.0,1281072594284883968,1280743320747204609,1594266482000,2020-07-09,08:18:02,430,1213751295422525441,saha680808,SaHa680808,,ุชุงุฑฺฏุช #ูุง ูุจ ุฑู ูุดู ูุทู ฺฉูุฏุ ุงูุฑูุฒ ุฎุฑุฏูุด.,['tehranboyx'],[],[],1,0,1,['#ูุง'],[],https://twitter.com/saha680808/status/1281072594284883968,False,,0,,,,,,,"[{'user_id': '1213751295422525441', 'username': 'saha680808'}, {'user_id': '818114562155233281', 'username': 'TehranBoyX'}]",,,,,0.9912850856781006
68,68,68.0,68.0,68.0,68.0,68.0,68.0,68.0,68.0,68.0,1281470314900336640,1281470314900336640,1594361306000,2020-07-10,10:38:26,430,1260457106240606213,fsignal11,free_signal11,,"New post in ุณฺฏูุงูโุฑุงูุช ูโุขููุฒุดโุฑุงฺฏุงูโุจูุฑุณ: ูุงู ููุงุฏ #ูุง ูุจ

ุขุฎุฑู ููุช ุจุณุชู ุดุฏู 29300
ุญุฏ ุถุฑุฑ  24282 
ูุญุฏูุฏู ูุฏู ฺฉูุชุงู ูุฏุช ู ูุงู ูุฏุช
ูุฏู ุงูู35000
ูุฏู ุฏูู 50000
 ููุงุณุจ ูุฑูุฏ",[],[],[],0,0,0,['#ูุง'],[],https://twitter.com/FSignal11/status/1281470314900336640,False,,0,,,,,,,"[{'user_id': '1260457106240606213', 'username': 'FSignal11'}]",,,,,0.9912850856781006
69,0,,,,,,,,,,1284202424136339461,1284202424136339461,1595012691000,2020-07-17,23:34:51,430,2570735118,babak_seifalian,ุจุงุจฺฉ ุฎุฑู ุฏู,,"ูุทูุง ูุฑู ุจุฒูุฏ
#ูุง-ูุจ
ฺฉุงูุงู ุตุนูุฏ ุชุงุฏ ุดุฏู - ุงูุดุง ุงุทูุงุนุงุช ุจุง ุงููุช ุฏุฑ ุชุงุฑุฎ 21 ุชุฑ ูุฑุจูุท ุจู ุงุฌุฑุง ุทุฑุญ ููุดููุฏ ุณุงุฒ ูุฏุงุฑุณ ุฑูุณุชุง ุจุง ุนุงููุช ูุง ูุจ - ุฑุดุฏ ุฏุฑุขูุฏูุง ุนููุงุช ุฏุฑ ฺฏุฒุงุฑุด ูุง  ุฏูุฑู ุง.
ุนูุงูู ูุซุจุช ุฒุงุฏโฆ  https://www.instagram.com/p/CCwRgtCnah_/?igshid=7t6vjuuu5d8vยโฆ",[],['https://www.instagram.com/p/CCwRgtCnah_/?igshid=7t6vjuuu5d8v'],[],0,0,0,['#ูุง'],[],https://twitter.com/Babak_seifalian/status/1284202424136339461,False,,0,,,,,,,"[{'user_id': '2570735118', 'username': 'Babak_seifalian'}]",,,,,0.9912850856781006
