,Unnamed: 0,Unnamed: 0.1,Unnamed: 0.1.1,Unnamed: 0.1.1.1,Unnamed: 0.1.1.1.1,Unnamed: 0.1.1.1.1.1,Unnamed: 0.1.1.1.1.1.1,Unnamed: 0.1.1.1.1.1.1.1,id,conversation_id,created_at,date,time,timezone,user_id,username,name,place,tweet,mentions,urls,photos,replies_count,retweets_count,likes_count,hashtags,cashtags,link,retweet,quote_url,video,near,geo,source,user_rt_id,user_rt,retweet_id,reply_to,retweet_date,translate,trans_src,trans_dest,Feel
0,0,0.0,0.0,0.0,0.0,0.0,0.0,0.0,706382894353227777,706382894353227777,1457249780000,2016-03-06,11:06:20,430,2463165061,bourseiness,ุจูุฑุณูุณ,,#ุบุงูุจุฑ ุชูุถุญุงุช ุดุฑฺฉุช ุฏุฑ ุฎุตูุต ุงููู ูพุด ุจู ุณุงู นต  http://goo.gl/fb/qIGv7Tย #ุงูุชุตุงุฏ,[],['http://goo.gl/fb/qIGv7T'],[],0,0,0,"['#ุบุงูุจุฑ', '#ุงูุชุตุงุฏ']",[],https://twitter.com/bourseiness/status/706382894353227777,False,,0,,,,,,,"[{'user_id': '2463165061', 'username': 'bourseiness'}]",,,,,0.9912850856781006
1,1,1.0,1.0,1.0,1.0,1.0,1.0,1.0,706715784886620160,706715784886620160,1457329147000,2016-03-07,09:09:07,430,2463165061,bourseiness,ุจูุฑุณูุณ,,#ุบุงูุจุฑ ยป ุชุญูู ุฏุฑุฎูุงุณุช ุฏุฑ ุญุงู ุญุงุถุฑ ุฏุฑ ุฑููุฏ ุงุตูุงุญ ุจุณุฑ ู ุจุฑุฏ ูโฆ  http://goo.gl/fb/M9u2n0ย #ุงูุชุตุงุฏ,[],['http://goo.gl/fb/M9u2n0'],[],0,0,0,"['#ุบุงูุจุฑ', '#ุงูุชุตุงุฏ']",[],https://twitter.com/bourseiness/status/706715784886620160,False,,0,,,,,,,"[{'user_id': '2463165061', 'username': 'bourseiness'}]",,,,,0.9912850856781006
2,2,2.0,2.0,2.0,2.0,2.0,2.0,2.0,709610024776155136,709610024776155136,1458019188000,2016-03-15,08:49:48,430,2463165061,bourseiness,ุจูุฑุณูุณ,,#ุบุงูุจุฑ ุจุฑ ุฑู ูููุฏุงุฑ ููุช ุดุงูุฏ ูุงฺฏุฑุงุฆ ูุซุจุช ู ูุฑุงุฑ ฺฏุฑ ุงูุฏฺฉุงุชูุฑูุง ุฏุฑ ูุญุฏูุฏูโฆ  http://goo.gl/fb/whGr7xย #ุงูุชุตุงุฏ,[],['http://goo.gl/fb/whGr7x'],[],0,0,0,"['#ุบุงูุจุฑ', '#ุงูุชุตุงุฏ']",[],https://twitter.com/bourseiness/status/709610024776155136,False,,0,,,,,,,"[{'user_id': '2463165061', 'username': 'bourseiness'}]",,,,,0.9912850856781006
3,3,3.0,3.0,3.0,3.0,3.0,3.0,3.0,719390886736633856,719390886736633856,1460351127000,2016-04-11,09:35:27,430,2463165061,bourseiness,ุจูุฑุณูุณ,,ุฏุฑฺฏุฑูู ูุจู #ุบุดุงุฐุฑ ู #ุบูุงุฑุณ ุจู ุตู ุฎุฑุฏ ุฑุณุฏู #ุบุงูุจุฑ ููฺูุงู ุจุง ูุญุฏูุฏู ูููโฆ  http://goo.gl/fb/r6NLFCย #ุงูุชุตุงุฏ,[],['http://goo.gl/fb/r6NLFC'],[],0,0,0,"['#ุบุดุงุฐุฑ', '#ุบูุงุฑุณ', '#ุบุงูุจุฑ', '#ุงูุชุตุงุฏ']",[],https://twitter.com/bourseiness/status/719390886736633856,False,,0,,,,,,,"[{'user_id': '2463165061', 'username': 'bourseiness'}]",,,,,0.9912850856781006
4,4,4.0,4.0,4.0,4.0,4.0,4.0,4.0,726278949559492608,726278949559492608,1461993369000,2016-04-30,09:46:09,430,2463165061,bourseiness,ุจูุฑุณูุณ,,#ุบุงูุจุฑ ูู ุจู ุตู ุฎุฑุฏ ุฑุณุฏ  http://goo.gl/fb/5plN5Oย #ุงูุชุตุงุฏ,[],['http://goo.gl/fb/5plN5O'],[],0,0,0,"['#ุบุงูุจุฑ', '#ุงูุชุตุงุฏ']",[],https://twitter.com/bourseiness/status/726278949559492608,False,,0,,,,,,,"[{'user_id': '2463165061', 'username': 'bourseiness'}]",,,,,0.9912850856781006
5,5,5.0,5.0,5.0,5.0,5.0,5.0,5.0,729938957409132544,729938957409132544,1462865983000,2016-05-10,12:09:43,430,2463165061,bourseiness,ุจูุฑุณูุณ,,ุฏุฑ ุงู ุจุงุฒุงุฑ ููู #ุบูพุงฺฉ #ุบุงูุจุฑ ู #ุบุดุงุฐุฑ ุฏุฑ ฺฏุฑูู #ูุจู ูุนุงููุงุช ูุซุจุช ุฏุงุฑูุฏ  http://goo.gl/fb/r0VtKHย #ุงูุชุตุงุฏ,[],['http://goo.gl/fb/r0VtKH'],[],0,0,0,"['#ุบูพุงฺฉ', '#ุบุงูุจุฑ', '#ุบุดุงุฐุฑ', '#ูุจู', '#ุงูุชุตุงุฏ']",[],https://twitter.com/bourseiness/status/729938957409132544,False,,0,,,,,,,"[{'user_id': '2463165061', 'username': 'bourseiness'}]",,,,,0.9912850856781006
6,6,6.0,6.0,6.0,6.0,6.0,6.0,6.0,731729167197339648,731729167197339648,1463292802000,2016-05-15,10:43:22,430,2463165061,bourseiness,ุจูุฑุณูุณ,,#ุบุงูุจุฑ  http://goo.gl/fb/BdlRZYย #ุงูุชุตุงุฏ,[],['http://goo.gl/fb/BdlRZY'],[],0,0,0,"['#ุบุงูุจุฑ', '#ุงูุชุตุงุฏ']",[],https://twitter.com/bourseiness/status/731729167197339648,False,,0,,,,,,,"[{'user_id': '2463165061', 'username': 'bourseiness'}]",,,,,0.9912850856781006
7,7,7.0,7.0,7.0,7.0,7.0,7.0,7.0,736805399907573761,736805399907573761,1464503071000,2016-05-29,10:54:31,430,2463165061,bourseiness,ุจูุฑุณูุณ,,#ุบุงูุจุฑ ุดุฑฺฉุช ูุจูุงุช ฺฉุงูุจุฑ ุงููู ูพุด ุจู ุฏุฑุขูุฏ ูุฑ ุณูู ุณุงู ูุงู ููุชูโฆ  http://goo.gl/fb/Aw8rMSย #ุงูุชุตุงุฏ,[],['http://goo.gl/fb/Aw8rMS'],[],0,0,0,"['#ุบุงูุจุฑ', '#ุงูุชุตุงุฏ']",[],https://twitter.com/bourseiness/status/736805399907573761,False,,0,,,,,,,"[{'user_id': '2463165061', 'username': 'bourseiness'}]",,,,,0.9912850856781006
8,8,8.0,8.0,8.0,8.0,8.0,8.0,8.0,739321828074741760,739321828074741760,1465103034000,2016-06-05,09:33:54,430,2463165061,bourseiness,ุจูุฑุณูุณ,,#ุบุงูุจุฑ ุจุงุฒูู ุตู ุฎุฑุฏ #ุณุงูพุง ูุซุจุช 3.5 ุฏุฑุตุฏ  http://goo.gl/fb/grrKixย #ุงูุชุตุงุฏ,[],['http://goo.gl/fb/grrKix'],[],0,0,0,"['#ุบุงูุจุฑ', '#ุณุงูพุง', '#ุงูุชุตุงุฏ']",[],https://twitter.com/bourseiness/status/739321828074741760,False,,0,,,,,,,"[{'user_id': '2463165061', 'username': 'bourseiness'}]",,,,,0.9912850856781006
9,9,9.0,9.0,9.0,9.0,9.0,9.0,9.0,878684672682848256,878684672682848256,1498329725000,2017-06-24,23:12:05,430,830770031705206788,radiosaham_ir,radiosaham,,"ฺฉุณุจ ฑดถ ูููู ุฑุงู ุณูุฏ ุงูุจุงุดุชู #ุบุงูุจุฑ
 http://radiosaham.ir/166869/ย

ูพุด ุจู ณด ููุฑ ุงุฒ ุจุฒุฑฺฏุงู #ุจูุฑุณ ุงุฒ ุขูุฏู ุจุงุฒุงุฑ
 http://radiosaham.ir/68879/ย",[],"['http://radiosaham.ir/166869/', 'http://radiosaham.ir/68879/']",[],0,0,0,"['#ุบุงูุจุฑ', '#ุจูุฑุณ']",[],https://twitter.com/radiosaham_ir/status/878684672682848256,False,,0,,,,,,,"[{'user_id': '830770031705206788', 'username': 'radiosaham_ir'}]",,,,,0.9912850856781006
10,10,10.0,10.0,10.0,10.0,10.0,10.0,10.0,889169615447838721,889169615447838721,1500829530000,2017-07-23,21:35:30,430,830770031705206788,radiosaham_ir,radiosaham,,"ฺฏุฒุงุฑุด #ูุฌูุน_ุนููู_ุนุงุฏ ุณุงู ูุงู ฑณนต #ุบุงูุจุฑ
 http://radiosaham.ir/171050/ย

ูพูุดุด ฒต ุฏุฑุตุฏ ุณูุฏ #ุดุงุฑุงฺฉ ุฏุฑ ุณู ูุงูู ุงูู ุณุงู นถ
 http://radiosaham.ir/171051/ย",[],"['http://radiosaham.ir/171050/', 'http://radiosaham.ir/171051/']",[],0,0,0,"['#ูุฌูุน_ุนููู_ุนุงุฏ', '#ุบุงูุจุฑ', '#ุดุงุฑุงฺฉ']",[],https://twitter.com/radiosaham_ir/status/889169615447838721,False,,0,,,,,,,"[{'user_id': '830770031705206788', 'username': 'radiosaham_ir'}]",,,,,0.9912850856781006
11,11,11.0,11.0,11.0,11.0,11.0,11.0,11.0,991984365101113344,991984365101113344,1525342477000,2018-05-03,14:44:37,430,991001804203683840,technichaltrade,Technichal_trading,,"#ุบุงูุจุฑ
โุฏุฑฺฏุฑ ุญูุงุช ฑฒด ุชููุงู ุฏุฑ ุฏุงุฎู ูุซูุซ
โ๏ธุดุฑูุน ฺฉ ุญุฑฺฉุช ุตุนูุฏ ุงฺฏุฑ ุจุง ุญุฌู ุนุงู ุงุฒ ุญูุงุช ุนุจูุฑ ฺฉูุฏ.
โูุงฺฏุฑุง ูุซุจุช ูุดููุฏ ุงุณุช.
#ุจูุฑุณ #ุจุงุฒุงุฑ_ุณุฑูุงู #ูุจูุงุช_ฺฉุงูุจุฑ #ุชุญูู_ุชฺฉูฺฉุงู
 http://t.me/technichaltradingยโฆ pic.twitter.com/nLw1MKPusa",[],['http://t.me/technichaltrading'],['https://pbs.twimg.com/media/DcQ8gnsW4AAaXFK.jpg'],0,0,0,"['#ุบุงูุจุฑ', '#ุจูุฑุณ', '#ุจุงุฒุงุฑ_ุณุฑูุงู', '#ูุจูุงุช_ฺฉุงูุจุฑ', '#ุชุญูู_ุชฺฉูฺฉุงู']",[],https://twitter.com/TechnichalTrade/status/991984365101113344,False,,0,,,,,,,"[{'user_id': '991001804203683840', 'username': 'TechnichalTrade'}]",,,,,0.9912850856781006
12,12,12.0,12.0,12.0,12.0,12.0,12.0,12.0,996263818836656133,996263818836656133,1526362778000,2018-05-15,10:09:38,430,986116312920453120,abandidgah,ุฏุฏฺฏุงู ุขุจุงู,,"ููุงุฏูุง ุบุฐุง ุงฺฉุซุฑุง ูุซุจุช ู ฺฉู ุญุฌู ุฏูุจุงู ู ุดููุฏ ฺฉู ุฏุฑ ุงู ุจู ููุงุฏ #ุบูุงุฑฺฏ ููุฑุงู ุจุง ุตู ุฎุฑุฏ ู #ุบูพุงฺฉ ู #ุบุงูุจุฑ ูุฒ ุจุง ููุณุงูุงุช ููู ุฏูุจุงู ู ุดููุฏ.
#ุจูุฑุณ",[],[],[],0,0,0,"['#ุบูุงุฑฺฏ', '#ุบูพุงฺฉ', '#ุบุงูุจุฑ', '#ุจูุฑุณ']",[],https://twitter.com/abandidgah/status/996263818836656133,False,,0,,,,,,,"[{'user_id': '986116312920453120', 'username': 'abandidgah'}]",,,,,0.9912850856781006
13,13,13.0,13.0,13.0,13.0,13.0,13.0,13.0,996630368642940929,996630368642940929,1526450171000,2018-05-16,10:26:11,430,986116312920453120,abandidgah,ุฏุฏฺฏุงู ุขุจุงู,,"#ุบุงูุจุฑ
ุบุงูุจุฑ ุฏุฑ ุชุงู ูุฑู ููุชฺฏ ุฏุฑ ฺฉุงูุงู ุตุนูุฏ ุจููุฏ ูุฏุช ูพุณ ุงุฒ ฺฉ ุฏูุฑู ุตุนูุฏ ุงุฒ ธทธ ุฑุงู ุชุง ฒดธท ุฑุงู ุจุง ฺฉ ุงุตูุงุญ..... ุงุฏุงูู ุฏุฑ  https://bit.ly/2rJrPBdย
#ุจูุฑุณ #ุชุญูู_ุชฺฉูฺฉุงู pic.twitter.com/qParItbIsw",[],['https://bit.ly/2rJrPBd'],['https://pbs.twimg.com/media/DdS9_JuVMAEXTnO.jpg'],0,0,0,"['#ุบุงูุจุฑ', '#ุจูุฑุณ', '#ุชุญูู_ุชฺฉูฺฉุงู']",[],https://twitter.com/abandidgah/status/996630368642940929,False,,0,,,,,,,"[{'user_id': '986116312920453120', 'username': 'abandidgah'}]",,,,,0.9912850856781006
14,14,14.0,14.0,14.0,14.0,14.0,14.0,14.0,998110560427294722,998110560427294722,1526803076000,2018-05-20,12:27:56,430,986116312920453120,abandidgah,ุฏุฏฺฏุงู ุขุจุงู,,"#ุบูพุงุฐุฑุ #ุบูููุ #ุบุงุฐุฑุ #ุบุงูุจุฑุ #ุบุจูููุดุ #ุบฺฏูุ #ุบูพููุ #ุบุจุดูุฑ ู #ุบูุงุฑฺฏ ููุงุฏูุง ุตู ุฎุฑุฏ ฺฏุฑูู ูุซุจุช ุบุฐุง ุฏุฑ ุจุงุฒุงุฑ ุงูุฑูุฒ ู ุจุงุดูุฏ.
#ุจูุฑุณ",[],[],[],0,0,0,"['#ุบูพุงุฐุฑ', '#ุบููู', '#ุบุงุฐุฑ', '#ุบุงูุจุฑ', '#ุบุจูููุด', '#ุบฺฏู', '#ุบูพูู', '#ุบุจุดูุฑ', '#ุบูุงุฑฺฏ', '#ุจูุฑุณ']",[],https://twitter.com/abandidgah/status/998110560427294722,False,,0,,,,,,,"[{'user_id': '986116312920453120', 'username': 'abandidgah'}]",,,,,0.9912850856781006
15,15,15.0,15.0,15.0,15.0,15.0,15.0,15.0,999197366832906240,999197366832906240,1527062191000,2018-05-23,12:26:31,430,986116312920453120,abandidgah,ุฏุฏฺฏุงู ุขุจุงู,,"ุฏุฑฺฏุฑูู ูุซุจุช ุบุฐุงุ ูุนุงููุงุช ูุซุจุช ู ูพุฑุญุฌู ุชุฑ ููุงุฏูุง #ุชุจุฑฺฉุ #ุบุงูุจุฑ ู #ุบูุงุฑฺฏ ููุงุงู ุชุฑ ุงุฒ ุฏุงุฏูุณุชุฏูุง ุณุงุฑ ูู ฺฏุฑูู ูุง ู ุจุงุดุฏ. 
#ุจูุฑุณ",[],[],[],0,0,0,"['#ุชุจุฑฺฉ', '#ุบุงูุจุฑ', '#ุบูุงุฑฺฏ', '#ุจูุฑุณ']",[],https://twitter.com/abandidgah/status/999197366832906240,False,,0,,,,,,,"[{'user_id': '986116312920453120', 'username': 'abandidgah'}]",,,,,0.9912850856781006
16,16,16.0,16.0,16.0,16.0,16.0,16.0,16.0,1006070786346475520,1006070786346475520,1528700942000,2018-06-11,11:39:02,430,986116312920453120,abandidgah,ุฏุฏฺฏุงู ุขุจุงู,,"ุฏุฑฺฏุฑูู ูุง ุบุฐุงุ ููุฏ ู ุฒุฑุงุนุชุ ููุงุฏูุง #ุบุงูุจุฑุ #ุบูุงุฑฺฏ ู #ุบุงุฐุฑ ุจุง ุตู ุฎุฑุฏุ ููุงุฏูุง #ููฺฉูุชุ #ูฺุงุฑุ #ุบุดุงุฐุฑุ #ุบุดูุฏุงุจุ #ุบูพุงฺฉุ #ุบุฏุณุ #ุบุจูููุดุ #ูุดุฑู ู #ุฒูฺฏุณุง ุจุง ูุนุงููุงุช ูุซุจุช ู ุณุงุฑ ูู ฺฏุฑูู ูุง ุงฺฉุซุฑุง ุจุง ูุนุงููุงุช ูุชุนุงุฏู ุฏูุจุงู ู ุดููุฏ. 
#ุจูุฑุณ",[],[],[],0,0,0,"['#ุบุงูุจุฑ', '#ุบูุงุฑฺฏ', '#ุบุงุฐุฑ', '#ููฺฉูุช', '#ูฺุงุฑ', '#ุบุดุงุฐุฑ', '#ุบุดูุฏุงุจ', '#ุบูพุงฺฉ', '#ุบุฏุณ', '#ุบุจูููุด', '#ูุดุฑู', '#ุฒูฺฏุณุง', '#ุจูุฑุณ']",[],https://twitter.com/abandidgah/status/1006070786346475520,False,,0,,,,,,,"[{'user_id': '986116312920453120', 'username': 'abandidgah'}]",,,,,0.9912850856781006
17,17,17.0,17.0,17.0,17.0,17.0,17.0,17.0,1013662275079565313,1013662275079565313,1530510893000,2018-07-02,10:24:53,430,986116312920453120,abandidgah,ุฏุฏฺฏุงู ุขุจุงู,,"#ุบุงูุจุฑ
ุดุฑฺฉุช ูุจูุงุช ฺฉุงูุจุฑ ุจุฑุงุณุงุณ ุตูุฑุช ูุงู ุญุณุงุจุฑุณ ูุดุฏู ุจุฑุง ุณุงู ูุงู ููุชู ุจู 29/12/96 ูุจูุบ 636 ููุงุฑุฏ ุฑุงู ูุฑูุด ุฏุงุดุชู ฺฉู ูุณุจุช ุจู ุณุงู ฺฏุฐุดุชู ุฑุดุฏ 24 ุฏุฑุตุฏ ุฑุง ุซุจุช ูููุฏู ุงุณุช. ุงุฒ ุณู ุฏฺฏุฑ ุจูุง ุชูุงู ุดุฏู ูุฒ ุจุง ุฑุดุฏ 21 ุฏุฑุตุฏ ูุจูุบ ุญุฏูุฏ 557 ููุงุฑุฏ ุฑุงู ฺฏุฒุงุฑุด ุดุฏู.
#ุจูุฑุณ",[],[],[],0,0,0,"['#ุบุงูุจุฑ', '#ุจูุฑุณ']",[],https://twitter.com/abandidgah/status/1013662275079565313,False,,0,,,,,,,"[{'user_id': '986116312920453120', 'username': 'abandidgah'}]",,,,,0.9912850856781006
18,18,18.0,18.0,18.0,18.0,18.0,18.0,18.0,1015485205807710208,1015485205807710208,1530945514000,2018-07-07,11:08:34,430,986116312920453120,abandidgah,ุฏุฏฺฏุงู ุขุจุงู,,"#ุบุงูุจุฑ
ุจุฑุฑุณ #ุงุทูุงุนู 97/04/16
*ูุจูุงุช ฺฉุงูุจุฑ*
ุขฺฏู ุฏุนูุช ุจู ูุฌูุน ุนููู ุนุงุฏ ุณุงูุงูู      
ุฏุฑ ุณุงุนุช 14:00 ุฑูุฒ ฺฉุดูุจู ููุฑุฎ 1397/04/31 
ุฏุฑูุญู ุณุงูู ููุงูุด ุงูุงู ุนูู ูุงูุน ุฏุฑ ููุฏุงู ุตุงุฏููู -ุงูุชูุงู ุจููุงุฑ ูุฑุฏูุณ ุดุฑูู -ูุจุด ุงุชูุจุงู ุณุชุงุฑู
#ุจูุฑุณ",[],[],[],0,0,0,"['#ุบุงูุจุฑ', '#ุงุทูุงุนู', '#ุจูุฑุณ']",[],https://twitter.com/abandidgah/status/1015485205807710208,False,,0,,,,,,,"[{'user_id': '986116312920453120', 'username': 'abandidgah'}]",,,,,0.9912850856781006
19,19,19.0,19.0,19.0,19.0,19.0,19.0,19.0,1021334990976528384,1021334990976528384,1532340211000,2018-07-23,14:33:31,430,986116312920453120,abandidgah,ุฏุฏฺฏุงู ุขุจุงู,,"#ุบุงูุจุฑ
ุจุฑุฑุณ #ุงุทูุงุนู 97/05/01  
*ูุจูุงุช ฺฉุงูุจุฑ*
ูุฌูุน ุนููู ุนุงุฏ ุณุงูุงูู  
ูุฌูุน ุจุง ุชููุณ ุฑูุจุฑู ฺฏุฑุฏุฏ  
ุฌูุณู ุจุนุฏ ูุฌูุน ุฏุฑ ุณุงุนุช 14:00 ุฑูุฒ ฺฉุดูุจู ุชุงุฑุฎ 97/05/14 
ุฏุฑ ูุญู ุณุงูู ููุงูุด ุงูุงู ุนูู ูุงูุน ุฏุฑ ููุฏุงู ุตุงุฏููู -ุงูุชูุงู ุจููุงุฑ ูุฑุฏูุณ ุดุฑูู-ูุจุด ุงุชูุจุงู ุณุชุงุฑู  
#ุจูุฑุณ",[],[],[],0,0,0,"['#ุบุงูุจุฑ', '#ุงุทูุงุนู', '#ุจูุฑุณ']",[],https://twitter.com/abandidgah/status/1021334990976528384,False,,0,,,,,,,"[{'user_id': '986116312920453120', 'username': 'abandidgah'}]",,,,,0.9912850856781006
20,20,20.0,20.0,20.0,20.0,20.0,20.0,20.0,1023889513460846592,1023889513460846592,1532949257000,2018-07-30,15:44:17,430,986116312920453120,abandidgah,ุฏุฏฺฏุงู ุขุจุงู,,"#ุบุงูุจุฑ
ุจุฑุฑุณ #ุงุทูุงุนู 97/05/08
*ูุจููุงุช ฺฉุงูุจุฑ*      
 (ุฏุฑูุงูุช ูุฌูุฒ ุชุบููุฑ ุจูุด ุงุฒ ฑฐ ุฏุฑุตุฏ ุฏุฑ ูุฑุฎ ูุฑูุด ูุญุตููุงุช ุง ุงุฑุงุฆู ุฎุฏูุงุช ) ููุชู ุจู ุณุงู ูุงู นท
#ุจูุฑุณ pic.twitter.com/2N0UGhNPo6",[],[],['https://pbs.twimg.com/media/DjWWE5jU8AAU_EB.jpg'],0,0,0,"['#ุบุงูุจุฑ', '#ุงุทูุงุนู', '#ุจูุฑุณ']",[],https://twitter.com/abandidgah/status/1023889513460846592,False,,0,,,,,,,"[{'user_id': '986116312920453120', 'username': 'abandidgah'}]",,,,,0.9912850856781006
21,21,21.0,21.0,21.0,21.0,21.0,21.0,21.0,1039761488205033475,1039761488205033475,1536733431000,2018-09-12,10:53:51,430,986116312920453120,abandidgah,ุฏุฏฺฏุงู ุขุจุงู,,"ููุงุฏูุงู ูุนุงููุงุชู #ุฎุฑูุฎุชุ#ุบุดุงูุ #ฺุฏูุ #ุบุงูุจุฑุ #ูุจุดูุฑุ #ุดูพุงุฑุณุ#ุดูพุงูุณุง #ููููุฏุ #ุชููุจุงุ #ููพูุฑุงุ #ูุดูุฏุ #ููุฑูุ #ุณูุงุฑุณุ #ูฺฏุงุฒ ุจุงุฒฺฏุดุง ู ุดููุฏ.
#ุจูุฑุณ",[],[],[],0,0,0,"['#ุฎุฑูุฎุช', '#ุบุดุงู', '#ฺุฏู', '#ุบุงูุจุฑ', '#ูุจุดูุฑ', '#ุดูพุงุฑุณ', '#ุดูพุงูุณุง', '#ููููุฏ', '#ุชููุจุง', '#ููพูุฑุง', '#ูุดูุฏ', '#ููุฑู', '#ุณูุงุฑุณ', '#ูฺฏุงุฒ', '#ุจูุฑุณ']",[],https://twitter.com/abandidgah/status/1039761488205033475,False,,0,,,,,,,"[{'user_id': '986116312920453120', 'username': 'abandidgah'}]",,,,,0.9912850856781006
22,22,22.0,22.0,22.0,22.0,22.0,22.0,22.0,1056122398980882433,1056122398980882433,1540634176000,2018-10-27,13:26:16,430,1003012614497202177,m0h3n6,ููุณุงู 24,,"#ุบุงูุจุฑ ูููุนุช ุจุณุงุฑ ุฎูุจ ุจุฑุง ุฎุฑุฏ 
#ุจูุฑุณ #ุณูุงู #ุณฺฏูุงู #ูุงุฑฺฉุณ",[],[],[],0,0,1,"['#ุบุงูุจุฑ', '#ุจูุฑุณ', '#ุณูุงู', '#ุณฺฏูุงู', '#ูุงุฑฺฉุณ']",[],https://twitter.com/M0H3N6/status/1056122398980882433,False,,0,,,,,,,"[{'user_id': '1003012614497202177', 'username': 'M0H3N6'}]",,,,,0.9912850856781006
23,23,23.0,23.0,23.0,23.0,23.0,23.0,23.0,1057586547397025792,1057586547397025792,1540983256000,2018-10-31,14:24:16,430,986116312920453120,abandidgah,ุฏุฏฺฏุงู ุขุจุงู,,"ุฏุฑ ฺฏุฑูู ูุญุตููุงุช ุบุฐุง ูุฒ ูุนุงููุงุช ูุซุจุช ุฏุฑ ุฌุฑุงู ุงุณุช. #ุบุจุดูุฑุ #ุชุจุฑฺฉุ #ุบูพุงฺฉุ #ุบุงูุจุฑุ #ุบุดูุฏุงุจุ #ุบุดุงุฐุฑุ #ุบูุงุฑฺฏุ #ุบุดุงูุ #ุบุงุฐุฑ ู #ุบุจูููุด ุงุฒ ููุงุฏูุง ููุฑุงู ุจุง ุตู ุฎุฑุฏูุฏ.
#ุจูุฑุณ",[],[],[],0,0,0,"['#ุบุจุดูุฑ', '#ุชุจุฑฺฉ', '#ุบูพุงฺฉ', '#ุบุงูุจุฑ', '#ุบุดูุฏุงุจ', '#ุบุดุงุฐุฑ', '#ุบูุงุฑฺฏ', '#ุบุดุงู', '#ุบุงุฐุฑ', '#ุบุจูููุด', '#ุจูุฑุณ']",[],https://twitter.com/abandidgah/status/1057586547397025792,False,,0,,,,,,,"[{'user_id': '986116312920453120', 'username': 'abandidgah'}]",,,,,0.9912850856781006
24,24,24.0,24.0,24.0,24.0,24.0,24.0,24.0,1072403118279798785,1072403118279798785,1544515802000,2018-12-11,11:40:02,430,986116312920453120,abandidgah,ุฏุฏฺฏุงู ุขุจุงู,,"ุฏุฑ ฺฏุฑูู ูุญุตููุงุช ุบุฐุง ูุนุงููุงุช ูุซุจุช ุฏุฑ ุฌุฑุงู ุงุณุช  ู ุชฺฉ ููุงุฏูุง #ุบุจุดูุฑุ #ุบุงูุจุฑุ #ูุจุดูุฑ #ุบูพููุ #ุบุดุงู ู #ุบฺู  ุฏุฑ ุณูู ููุช ุฏุงุฏ ู ุณุชุฏ ู ุดููุฏ. ุฏุฑ ููุฏ ู ุดฺฉุฑ ูุง ุงูุฑูุฒ ูุฒ ูุนุงููุงุช ฺฉู ุญุฌู ู ุจุง ฺฏุฑุงุด ููู ุฏูุจุงู ู ุดูุฏ.
#ุจูุฑุณ",[],[],[],0,0,0,"['#ุบุจุดูุฑ', '#ุบุงูุจุฑ', '#ูุจุดูุฑ', '#ุบูพูู', '#ุบุดุงู', '#ุบฺู', '#ุจูุฑุณ']",[],https://twitter.com/abandidgah/status/1072403118279798785,False,,0,,,,,,,"[{'user_id': '986116312920453120', 'username': 'abandidgah'}]",,,,,0.9912850856781006
25,25,25.0,25.0,25.0,25.0,25.0,25.0,25.0,1078913322974470144,1078913322974470144,1546067956000,2018-12-29,10:49:16,430,986116312920453120,abandidgah,ุฏุฏฺฏุงู ุขุจุงู,,"ุฏุฑ ฺฏุฑูู ูุญุตููุงุช ุบุฐุง ูุนุงููุงุช ูุซุจุช ุฏุฑ ุฌุฑุงู ุงุณุช ู ููุงุฏูุง #ุบุจุดูุฑุ #ุบุดูุฏุงุจุ #ุบุงูุจุฑุ #ุบูุงุฑฺฏุ #ุบุณุงูู ู #ุบฺฏุฑุฌ ููุฑุฏ ุชูุฌููุฏ. ุฏุฑ ฺฏุฑูู ููุฏ ู ุดฺฉุฑ ูุฒ #ููพุฑุงุ #ูุฒูู ู #ููุดุง ููุฑุฏ ุชูุฌููุฏ.
#ุจูุฑุณ",[],[],[],0,0,0,"['#ุบุจุดูุฑ', '#ุบุดูุฏุงุจ', '#ุบุงูุจุฑ', '#ุบูุงุฑฺฏ', '#ุบุณุงูู', '#ุบฺฏุฑุฌ', '#ููพุฑุง', '#ูุฒูู', '#ููุดุง', '#ุจูุฑุณ']",[],https://twitter.com/abandidgah/status/1078913322974470144,False,,0,,,,,,,"[{'user_id': '986116312920453120', 'username': 'abandidgah'}]",,,,,0.9912850856781006
26,26,26.0,26.0,26.0,26.0,26.0,26.0,26.0,1079984242577203201,1079984242577203201,1546323283000,2019-01-01,09:44:43,430,986116312920453120,abandidgah,ุฏุฏฺฏุงู ุขุจุงู,,"#ุบุงูุจุฑ
ูุฌููุน ูุจูุบ ูุฑูุด ุดุฑฺฉุช ูุจูุงุช ฺฉุงูุจุฑ ุฏุฑ 9 ูุงูู ููุชู ุจู ุขุฐุฑ ุงูุณุงู ุจุง ุฑุดุฏ 18 ุฏุฑุตุฏ ูุณุจุช ุจู ูุฏุช ูุดุงุจู ุณุงู ูุจู ุจู 555 ููุงุฑุฏ ุฑุงู ุงูุฒุงุด ุงูุชู ุงุณุช. ูพูุฑ ู ุดุฑ ูููุชุฑู ูุญุตููุงุช ุดุฑฺฉุช ูุณุชูุฏ ฺฉู ุฏุฑ ุณุงู 96 ุจู ุชุฑุชุจ 42 ู 27 ุฏุฑุตุฏ ูุจูุบ ูุฑูุด ุดุฑฺฉุช ุฑุง ุจู ุฎูุฏ ุงุฎุชุตุงุต ุฏุงุฏู ุงูุฏ.
#ุจูุฑุณ",[],[],[],0,0,0,"['#ุบุงูุจุฑ', '#ุจูุฑุณ']",[],https://twitter.com/abandidgah/status/1079984242577203201,False,,0,,,,,,,"[{'user_id': '986116312920453120', 'username': 'abandidgah'}]",,,,,0.9912850856781006
27,27,27.0,27.0,27.0,27.0,27.0,27.0,27.0,1126022889403179009,1126022889403179009,1557299751000,2019-05-08,11:45:51,430,986116312920453120,abandidgah,ุฏุฏฺฏุงู ุขุจุงู,,"ุฏุฑ ฺฏุฑูู ูุญุตููุงุช ุบุฐุง ููุงุฏ ูุง #ุบฺฏูุ #ุบุจูููุดุ #ุบุณุงููุ #ุบุงุฐุฑุ #ุชุจุฑฺฉุ #ุบุงูุจุฑุ #ุบุดูุฏุงุจ ุฏุฑ ุณูู ูุฌุงุฒ ุชูุงุถุง ุฏุงุฑูุฏ.
#ุจูุฑุณ",[],[],[],0,0,0,"['#ุบฺฏู', '#ุบุจูููุด', '#ุบุณุงูู', '#ุบุงุฐุฑ', '#ุชุจุฑฺฉ', '#ุบุงูุจุฑ', '#ุบุดูุฏุงุจ', '#ุจูุฑุณ']",[],https://twitter.com/abandidgah/status/1126022889403179009,False,,0,,,,,,,"[{'user_id': '986116312920453120', 'username': 'abandidgah'}]",,,,,0.9912850856781006
28,28,28.0,28.0,28.0,28.0,28.0,28.0,28.0,1127803563378241537,1127803563378241537,1557724297000,2019-05-13,09:41:37,430,986116312920453120,abandidgah,ุฏุฏฺฏุงู ุขุจุงู,,"ุฏุฑฺฏุฑูู ูุญุตููุงุช ุบุฐุง ููุงุฏูุง #ุบุงุฐุฑุ #ุบุงูุจุฑุ #ุบฺฏููพุงุ #ุบุดุงูุ #ุบุจูููุดุ #ุบูุงุฑุณุ #ุบุจุดูุฑ ู #ุบฺฏุฑุฌ ุจุง ุงูุจุงู ุจุงุฒุงุฑ ููุงุฌููุฏ.
#ุจูุฑุณ",[],[],[],0,0,0,"['#ุบุงุฐุฑ', '#ุบุงูุจุฑ', '#ุบฺฏููพุง', '#ุบุดุงู', '#ุบุจูููุด', '#ุบูุงุฑุณ', '#ุบุจุดูุฑ', '#ุบฺฏุฑุฌ', '#ุจูุฑุณ']",[],https://twitter.com/abandidgah/status/1127803563378241537,False,,0,,,,,,,"[{'user_id': '986116312920453120', 'username': 'abandidgah'}]",,,,,0.9912850856781006
29,29,29.0,29.0,29.0,29.0,29.0,29.0,29.0,1132187907014266880,1132187907014266880,1558769606000,2019-05-25,12:03:26,430,986116312920453120,abandidgah,ุฏุฏฺฏุงู ุขุจุงู,,"ุฏุฑ ฺฏุฑูู ูุญุตููุงุช ุบุฐุงุ ุดุงูุฏ ุงูุฒุงุด ุชูุงุถุง ุฏุฑ ููุงุฏูุง #ุบุดูุฏุงุจุ #ุบูพููุ #ุบุฏุณุ #ุบุจูููุดุ #ุบฺู ู #ุบุงูุจุฑ ูุณุชู. 
#ุจูุฑุณ",[],[],[],0,0,0,"['#ุบุดูุฏุงุจ', '#ุบูพูู', '#ุบุฏุณ', '#ุบุจูููุด', '#ุบฺู', '#ุบุงูุจุฑ', '#ุจูุฑุณ']",[],https://twitter.com/abandidgah/status/1132187907014266880,False,,0,,,,,,,"[{'user_id': '986116312920453120', 'username': 'abandidgah'}]",,,,,0.9912850856781006
30,30,30.0,30.0,30.0,30.0,30.0,30.0,30.0,1134694438767190017,1134694438767190017,1559367210000,2019-06-01,10:03:30,430,986116312920453120,abandidgah,ุฏุฏฺฏุงู ุขุจุงู,,"ุฏุฑ ฺฏุฑูู ูุญุตููุงุช ุบุฐุง ูุฒ ุนูุฏู ููุงุฏูุง ุฑููุฏ ุงุตูุงุญ ุฏุงุฑูุฏ ู #ุบุงูุจุฑุ #ุบูพุงฺฉุ #ุบูุงุฑฺฏุ #ุบุฏุงู ู #ุบุณุงูู ุงุฒ ููุงุฏูุง ููุฑุงู ุจุง ููุณุงูุงุช ูุซุจุช ฺฏุฑูููุฏ.
#ุจูุฑุณ",[],[],[],0,0,1,"['#ุบุงูุจุฑ', '#ุบูพุงฺฉ', '#ุบูุงุฑฺฏ', '#ุบุฏุงู', '#ุบุณุงูู', '#ุจูุฑุณ']",[],https://twitter.com/abandidgah/status/1134694438767190017,False,,0,,,,,,,"[{'user_id': '986116312920453120', 'username': 'abandidgah'}]",,,,,0.9912850856781006
31,31,31.0,31.0,31.0,31.0,31.0,31.0,31.0,1138042941488869376,1138042941488869376,1560165555000,2019-06-10,15:49:15,430,986116312920453120,abandidgah,ุฏุฏฺฏุงู ุขุจุงู,,"#ุบุงูุจุฑ
ุจุฑุฑุณ #ุงุทูุงุนู 98/03/20
*ูุจูุงุช ฺฉุงูุจุฑ*
ุงุทูุงุนุงุช ุญุงุตู ุงุฒ ุจุฑฺฏุฒุงุฑ ฺฉููุฑุงูุณ ุงุทูุงุน ุฑุณุงู
#ุจูุฑุณ pic.twitter.com/l8YNRwgdHU",[],[],['https://pbs.twimg.com/media/D8skAiCU0AA3NE9.jpg'],0,0,0,"['#ุบุงูุจุฑ', '#ุงุทูุงุนู', '#ุจูุฑุณ']",[],https://twitter.com/abandidgah/status/1138042941488869376,False,,0,,,,,,,"[{'user_id': '986116312920453120', 'username': 'abandidgah'}]",,,,,0.9912850856781006
32,32,32.0,32.0,32.0,32.0,32.0,32.0,32.0,1151032825719787520,1151032825719787520,1563262585000,2019-07-16,12:06:25,430,986116312920453120,abandidgah,ุฏุฏฺฏุงู ุขุจุงู,,"ุฏุฑ ูพุงุงู ูุนุงููุงุช ุงูุฑูุฒ ููุงุฏูุง #ูุชูุดู #ููพุฎุดุ #ุฎุฑูฺฏ #ุฏุงูุงุ #ุฏูููุง #ุบุงูุจุฑ #ูููุงู #ฺูุจุฑ #ุดุชุฑุงู #ฺฉุชุฑุงู #ฺฉุณุงูู #ุชฺฉูุจุง #ุฎูพุงุฑุณ ุฌูุช ุจุฑฺฏุฒุงุฑ ูุฌูุน ุนููู ุนุงุฏ ุณุงูุงูู ุจู ููุธูุฑ ุชุตูุจ ุตูุฑุชูุง ูุงู ู #ุดูุนุงุจ ุฌูุช ุจุฑฺฏุฒุงุฑ ูุฌูุน ุนููู ููู ุงูุนุงุฏู ูุชููู ุฎูุงููุฏ ุดุฏ.
#ุจูุฑุณ",[],[],[],0,1,0,"['#ูุชูุดู', '#ููพุฎุด', '#ุฎุฑูฺฏ', '#ุฏุงูุง', '#ุฏูููุง', '#ุบุงูุจุฑ', '#ูููุงู', '#ฺูุจุฑ', '#ุดุชุฑุงู', '#ฺฉุชุฑุงู', '#ฺฉุณุงูู', '#ุชฺฉูุจุง', '#ุฎูพุงุฑุณ', '#ุดูุนุงุจ', '#ุจูุฑุณ']",[],https://twitter.com/abandidgah/status/1151032825719787520,False,,0,,,,,,,"[{'user_id': '986116312920453120', 'username': 'abandidgah'}]",,,,,0.9912850856781006
33,33,33.0,33.0,33.0,33.0,33.0,33.0,33.0,1152538702826147846,1152538702826147846,1563621614000,2019-07-20,15:50:14,430,971264702612430850,boursenews_ir,ุจูุฑุณ ููุฒ,,"ุฌูุฌุงู ุฏุฑ ูุฌูุน #ุบุงูุจุฑ

ุฏุฑ ุฌูุณู ูุฌูุน ุนุงุฏ ุณุงูุงูู ฺฉุงูุจุฑุ ุจู ุฏูู ุญุงุดูโูุง ุงุฌุงุฏ ุดุฏู ุจุฑุง ุงูุชุฎุงุจ ูุฆุช ูุฏุฑู ุชูุด ุงุฌุงุฏ ุดุฏู ุงุณุช",[],[],[],0,0,1,['#ุบุงูุจุฑ'],[],https://twitter.com/boursenews_ir/status/1152538702826147846,False,,0,,,,,,,"[{'user_id': '971264702612430850', 'username': 'boursenews_ir'}]",,,,,0.9912850856781006
34,34,34.0,34.0,34.0,34.0,34.0,34.0,34.0,1155729645779554304,1155729645779554304,1564382394000,2019-07-29,11:09:54,430,986116312920453120,abandidgah,ุฏุฏฺฏุงู ุขุจุงู,,"ุฏุฑ ฺฏุฑูู ูุญุตููุงุช ุบุฐุงุ ููุงุฏูุง #ุบูพุงฺฉุ #ุจููพุงฺฉุ #ุบุฏุดุชุ #ุบุฏุงูุ #ุบููุฑุงุ #ุบุงูุจุฑ ู #ุบุดุงุฐุฑ ููุฑุฏ ุชูุฌููุฏ.
#ุจูุฑุณ",[],[],[],0,0,0,"['#ุบูพุงฺฉ', '#ุจููพุงฺฉ', '#ุบุฏุดุช', '#ุบุฏุงู', '#ุบููุฑุง', '#ุบุงูุจุฑ', '#ุบุดุงุฐุฑ', '#ุจูุฑุณ']",[],https://twitter.com/abandidgah/status/1155729645779554304,False,,0,,,,,,,"[{'user_id': '986116312920453120', 'username': 'abandidgah'}]",,,,,0.9912850856781006
35,35,35.0,35.0,35.0,35.0,35.0,35.0,35.0,1161135681759936512,1161135681759936512,1565671294000,2019-08-13,09:11:34,430,986116312920453120,abandidgah,ุฏุฏฺฏุงู ุขุจุงู,,"ุตู ูุฑูุด
#ุบุงูุจุฑ 8.7 ูููู ุณูู
#ุจูุฑุณ",[],[],[],0,0,0,"['#ุบุงูุจุฑ', '#ุจูุฑุณ']",[],https://twitter.com/abandidgah/status/1161135681759936512,False,,0,,,,,,,"[{'user_id': '986116312920453120', 'username': 'abandidgah'}]",,,,,0.9912850856781006
36,36,36.0,36.0,36.0,36.0,36.0,36.0,36.0,1172758888543731712,1172758888543731712,1568442482000,2019-09-14,10:58:02,430,986116312920453120,abandidgah,ุฏุฏฺฏุงู ุขุจุงู,,"ููุงุฏูุง #ููููุชุ #ฺฉุณุฑุงุ #ฺุฏูุ #ุฏุณุจุญุงูุ #ฺฉุจุงููุ #ุบฺฏุฑุฌุ #ุบุงูุจุฑุ #ุฎฺฏุณุชุฑุ #ุฏุนุจุฏ ุจู ุนูุช ุชุบุฑุงุช ุจุด ุงุฒ 20 ุฏุฑุตุฏ ููุช ูุชููู ุดุฏูุฏ.
#ุจูุฑุณ",[],[],[],0,0,0,"['#ููููุช', '#ฺฉุณุฑุง', '#ฺุฏู', '#ุฏุณุจุญุงู', '#ฺฉุจุงูู', '#ุบฺฏุฑุฌ', '#ุบุงูุจุฑ', '#ุฎฺฏุณุชุฑ', '#ุฏุนุจุฏ', '#ุจูุฑุณ']",[],https://twitter.com/abandidgah/status/1172758888543731712,False,,0,,,,,,,"[{'user_id': '986116312920453120', 'username': 'abandidgah'}]",,,,,0.9912850856781006
37,37,37.0,37.0,37.0,37.0,37.0,37.0,37.0,1203239979461332993,1203239979461332993,1575709740000,2019-12-07,12:39:00,430,1200165547998109696,mohamma64313799,ุณฺฏูุงู ุทูุงุฆ,,"#ุบุงูุจุฑ
ุงุธูุงุฑูุธุฑ ุญุณุงุจุฑุณ ู ุจุงุฒุฑุณ ูุงููู ูุณุจุช ุจู ฺฏุฒุงุฑุด ุชูุฌู ูุฆุช ูุฏุฑู ุฏุฑ ุฎุตูุต #ุงูุฒุงุด_ุณุฑูุงู
โ๏ธุญุณุงุจุฑุณ ู ุจุงุฒุฑุณ ูุงููู: ููุณุณู ุญุณุงุจุฑุณ ู ุฎุฏูุงุช ูุงู ุงุฑูุงู ูฺฏุฑ ุขุฑุง

โ๏ธุณุฑูุงู ูุนู: 350,000 ููููโฆ  https://www.instagram.com/p/B5xADfmntnL/?igshid=1v9prxza8hlbsยโฆ",[],['https://www.instagram.com/p/B5xADfmntnL/?igshid=1v9prxza8hlbs'],[],0,0,0,"['#ุบุงูุจุฑ', '#ุงูุฒุงุด_ุณุฑูุงู']",[],https://twitter.com/Mohamma64313799/status/1203239979461332993,False,,0,,,,,,,"[{'user_id': '1200165547998109696', 'username': 'Mohamma64313799'}]",,,,,0.9912850856781006
38,38,38.0,38.0,38.0,38.0,38.0,38.0,38.0,1203240600285405184,1203240600285405184,1575709888000,2019-12-07,12:41:28,430,1200165547998109696,mohamma64313799,ุณฺฏูุงู ุทูุงุฆ,,"#ุบุงูุจุฑ
ุงุทูุงุนุงุช ู ุตูุฑุชโูุง ูุงู ูุงูุฏูุฑูโุง  #ุฏูุฑู_6_ูุงูู ููุชู ุจู 1398/06/31 (ุญุณุงุจุฑุณ ูุดุฏู)(ุงุตูุงุญู)

โช๏ธุดุฑฺฉุช ูุจูุงุช ฺฉุงูุจุฑ ุฏุฑ ุฏูุฑู 6 ูุงูู ููุชู ุจู ุดูุฑูุฑ 1398 ุจู ุงุฒุง ูุฑ ุณูู 32 ุฑุงู ุณูุฏ ูุญูู ฺฉุฑุฏู ุงู ุฏุฑ ุญุงูุณุช ฺฉู ุดุฑฺฉุชโฆ  https://www.instagram.com/p/B5xAVhgnbsq/?igshid=xfz4m594z3xlยโฆ",[],['https://www.instagram.com/p/B5xAVhgnbsq/?igshid=xfz4m594z3xl'],[],0,0,0,"['#ุบุงูุจุฑ', '#ุฏูุฑู_6_ูุงูู']",[],https://twitter.com/Mohamma64313799/status/1203240600285405184,False,,0,,,,,,,"[{'user_id': '1200165547998109696', 'username': 'Mohamma64313799'}]",,,,,0.9912850856781006
39,39,39.0,39.0,39.0,39.0,39.0,39.0,39.0,1217836832693653504,1217836832693653504,1579189901000,2020-01-16,19:21:41,430,901797174572396544,mefa2002,Mehrdad Re,,"ุฏูุณุชุงู ุจูุฑุณ ูุธุฑุดูู ุฏุฑ ููุฑุฏ ุณูู #ุบุงูุจุฑ ฺูุ
#ูุฑุณ
#ุชุญูู_ุชฺฉูฺฉุงู",[],[],[],0,0,2,"['#ุบุงูุจุฑ', '#ูุฑุณ', '#ุชุญูู_ุชฺฉูฺฉุงู']",[],https://twitter.com/MeFa2002/status/1217836832693653504,False,,0,,,,,,,"[{'user_id': '901797174572396544', 'username': 'MeFa2002'}]",,,,,0.9912850856781006
40,40,40.0,40.0,40.0,40.0,40.0,40.0,40.0,1218431650025082880,1218431650025082880,1579331717000,2020-01-18,10:45:17,430,901797174572396544,mefa2002,Mehrdad Re,,"ูุถุนุช ุงูุฑูุฒ #ุบุงูุจุฑ
#ุจูุฑุณ
#ุชุญูู_ุชฺฉูฺฉุงู pic.twitter.com/wSsfI10V4M",[],[],['https://pbs.twimg.com/media/EOi9F-WXUAYtxGT.jpg'],0,0,0,"['#ุบุงูุจุฑ', '#ุจูุฑุณ', '#ุชุญูู_ุชฺฉูฺฉุงู']",[],https://twitter.com/MeFa2002/status/1218431650025082880,False,,0,,,,,,,"[{'user_id': '901797174572396544', 'username': 'MeFa2002'}]",,,,,0.9912850856781006
41,41,41.0,41.0,41.0,41.0,41.0,41.0,41.0,1219350488640040960,1219348760834322432,1579550785000,2020-01-20,23:36:25,430,249607983,mfarokhcheh,๐ก Mo Hammad (ุชุงถฐ ) ๐ก,,ู ูุธุฑุช ุฏุฑุจุงุฑู #ุฏฺฉู ุุ #ุบุงูุจุฑ ุ  #ฺฉูพุฑูุฑ ุ ฺู,['realsedghgooya'],[],[],1,0,0,"['#ุฏฺฉู', '#ุบุงูุจุฑ', '#ฺฉูพุฑูุฑ']",[],https://twitter.com/MFarokhcheh/status/1219350488640040960,False,,0,,,,,,,"[{'user_id': '249607983', 'username': 'MFarokhcheh'}, {'user_id': '1093896366739341312', 'username': 'realsedghgooya'}]",,,,,0.9912850856781006
42,42,42.0,42.0,42.0,42.0,42.0,42.0,42.0,1220969168457158656,1220969168457158656,1579936708000,2020-01-25,10:48:28,430,901797174572396544,mefa2002,Mehrdad Re,,"ุบุงูุจุฑ ุงูุฑูุฒ ูู ุชุง ุงู ูุญุธู 5 ูุซุจุช ุจูุฏู
#ุจูุฑุณ
#ุชุญูู_ุชฺฉูฺฉุงู
#ุบุงูุจุฑ",[],[],[],0,0,2,"['#ุจูุฑุณ', '#ุชุญูู_ุชฺฉูฺฉุงู', '#ุบุงูุจุฑ']",[],https://twitter.com/MeFa2002/status/1220969168457158656,False,,0,,,,,,,"[{'user_id': '901797174572396544', 'username': 'MeFa2002'}]",,,,,0.9912850856781006
43,43,43.0,43.0,43.0,43.0,43.0,43.0,43.0,1221328920412413959,1221328920412413959,1580022480000,2020-01-26,10:38:00,430,901797174572396544,mefa2002,Mehrdad Re,,"ุบุงูุจุฑ ุงูุฑูุฒ ุชุง ุงูุงู ูุญุธู ูพุงุงูุด ุฑู ูุซุจุช ด ูุณุช
ุงูุจุชู ุขุฎุฑู ูุนุงููู ฑ ูุซุจุช ุจูุฏ
ูุนูุง ุจุง ฺฏูุด ุฏุงุฑู ุณูุงู ุฑู ูพฺฏุฑ ูฺฉูู. ุงูุงู ูุฑู ูพุง ุณุณุชู ูููุฏุงุฑุด ุฑู ูู ู ูฺฏุงู ูโุงูุฏุงุฒู
#ุจูุฑุณ
#ุชุญูู_ุชฺฉูฺฉุงู
#ุบุงูุจุฑ",[],[],[],0,0,1,"['#ุจูุฑุณ', '#ุชุญูู_ุชฺฉูฺฉุงู', '#ุบุงูุจุฑ']",[],https://twitter.com/MeFa2002/status/1221328920412413959,False,,0,,,,,,,"[{'user_id': '901797174572396544', 'username': 'MeFa2002'}]",,,,,0.9912850856781006
44,44,44.0,44.0,44.0,44.0,44.0,44.0,44.0,1221350939879231488,1221350939879231488,1580027730000,2020-01-26,12:05:30,430,901797174572396544,mefa2002,Mehrdad Re,,"ุณูุงู ุจู ููู ุฏูุณุชุงู ุนุฒุฒ

ุงูู ฺุงุฑุช ุบุงูุจุฑ . ุงูุฑูุฒ ุญุฌู ุฎูุจ ูู ุฎูุฑุฏู. ุญุงูุง ุจุงุฏ ุชุง ุงุฎุฑ ููุช ุจุจูู ุงู ุญุฌู ฺูุฏุฑ ุฒูุฑ ุฏุงุฑู ฺฉู ุจุงุฒุงุฑ ุฑู ุจู ู ุณูุช ุญุฑฺฉุช ุจุฏู.
#ุจูุฑุณ
#ุชุญูู_ุชฺฉูฺฉุงู
#ุบุงูุจุฑ  pic.twitter.com/r8NBY97eOa",[],[],"['https://pbs.twimg.com/media/EPMcLxQWsAMkkvN.png', 'https://pbs.twimg.com/media/EPMcLyiWAAAcWGm.png']",0,0,1,"['#ุจูุฑุณ', '#ุชุญูู_ุชฺฉูฺฉุงู', '#ุบุงูุจุฑ']",[],https://twitter.com/MeFa2002/status/1221350939879231488,False,,0,,,,,,,"[{'user_id': '901797174572396544', 'username': 'MeFa2002'}]",,,,,0.9912850856781006
45,45,45.0,45.0,45.0,45.0,45.0,45.0,45.0,1221672671299153920,1221672671299153920,1580104437000,2020-01-27,09:23:57,430,901797174572396544,mefa2002,Mehrdad Re,,"ุณูุงู ุจู ููู. ุฎุจ #ุบุงูุจุฑ ุจุง ููู 5 ุตู ูุฑูุด ุงูุฑูุฒ ุดุฑูุน ฺฉุฑุฏ. ุจุจูู ุชุง ุงุฎุฑ ุณุงุนุช ฺฺฉุงุฑ ูฺฉูู.

#ุจูุฑุณ
#ุชุญูู_ุชฺฉูฺฉุงู",[],[],[],1,0,1,"['#ุบุงูุจุฑ', '#ุจูุฑุณ', '#ุชุญูู_ุชฺฉูฺฉุงู']",[],https://twitter.com/MeFa2002/status/1221672671299153920,False,,0,,,,,,,"[{'user_id': '901797174572396544', 'username': 'MeFa2002'}]",,,,,0.9912850856781006
46,46,46.0,46.0,46.0,46.0,46.0,46.0,46.0,1221720388960260096,1221720388960260096,1580115813000,2020-01-27,12:33:33,430,901797174572396544,mefa2002,Mehrdad Re,,"ุฎุจ ุจุงุฒุงุฑ ุชููู ุดุฏ. ุงูุฑูุฒ ุจุดุชุฑ ูุฑูุฒ ุจูุฏู ุชุง ุณุจุฒ
#ุบุงูุจุฑ ุฏุฑ ููู4.1 ุจุณุชู ุดุฏ
ุญุงูุง ุจุจูู ูุฑุฏุง ูุถุนุชุด ฺุทูุฑ ูุดู :)
ุจุงูุงุฎุฑู ูุฑ ุฑูุฒ ฺฉู ูุฑุงุฑ ูุณุช ุณุจุฒ ู ูุซุจุช ุจุงุดู. ุฑูุฒูุง ูุฑูุฒ ู ููู ูู ูุณุชูุฏ. ูุง ุจุฑ ุงุณุงุณ ุงุณุชุฑุงุชฺ ุฎูุฏููู ูุฑู ุฌูู ู ุงุณุชุฑุงุชฺ ุจู ูุง ูฺฏู ูุนูุง ุณูู ุฑู ูฺฏู ุฏุงุฑู
#ุจูุฑุณ pic.twitter.com/bB85ijtzcf",[],[],['https://pbs.twimg.com/media/EPRsNbsVAAA4C2a.jpg'],0,0,1,"['#ุบุงูุจุฑ', '#ุจูุฑุณ']",[],https://twitter.com/MeFa2002/status/1221720388960260096,False,,0,,,,,,,"[{'user_id': '901797174572396544', 'username': 'MeFa2002'}]",,,,,0.9912850856781006
47,47,47.0,47.0,47.0,47.0,47.0,47.0,47.0,1223697127701975042,1223697127701975042,1580587105000,2020-02-01,23:28:25,430,1160469890152706049,xsignalir,ุงฺฉุณฺฏูุงู,,"#ุบุงูุจุฑ ุจู ูุธุฑ ุงุตูุงุญ ูุจูุงุช ฺฉุงูุจุฑ ููุช ฺฉููู 1285 ุชููุงู ุชุง 1190 ุจู ูพุงุงู ุฎูุงูุฏ ุฑุณุฏ.ูุญุชูู ุชุฑู ููุช ุจุฑุง ุงุชูุงู ุงุตูุงุญ ู ุจุงุฒฺฏุดุช ุญุฏูุฏ ููุช 1240 ุชููุงู ุณุช. 
ุงูุฏุงู 1830 ู 2340 ุชููุงู ูุณุชูุฏ ู ููู ุชุฑู ููุงููุช ุชุง ุฑุณุฏู ุจู ุงูุฏุงู ููุช 1750 ุชููุงู ู ุจุงุดุฏ ุญุฏ ุฒุงู ููุณ ููุช 10533 ุฑุงู #ุจูุฑุณ pic.twitter.com/fQvd40vxtY",[],[],['https://pbs.twimg.com/media/EPtyCjgWoAEDzha.png'],1,0,7,"['#ุบุงูุจุฑ', '#ุจูุฑุณ']",[],https://twitter.com/xsignalir/status/1223697127701975042,False,,0,,,,,,,"[{'user_id': '1160469890152706049', 'username': 'xsignalir'}]",,,,,0.9912850856781006
48,48,48.0,48.0,48.0,48.0,48.0,48.0,48.0,1224238592828092416,1224238592828092416,1580716200000,2020-02-03,11:20:00,430,901797174572396544,mefa2002,Mehrdad Re,,"#ุบุงูุจุฑ - ููู ุงูุงู
ุขุง ุงุฒ ุงูุฑูุฒ ุฑุดุฏ ูุฌุฏุฏุด ุดุฑูุน ูุดู !ุ  pic.twitter.com/b37objjVAX",[],[],['https://pbs.twimg.com/media/EP1ef75XsAAlfT6.jpg'],0,0,0,['#ุบุงูุจุฑ'],[],https://twitter.com/MeFa2002/status/1224238592828092416,False,,0,,,,,,,"[{'user_id': '901797174572396544', 'username': 'MeFa2002'}]",,,,,0.9912850856781006
49,49,49.0,49.0,49.0,49.0,49.0,49.0,49.0,1224625782531809280,1224625782531809280,1580808513000,2020-02-04,12:58:33,430,901797174572396544,mefa2002,Mehrdad Re,,"ุฎุจ ุงูุฑูุฒ ุจุฑุง ูุง ุงุฒ ุงูู ุฑูุฒูุง ูุฑูุฒ ุจูุฏ
#ุบุงูุจุฑ ููู 3.5
#ุดุชูฺฉุง ููู 2.1
#ููุฑุงู ููู 1

ูุฑู ู ูุจุงููุฑ ู ุงูู ฺฉ ุณูู ฺฉู ูุนูุง ุงุณูุดู ููุจุฑู ูู ูุซุจุช ูุณุชูุฏ.
ุงูุจุชู ูุฑู ฺฉู ุนุฑุถู ุงููู ุงุณุช ู ุชุญูู ูพุดุชุด ูุณุช.
ุจุจูู ูุฑุฏุง ฺฉู ุฑูุฒ ุงุฎุฑ ฺฉุงุฑ ููุชู ุงุณุช ฺ ูุดู.
ูุนูุง ุชุญูู ูุง ุจุฑูุฑุงุฑู...",[],[],[],0,0,1,"['#ุบุงูุจุฑ', '#ุดุชูฺฉุง', '#ููุฑุงู']",[],https://twitter.com/MeFa2002/status/1224625782531809280,False,,0,,,,,,,"[{'user_id': '901797174572396544', 'username': 'MeFa2002'}]",,,,,0.9912850856781006
50,50,50.0,50.0,50.0,50.0,50.0,50.0,50.0,1224959970615222272,1224959970615222272,1580888190000,2020-02-05,11:06:30,430,901797174572396544,mefa2002,Mehrdad Re,,#ุบุงูุจุฑ  ููู ุงูุงู ูู  pic.twitter.com/Tw3Yx36phS,[],[],['https://pbs.twimg.com/media/EP_ulvaWoAAnQdC.jpg'],0,0,0,['#ุบุงูุจุฑ'],[],https://twitter.com/MeFa2002/status/1224959970615222272,False,,0,,,,,,,"[{'user_id': '901797174572396544', 'username': 'MeFa2002'}]",,,,,0.9912850856781006
51,51,51.0,51.0,51.0,51.0,51.0,51.0,51.0,1224983467106226177,1224983467106226177,1580893792000,2020-02-05,12:39:52,430,901797174572396544,mefa2002,Mehrdad Re,,"ุงูุฑูุฒ ุฑูุฒ ุฎูุจ ุจูุฏ
#ูุจุงููุฑ ุจุงุฒู ูุซุจุช ุดุฏ. ุฑูุช ุจุงูุง ฺฉ ุงุฒ ุงูู ุชุฑุงุฒ ูุง ุงุณุชุฑุงุชฺ ูุง. ุนู ู ูู ููู ุฎูุฏุดู ฺฉุดุฏ ุจุงูุง ู ุงูุงู ุงฺฏู ุจุฑฺฏุฑุฏู ูู ุญุฏุงูู ุจุง ุณูุฏ 35 ุฏุฑุตุฏ ูุจูุฏูุด. ุงฺฏู ุจุฑู ุจุงูุง ฺฉู ฺู ุนุงู
#ุบุงูุจุฑ ูู ุตู ุฎุฑุฏ ุดุฏ",[],[],[],1,0,3,"['#ูุจุงููุฑ', '#ุบุงูุจุฑ']",[],https://twitter.com/MeFa2002/status/1224983467106226177,False,,0,,,,,,,"[{'user_id': '901797174572396544', 'username': 'MeFa2002'}]",,,,,0.9912850856781006
52,52,52.0,52.0,52.0,52.0,52.0,52.0,52.0,1226180360318398467,1226180360318398467,1581179153000,2020-02-08,19:55:53,430,1024749624802902016,aghayebazar,aghayebazar,,"ุจุฑุฑุณ ูุตู ุณูุฏ ูุจููุงุชโ ูุงูุจุฑ ( #ุบุงูุจุฑ )
@Eric1989ej  https://www.instagram.com/p/B8UAIVHAUqg/?igshid=moylsxn8vfkxยโฆ",[],['https://www.instagram.com/p/B8UAIVHAUqg/?igshid=moylsxn8vfkx'],[],0,0,0,['#ุบุงูุจุฑ'],[],https://twitter.com/aghayebazar/status/1226180360318398467,False,,0,,,,,,,"[{'user_id': '1024749624802902016', 'username': 'aghayebazar'}]",,,,,0.9912850856781006
53,53,53.0,53.0,53.0,53.0,53.0,53.0,53.0,1226049390378389504,1226033829980393477,1581147928000,2020-02-08,11:15:28,430,1222618728099205120,sepitweet,ุณูพูุฑ ๐ฟ,,"ุจุฎุงู:/
ูู #ูุงูุจุฑ ู #ุบุงูุจุฑ ุฎุฑุฏู ุงูุฑูุฒ.",['albus7dumb'],[],[],0,0,1,"['#ูุงูุจุฑ', '#ุบุงูุจุฑ']",[],https://twitter.com/Sepitweet/status/1226049390378389504,False,,0,,,,,,,"[{'user_id': '1222618728099205120', 'username': 'Sepitweet'}, {'user_id': '1217816298429845504', 'username': 'albus7dumb'}]",,,,,0.9912850856781006
54,54,54.0,54.0,54.0,54.0,54.0,54.0,54.0,1226414327411798016,1226414327411798016,1581234935000,2020-02-09,11:25:35,430,901797174572396544,mefa2002,Mehrdad Re,,"#ุบุงูุจุฑ
ุชุงุจูู ุณูู  pic.twitter.com/owDCmEyH76",[],[],['https://pbs.twimg.com/media/EQUZT07WsAAz7PQ.png'],0,0,0,['#ุบุงูุจุฑ'],[],https://twitter.com/MeFa2002/status/1226414327411798016,False,,0,,,,,,,"[{'user_id': '901797174572396544', 'username': 'MeFa2002'}]",,,,,0.9912850856781006
55,55,55.0,55.0,55.0,55.0,55.0,55.0,55.0,1226798621703704576,1226798621703704576,1581326558000,2020-02-10,12:52:38,430,901797174572396544,mefa2002,Mehrdad Re,,"ุฎุจ ุงูุฑูุฒ ูุง #ูุจุงููุฑ ุฑู ฺฉู ุฏุงุฏู ุฑูุช
#ููุฑุงู ู #ุบุงูุจุฑ ุฑู ูุนูุง ูฺฏู ุฏุงุดุชู
ุงูุจุชู ุฌูุชุดูู ุงูุฑูุฒ ููู ุดุฏูุฏ ุงูุง ฺูู ุจู ุงุณุชุงูพ ูุฑุณุฏูุฏ ฺฉูุงฺฉุงู ูฺฏูุดูู ุฏุงุดุชู ุจู ุงูุฏ ุงูฺฉู ุจุชููู ฺฉุงูุงููุง ุจุงูุงุชุฑ ุฑู ูุชุญ ฺฉููุฏ. ูพุชุงูุณูุด ุฑู ูู ุฏุงุฑูุฏ. ุงูุจุชู ุจุงุฒุงุฑ ูฺ ููุช ูุงุจู ูพุด ุจู ูุณุช.
#ุจูุฑุณ #ุชุญูู_ุชฺฉูฺฉุงู",[],[],[],1,0,2,"['#ูุจุงููุฑ', '#ููุฑุงู', '#ุบุงูุจุฑ', '#ุจูุฑุณ', '#ุชุญูู_ุชฺฉูฺฉุงู']",[],https://twitter.com/MeFa2002/status/1226798621703704576,False,,0,,,,,,,"[{'user_id': '901797174572396544', 'username': 'MeFa2002'}]",,,,,0.9912850856781006
56,56,56.0,56.0,56.0,56.0,56.0,56.0,56.0,1229395744169373698,1229395744169373698,1581945761000,2020-02-17,16:52:41,430,1880378388,ebrahimrabbani,Ebrahim Rabbani,,"ุงูุฑูุฒ ุงุดุชุจุงู ุชูุงู #ุบุงูุจุฑ ู ุฑู ูุฑูุฎุชู
ูฺฏู ูุดู!!!!!!",[],[],[],0,0,2,['#ุบุงูุจุฑ'],[],https://twitter.com/ebrahimrabbani/status/1229395744169373698,False,,0,,,,,,,"[{'user_id': '1880378388', 'username': 'ebrahimrabbani'}]",,,,,0.9912850856781006
57,57,57.0,57.0,57.0,57.0,57.0,57.0,57.0,1232210421454647297,1232210421454647297,1582616832000,2020-02-25,11:17:12,430,901797174572396544,mefa2002,Mehrdad Re,,"#ุบุงูุจุฑ
ฺฉูุงฺฉุงู ูฺฏู ุฏุงุดุชู
ุง ุจุฑ ุงุณุงุณ ุณูุงุฑู ูุง ุญุฑฺฉุช ูโฺฉูุฏ ุง ุจู ฺฏููู ุง ุฏฺฏุฑ ุนูู ูฺฉูุฏ
ูุนูุง ุฏุฑ ูุซุจุช ณฑ ูุณุชู
ุญุงูุง ุง ููฺฉูู ุจุฑุณู ุจู ตฐ ุง ุญุช ุฑู ฒฑ ุจุจูุฏู
ุฒูุงู ูุดุฎุต ูฺฉูู  pic.twitter.com/PBtDYssHux",[],[],['https://pbs.twimg.com/media/ERmw1bBWAAI0gsi.jpg'],0,0,3,['#ุบุงูุจุฑ'],[],https://twitter.com/MeFa2002/status/1232210421454647297,False,,0,,,,,,,"[{'user_id': '901797174572396544', 'username': 'MeFa2002'}]",,,,,0.9912850856781006
58,58,58.0,58.0,58.0,58.0,58.0,58.0,58.0,1232215252172931072,1232215252172931072,1582617984000,2020-02-25,11:36:24,430,901797174572396544,mefa2002,Mehrdad Re,,"#ุบุงูุจุฑ 
ุฌุฒุงุช ูุงฺฉูุด ูุง ุฑู ุจุจูุฏ
ุงุญุชูุงู ุฏุงุฑู ุจุงุฒ ูู ูุงฺฉูุด ูุง ุฎูุจ ูุดูู ุจุฏู ฺฉู ูุง ุจุฑ ุงุณุงุณ ููู ุงุญุชูุงูุงุช #ุณุชุงูพ ูฺูู
ู ุฎุจ ุตุฏ ุงูุจุชู ุงุญุชูุงู ุฏุงุฑู ุงุตูุง ุทูุฑ ุฏฺฏู ุง ุฑูุชุงุฑ ฺฉูู ฺฉู ุฎุจ ูุง ุจุฑุง ููู #ุงุณุชุงูพ_ูุงุณ ุฏุงุฑู
#ูุฏุฑุช_ุณุฑูุงู ุฑู ูฺููุช ูุฑุงููุด ูฺฉูุฏ
ูู ุทูุน ุฑู ููุดู ูุฑุงููุด ฺฉูุฏ pic.twitter.com/DD7WDEqFId",[],[],['https://pbs.twimg.com/media/ERm1NYvXYAEyCUz.jpg'],1,0,1,"['#ุบุงูุจุฑ', '#ุณุชุงูพ', '#ุงุณุชุงูพ_ูุงุณ', '#ูุฏุฑุช_ุณุฑูุงู']",[],https://twitter.com/MeFa2002/status/1232215252172931072,False,,0,,,,,,,"[{'user_id': '901797174572396544', 'username': 'MeFa2002'}]",,,,,0.9912850856781006
59,59,59.0,59.0,59.0,59.0,59.0,59.0,59.0,1232592781132128257,1232215252172931072,1582707994000,2020-02-26,12:36:34,430,901797174572396544,mefa2002,Mehrdad Re,,"ุฎุจ ููููโุทูุฑ ฺฉู ูฺฉุฑ ูฺฉุฑุฏู
#ุบุงูุจุฑ ุฑูุชู ุชู ุงุตูุงุญ
ูุนูุง ุฑุฒุด ุฏุงุฑู
ุญุงูุง ุง ุฏูุจุงุฑู ุจุฑูฺฏุฑุฏู ุง ุณููุท ูโฺฉูู
ุงุฒ ุฏุฑูุฒ ูฺฉุฑ ูฺฉุฑุฏู ุจู ูุฏุช ุฑุฒุด ุฏุงุดุชู ุจุงุดู
ุงูุฑูุฒ ต ููู ุจูุฏ
ุญุงูุง ุจุงุฏ ุจุจูู ฺฉูุช ุงู ุฑุฒุด ฺุทูุฑู
ุจุง ฺฉูู ูุงุฏ ูพุงู ุง ุฎู ูุฑู ู ูุทู ฺฉู ุจู ูุธุฑู ฺฏุฒูู ุฏูู ุงุญุชูุงูุด ุจุดุชุฑู",[],[],[],0,0,0,['#ุบุงูุจุฑ'],[],https://twitter.com/MeFa2002/status/1232592781132128257,False,,0,,,,,,,"[{'user_id': '901797174572396544', 'username': 'MeFa2002'}]",,,,,0.9912850856781006
60,60,60.0,60.0,60.0,60.0,60.0,60.0,60.0,1232592992768229376,1232592992768229376,1582708044000,2020-02-26,12:37:24,430,940673205051805698,aamomamad,ุนุงููููุฏ,,"ุชู ุจุงุฒุงุฑ ูุซุจุช #ุจูุฑุณ ุณูู #ุบุงูุจุฑ ููู ูุณุช ู ูุซ ุณฺฏ ููุฑูุดู!! 
ูู ูุฎุฑู ู ุญุฏุงูู ตฐ ุฏุฑุตุฏ ุงุฒุด ุจุงุฒุฏู ูฺฏุฑู ุชู ฒ ูุงู ุขูุฏู ุงุดุงูุง๐๐
#ุงุฏฺฏุงุฑ",[],[],[],1,0,2,"['#ุจูุฑุณ', '#ุบุงูุจุฑ', '#ุงุฏฺฏุงุฑ']",[],https://twitter.com/aamomamad/status/1232592992768229376,False,,0,,,,,,,"[{'user_id': '940673205051805698', 'username': 'aamomamad'}]",,,,,0.9912850856781006
61,61,61.0,61.0,61.0,61.0,61.0,61.0,61.0,1233715072742109184,1233715072742109184,1582975569000,2020-02-29,14:56:09,430,901797174572396544,mefa2002,Mehrdad Re,,"ุฎุจ ู ุณูู ุฏฺฏู ูู ุงูุชุฎุงุจ ฺฉุฑุฏู
ุงู ุฏูุนู ุงุฒ ฺฏุฑูู ุบุฐุง
ุงูุจุชู #ุบุงูุจุฑ ูุณุช",[],[],[],0,0,1,['#ุบุงูุจุฑ'],[],https://twitter.com/MeFa2002/status/1233715072742109184,False,,0,,,,,,,"[{'user_id': '901797174572396544', 'username': 'MeFa2002'}]",,,,,0.9912850856781006
62,62,62.0,62.0,62.0,62.0,62.0,62.0,62.0,1233634232196571168,1233634232196571168,1582956295000,2020-02-29,09:34:55,430,901797174572396544,mefa2002,Mehrdad Re,,"#ุบุงูุจุฑ
ูุฑูุฎุชู ฺูู ุงุฒ ุฌุง ฺฉู ูฺฉุฑ ูฺฉุฑุฏู ูพุงู ุชุฑ ูุงุฏุ ูพุงู ุชุฑ ุงููุฏ
ุจุง ฑน ุฏุฑุตุฏ ุณูุฏ ุจุณุชู ุดุฏ
ุฏุฑ ูุฏุช ณฑ ุฑูุฒ
#ูุฑู ุฑู ูู ูุฑูุฎุชู
ุฑุงุณุชุด ูุนูููุง ุชู ุนุฑุถู ูุง ุงููู ุฎู ุฏูุงู ููุงุฑู",[],[],[],0,0,0,"['#ุบุงูุจุฑ', '#ูุฑู']",[],https://twitter.com/MeFa2002/status/1233634232196571168,False,,0,,,,,,,"[{'user_id': '901797174572396544', 'username': 'MeFa2002'}]",,,,,0.9912850856781006
63,63,63.0,63.0,63.0,63.0,63.0,63.0,63.0,1233676308103802881,1233676308103802881,1582966327000,2020-02-29,12:22:07,430,901797174572396544,mefa2002,Mehrdad Re,,"#ุบุงูุจุฑ ุฑู ุจู ุงู ุฏูู ุจุณุชู ฺฉู ฺฉูุฏู ุจุง ุจุงุฏ ุฒุฑ ุงูู ุฎุท ููุฑุจ ุจุณุชู ุดุฏ
ุญุงูุง ุดุงุฏ ุงุฒ ููู ุฌุง ุจุฑุฒู ุง ุดุงุฏ ุตุนูุฏ ฺฉูู ู ฒ ุจุฑุงุจุฑ ุจุดู
ุฏฺฏู ฺฉุงุฑ ูุฏุงุฑู ู ุญุณุฑุช ููโุฎูุฑู. ูุง ุดูุฏ ุฎูุฏููู ุฑู ฺฏุฑูุชู.
ุญุงูุง ุงุฒ ูู ุชูู ูุฐุงุฑู
ุขุง ููุช ุจู ุชูู ูุง ูุง ูุฑุณู ุง ููุ ุฒูุงู ูุดุฎุต ุฎูุงูุฏ ฺฉุฑุฏ  pic.twitter.com/LcZ9vtmLr7",[],[],['https://pbs.twimg.com/media/ER7mCNPXkAA7Uvg.jpg'],1,0,3,['#ุบุงูุจุฑ'],[],https://twitter.com/MeFa2002/status/1233676308103802881,False,,0,,,,,,,"[{'user_id': '901797174572396544', 'username': 'MeFa2002'}]",,,,,0.9912850856781006
64,64,64.0,64.0,64.0,64.0,64.0,64.0,64.0,1239495657087533058,1239495657087533058,1584353768000,2020-03-16,13:46:08,430,1099594766977847296,boursies,boursies,,"#ุบุงูุจุฑ ุฏุฑ ุตูุฑุช ุญูุธ ุญูุงุช ูุดุฎุต ุดุฏู ุจุง ููุด ุณุจุฒ ุฑูฺฏ ูุฏู ฒ ุชููู ุฑุง ุฏุฑ ูุงู ูุฏุช ุฎูุงูุฏ ุฏุงุดุช
#ุจูุฑุณ
#ุชุญูู_ุชฺฉูฺฉุงู
#ุจูุฑุณุฒ pic.twitter.com/mwvvTsmq80",[],[],['https://pbs.twimg.com/media/ETOStEPXkAI2dZN.jpg'],0,2,6,"['#ุบุงูุจุฑ', '#ุจูุฑุณ', '#ุชุญูู_ุชฺฉูฺฉุงู', '#ุจูุฑุณุฒ']",[],https://twitter.com/boursies/status/1239495657087533058,False,,0,,,,,,,"[{'user_id': '1099594766977847296', 'username': 'boursies'}]",,,,,0.9912850856781006
65,65,65.0,65.0,65.0,65.0,65.0,65.0,65.0,1241908356119498754,1241908356119498754,1584929000000,2020-03-23,06:33:20,430,901797174572396544,mefa2002,Mehrdad Re,,"#ุบุงูุจุฑ
ุขูุงูุฒ ุฌุฏุฏ  pic.twitter.com/Y5z8l1qHpb",[],[],['https://pbs.twimg.com/media/ETwlCMiWAAAQh-y.jpg'],1,0,1,['#ุบุงูุจุฑ'],[],https://twitter.com/MeFa2002/status/1241908356119498754,False,,0,,,,,,,"[{'user_id': '901797174572396544', 'username': 'MeFa2002'}]",,,,,0.9912850856781006
66,66,66.0,66.0,66.0,66.0,66.0,66.0,66.0,1245409031696646148,1245402787241918470,1585763626000,2020-04-01,22:23:46,430,1180715748903260160,soheil32142582,soheil,,"#ุบุงูุจุฑ ุณูู ุฎูุจูุ ุงฺฏู ุจุงุฒ ุฏุฑ ูุงุฑูุ ุงูู ุชุง 2800 ู ุจุนุฏุด ุชุง 5000 ูุฑู
ฺฉูุง ูุจูุงุช ุจุฑุง ุณูุงูุช ูู ุฎู ููุฏู ๐",['rezzzzzam'],[],[],1,0,4,['#ุบุงูุจุฑ'],[],https://twitter.com/soheil32142582/status/1245409031696646148,False,,0,,,,,,,"[{'user_id': '1180715748903260160', 'username': 'soheil32142582'}, {'user_id': '715765911', 'username': 'Rezzzzzam'}]",,,,,0.9912850856781006
67,67,67.0,67.0,67.0,67.0,67.0,67.0,67.0,1246112018068889600,1246112018068889600,1585931231000,2020-04-03,20:57:11,430,1180715748903260160,soheil32142582,soheil,,"#ุบุงูุจุฑ
ุญูุงุณุชูู ุจู ูุงฺฏุฑุง ููู ุจุงุดู",[],[],[],1,0,14,['#ุบุงูุจุฑ'],[],https://twitter.com/soheil32142582/status/1246112018068889600,False,,0,,,,,,,"[{'user_id': '1180715748903260160', 'username': 'soheil32142582'}]",,,,,0.9912850856781006
68,68,68.0,68.0,68.0,68.0,68.0,68.0,68.0,1246842276908802048,1246842276908802048,1586105338000,2020-04-05,21:18:58,430,1180715748903260160,soheil32142582,soheil,,"#ุบุงูุจุฑ
ุงูุฑูุฒ ู ฺฉู ุงุถุงูู ฺฉุฑุฏู :)  https://twitter.com/soheil32142582/status/1246112018068889600ยโฆ pic.twitter.com/p3WIVz4gO6",[],['https://twitter.com/soheil32142582/status/1246112018068889600'],['https://pbs.twimg.com/media/EU2sXZ3XsA0q2hn.jpg'],2,0,10,['#ุบุงูุจุฑ'],[],https://twitter.com/soheil32142582/status/1246842276908802048,False,,0,,,,,,,"[{'user_id': '1180715748903260160', 'username': 'soheil32142582'}]",,,,,0.9912850856781006
69,69,69.0,69.0,69.0,69.0,69.0,69.0,69.0,1246890077256585216,1246890077256585216,1586116735000,2020-04-06,00:28:55,430,1243056016964583425,ariaxbourse,ariaxbourse,,"#ุบุงูุจุฑ

ุจ ุญุฑู ู ุญุฏุซ ุจู ุณูุช ูุฏู

980117

@ariaxbourse
#ุณูู #ุจูุฑุณ #ุณูุงู #ุงุฑุงฺฉุณ #ุงุฑุงฺฉุณ_ุจูุฑุณ #ุฑุชูุช #ุฑุชูุฆุช pic.twitter.com/z07odijz1L",['ariaxbourse'],[],['https://pbs.twimg.com/media/EU3X3nDWAAE9IwD.jpg'],0,0,1,"['#ุบุงูุจุฑ', '#ุณูู', '#ุจูุฑุณ', '#ุณูุงู', '#ุงุฑุงฺฉุณ', '#ุงุฑุงฺฉุณ_ุจูุฑุณ', '#ุฑุชูุช', '#ุฑุชูุฆุช']",[],https://twitter.com/ariaxbourse/status/1246890077256585216,False,,0,,,,,,,"[{'user_id': '1243056016964583425', 'username': 'ariaxbourse'}]",,,,,0.9912850856781006
70,70,70.0,70.0,70.0,70.0,70.0,70.0,70.0,1248876712005447680,1248872195222315008,1586590385000,2020-04-11,12:03:05,430,1180715748903260160,soheil32142582,soheil,,"ุชูุงู ุณููุง ุฎูุจ ุจุงุฒุงุฑ ุฑู ฺฉู ุฏุงุฑู ุชู ุตู ูุฑูุด ูุฏู!!!
#ูุฎูุฒ
#ููุณุงูพุง
#ุญูุงุฑ
#ุบุงูุจุฑ
#ุบฺฏุฑุฌ
#ุฏูุงููุฏ
#ูุจููุช
#ูพุงฺฉุดูุญ
ู ุตุฏุชุง ุณูู ุฏฺฏู!",['hosein_khabaloo'],[],[],2,0,7,"['#ูุฎูุฒ', '#ููุณุงูพุง', '#ุญูุงุฑ', '#ุบุงูุจุฑ', '#ุบฺฏุฑุฌ', '#ุฏูุงููุฏ', '#ูุจููุช', '#ูพุงฺฉุดูุญ']",[],https://twitter.com/soheil32142582/status/1248876712005447680,False,,0,,,,,,,"[{'user_id': '1180715748903260160', 'username': 'soheil32142582'}, {'user_id': '900389035360882689', 'username': 'hosein_khabaloo'}]",,,,,0.9912850856781006
71,71,71.0,71.0,71.0,71.0,71.0,71.0,71.0,1249229262034518016,1249200402312151043,1586674440000,2020-04-12,11:24:00,430,1216071955952041985,mohamma99276943,Mohammad,,"ููู ุฏุฑุตุฏ ุณูุฏ ุฎูุจ ุฏุงุฑู
ุฑูุฒุง ฺฉู ุจุงุฒุงุฑ ูููู ูุซุจุชู
#ุบุงุฐุฑ
#ุบุงูุจุฑ
#ุขูุฏู ู #ฺฉุจุงูู ูู ุชุงุฒู ฺฏุฑูุชู ฺฉู ูุณุชู",['erfanarshadi'],[],[],1,0,1,"['#ุบุงุฐุฑ', '#ุบุงูุจุฑ', '#ุขูุฏู', '#ฺฉุจุงูู']",[],https://twitter.com/Mohamma99276943/status/1249229262034518016,False,,0,,,,,,,"[{'user_id': '1216071955952041985', 'username': 'Mohamma99276943'}, {'user_id': '1059707855811555330', 'username': 'erfanarshadi'}]",,,,,0.9912850856781006
72,72,72.0,72.0,72.0,72.0,72.0,72.0,72.0,1251156600145895429,1251156600145895429,1587133953000,2020-04-17,19:02:33,430,989285533204533248,alansmith66666,ุขูููู ุงุณูููุช,,ุจุฑุง ุดูุจู #ุฏุงูู #ุบุงูุจุฑ #ุฎูููุง #ุดุจูุฏุฑ ุฑู ุญูุงุณุชูู ุจุงุดู ุถุนุช ุฎูุจ ุฏุงุฑู,[],[],[],0,0,2,"['#ุฏุงูู', '#ุบุงูุจุฑ', '#ุฎูููุง', '#ุดุจูุฏุฑ']",[],https://twitter.com/alansmith66666/status/1251156600145895429,False,,0,,,,,,,"[{'user_id': '989285533204533248', 'username': 'alansmith66666'}]",,,,,0.9912850856781006
73,73,73.0,73.0,73.0,73.0,73.0,73.0,73.0,1267406544641183744,1267406544641183744,1591008242000,2020-06-01,15:14:02,430,1011633074495352832,mrzarret,ุขูุง ุฒุงุฑุฑุช,,ูุงฺ ูุณุช ฺฉู ุท ณ ุฑูุฒ ฺฏุฐุดุชู ุฌูุน ฺฉุฑุฏู ู ุดุฏ ุณุจุฏ ุฌุฏุฏูุ #ุดุณุชุง ุงุฒ ูุจู ุจูุฏ #ฺฉุงูุง ู #ูุซุงุจุช ูู ุงุฒ ูุจู ุท ุฏู ุฑูุฒ ฺฏุฐุดุชู ููุงุฏูุง #ูููุง #ูุงุฑุณ #ุดุจูุฏุฑ #ูุจููุช #ุจุฒุงฺฏุฑุณ #ุดุณูพุง #ุบุงูุจุฑ ูุนูุง ูพูู ูุฏุงุฑู ูู ุฏุงุดุชู  #ุฎฺฏุณุชุฑ #ุดุฌู ู #ููู ูู ูุชููุณุช ุชู ูุงฺ ูุณุช ุจุงุดู ููุฑุงู ุจุง #ุฏุณุจุญุงู,[],[],[],4,1,9,"['#ุดุณุชุง', '#ฺฉุงูุง', '#ูุซุงุจุช', '#ูููุง', '#ูุงุฑุณ', '#ุดุจูุฏุฑ', '#ูุจููุช', '#ุจุฒุงฺฏุฑุณ', '#ุดุณูพุง', '#ุบุงูุจุฑ', '#ุฎฺฏุณุชุฑ', '#ุดุฌู', '#ููู', '#ุฏุณุจุญุงู']",[],https://twitter.com/MrZarret/status/1267406544641183744,False,,0,,,,,,,"[{'user_id': '1011633074495352832', 'username': 'MrZarret'}]",,,,,0.9912850856781006
74,74,74.0,74.0,74.0,74.0,74.0,74.0,74.0,1269225451186257922,1269225451186257922,1591441903000,2020-06-06,15:41:43,430,1266748523829223424,vip_bourse,BOURSE,,"๐ุณฺฏูุงู ุฎุฑุฏ ุฌุฏุฏ   17 ุฎุฑุฏุงุฏ

๐ถฺฉูุชุงู ูุฏุช

#ุบุงูุจุฑ
โณุฎุฑุฏ            19000

โูุฏู            21500

๐ดุญุฏ ุถุฑุฑโฆ  https://www.instagram.com/p/CBF2xYChRwS/?igshid=1ayxaviyxj0lvยโฆ",[],['https://www.instagram.com/p/CBF2xYChRwS/?igshid=1ayxaviyxj0lv'],[],0,0,0,['#ุบุงูุจุฑ'],[],https://twitter.com/vip_bourse/status/1269225451186257922,False,,0,,,,,,,"[{'user_id': '1266748523829223424', 'username': 'vip_bourse'}]",,,,,0.9912850856781006
75,75,75.0,75.0,75.0,75.0,75.0,75.0,75.0,1269359488492097538,1269359488492097538,1591473860000,2020-06-07,00:34:20,430,1205755642994143233,draliyazdani3,Dr Ali Yazdani,,"#ูููุง
#ุบุงูุจุฑ
#ููุงูุง
#ุญุฎุฒุฑ
#ููุดุฑู
#ฺฉูุฑ
#ุดฺฏูุง
#ุบููู
ุงู #ุณูุงู ุฏุฑ #ุจูุฑุณ_ุชูุฑุงู ูุฑุฏุง ฺฉุดูุจู ููุงุณุจ ุฎุฑุฏู.",[],[],[],1,0,1,"['#ูููุง', '#ุบุงูุจุฑ', '#ููุงูุง', '#ุญุฎุฒุฑ', '#ููุดุฑู', '#ฺฉูุฑ', '#ุดฺฏูุง', '#ุบููู', '#ุณูุงู', '#ุจูุฑุณ_ุชูุฑุงู']",[],https://twitter.com/DrAliYazdani3/status/1269359488492097538,False,,0,,,,,,,"[{'user_id': '1205755642994143233', 'username': 'DrAliYazdani3'}]",,,,,0.9912850856781006
76,76,76.0,76.0,76.0,76.0,76.0,76.0,76.0,1272825393926545408,1272825393926545408,1592300196000,2020-06-16,14:06:36,430,854209105111764992,emamkhamenehee,๐ฉmahdi,,"ุจุฑุฏ ุชู ฺฉุงุฑ #ููุฑู #ฺฉูุฑ #ุบุงูุจุฑ
#ุจูุฑุณ",[],[],[],2,0,7,"['#ููุฑู', '#ฺฉูุฑ', '#ุบุงูุจุฑ', '#ุจูุฑุณ']",[],https://twitter.com/Emamkhamenehee/status/1272825393926545408,False,,0,,,,,,,"[{'user_id': '854209105111764992', 'username': 'Emamkhamenehee'}]",,,,,0.9912850856781006
77,77,77.0,77.0,77.0,77.0,77.0,77.0,77.0,1273902441239584769,1273902441239584769,1592556984000,2020-06-19,13:26:24,430,834178147,alireza_jalilii,AliReza jalili | ุนูุฑุถุง ุฌูู,,"#ุบุงูุจุฑ
ุดุฑฺฉุช ูุจูุงุช ฺฉุงูุจุฑ ุฏุฑ ุฏูุฑู 12 ูุงูู ููุชู ุจู ุงุณููุฏ 1398 ุจู ุงุฒุง ูุฑ ุณูู 169 ุฑุงู ุณูุฏ ูุญูู ฺฉุฑุฏู ุงุณุช",[],[],[],0,0,0,['#ุบุงูุจุฑ'],[],https://twitter.com/alireza_jalilii/status/1273902441239584769,False,,0,,,,,,,"[{'user_id': '834178147', 'username': 'alireza_jalilii'}]",,,,,0.9912850856781006
78,78,78.0,78.0,78.0,78.0,78.0,78.0,78.0,1274420379486912514,1274414025842057224,1592680470000,2020-06-20,23:44:30,430,1266235061101228034,aach1985,Aach29,,ููููู ูุฌุนุด #ุบุงูุจุฑ,['taghinejad_com'],[],[],0,0,0,['#ุบุงูุจุฑ'],[],https://twitter.com/aach1985/status/1274420379486912514,False,,0,,,,,,,"[{'user_id': '1266235061101228034', 'username': 'aach1985'}, {'user_id': '932988417973063682', 'username': 'taghinejad_com'}]",,,,,0.9912850856781006
79,79,79.0,79.0,79.0,79.0,79.0,79.0,79.0,1278245690699898881,1278245690699898881,1593592495000,2020-07-01,13:04:55,430,1186919362147561472,therichalireza,Spidermand ุงุณูพุงุฏุฑููุฏ,,ุงู #ุบุงูุจุฑ ฺ ุดุฏ ุ ู ุงุทูุงุนู ูุฒูู ุขูพุฏุช ูฺฉูู ููููุฏู ฺ ุดุฏ. ฺฉ ุจุงุฒ ูุดู ุญุงูุง ุ #ุจูุฑุณ,[],[],[],0,0,5,"['#ุบุงูุจุฑ', '#ุจูุฑุณ']",[],https://twitter.com/therichalireza/status/1278245690699898881,False,,0,,,,,,,"[{'user_id': '1186919362147561472', 'username': 'therichalireza'}]",,,,,0.9912850856781006
80,80,80.0,80.0,80.0,80.0,80.0,80.0,80.0,1283302744540024832,1283302744540024832,1594798191000,2020-07-15,11:59:51,430,1244336910023168004,mahdiomidi_,ููุฏ ุงูุฏ,,ุฏูุณุชุงู ฺฉู #ุบุงูุจุฑ ุฏุงุฑู ุจู ุฒูุฏ ู ุชูุถุญ ุฑุงุฌุน ุจู #ุณูุงู_ุฌุงุฒู ุจูุชูู ูุฏู ุชู ฺฉุงูุงู ฺฉู ูููุฒ ุงุถุงูู ูุดุฏู ุจู ูพุฑุชููุชูู,[],[],[],3,0,57,"['#ุบุงูุจุฑ', '#ุณูุงู_ุฌุงุฒู']",[],https://twitter.com/mahdiomidi_/status/1283302744540024832,False,,0,,,,,,,"[{'user_id': '1244336910023168004', 'username': 'mahdiomidi_'}]",,,,,0.9912850856781006
81,81,81.0,81.0,81.0,81.0,81.0,81.0,81.0,1284157189603688450,1284157189603688450,1595001907000,2020-07-17,20:35:07,430,854209105111764992,emamkhamenehee,๐ฉmahdi,,"ุณูู ฺฉู ุฌุงูููุฏู #ุบุงูุจุฑ
ูุจูุงุช ฺฉุงูุจุฑ

ุณุงู ุจุนุฏ ุงู ูููุน ูุฐุชุด ู ุจุจุฑ
#ุจูุฑุณ",[],[],[],0,0,1,"['#ุบุงูุจุฑ', '#ุจูุฑุณ']",[],https://twitter.com/Emamkhamenehee/status/1284157189603688450,False,,0,,,,,,,"[{'user_id': '854209105111764992', 'username': 'Emamkhamenehee'}]",,,,,0.9912850856781006
82,82,82.0,82.0,82.0,82.0,0.0,,,1288410081692983300,1288410081692983300,1596015875000,2020-07-29,14:14:35,430,1286574798131343361,30naps,Sina,,"ุฏูุณุชุงู ุชู #ฺฏุฑูู ุบุฐุง
#ุบุจุดูุฑ
#ูุจุดูุฑ
#ุบุงูุจุฑ
 ุจุนุฏ ุงุฒ ู ุงุตูุงุญ ุฎู ุฎูุจ ู ุจุง ุชูุฌู ุจู ุดุฑุงุท ุจูุงุฏุดูู ูพุดููุงุฏ ุจู ุจุฑุฑุณ ุฏุงุฑู.
#ุจูุฑุณ
#ุณูุงู
#ฺฏุฑูู_ุบุฐุง
#ุงุตูุงุญ_ุจูุฑุณ",[],[],[],0,0,2,"['#ฺฏุฑูู', '#ุบุจุดูุฑ', '#ูุจุดูุฑ', '#ุบุงูุจุฑ', '#ุจูุฑุณ', '#ุณูุงู', '#ฺฏุฑูู_ุบุฐุง', '#ุงุตูุงุญ_ุจูุฑุณ']",[],https://twitter.com/30naps/status/1288410081692983300,False,,0,,,,,,,"[{'user_id': '1286574798131343361', 'username': '30naps'}]",,,,,0.9912850856781006
83,0,,,,,,,,1289636461764063232,1289636459696119809,1596308267000,2020-08-01,23:27:47,430,1284548821503049728,zamanifinancial,Zamani Financial,,"ุณูุฏ ุงูุจุงุดุชู: 
#ุบุงูุจุฑ 80%| #ููู 120%| #ุดุณูุง 300% |#ููพูุชุง 305% | #ูุงูุฒุง 67% | #ูุงุณูู 200% |#ุจฺฉุงุจ 100%  |#ูุจุงูฺฉ 68% (ุณุงุฑ ุงูุฏูุฎุชู ูุง)  | #ุณุงุฑุจู 100% 
ุงุฏุงูู ๐๐ป๐๐ป๐๐ป",[],[],[],1,0,2,"['#ุบุงูุจุฑ', '#ููู', '#ุดุณูุง', '#ููพูุชุง', '#ูุงูุฒุง', '#ูุงุณูู', '#ุจฺฉุงุจ', '#ูุจุงูฺฉ', '#ุณุงุฑุจู']",[],https://twitter.com/ZamaniFinancial/status/1289636461764063232,False,,0,,,,,,,"[{'user_id': '1284548821503049728', 'username': 'ZamaniFinancial'}]",,,,,0.9912850856781006
84,1,,,,,,,,1289476289846542336,1289422836096831490,1596270079000,2020-08-01,12:51:19,430,949320672156758016,amammadhosein,ุดุฎ ูุญูุฏ ุญุณู,,ุงูุงู ฺฏุฒุงุฑุด ููุฏู #ูุงุจุณุง #ูููุงุฏ #ุณุจูุงู #ุญูพุชุฑู #ุชูุญุฑฺฉู #ูุณุฑูุง #ูุชุฌุงุฑุช #ุฏุฑูุฒ #ุงูู #ููุช #ูพุงฺฉุดู #ุญูุงุฑ #ุบุงูุจุฑ #ฺฉุฑู #ุบูพุงฺฉ #ฺฉุณุงูู #ูพุฏุฑุฎุด #ุชฺฉุดุง #ุญูุงุฑุณ #ุฎุงูู #ุฎูพูุด #ุบุจูููุด #ฺฉูพุงุฑุณ #ุขูพ #ุฎุฒุงูุง #ูุฌุงู #ุฒูพุงุฑุณ #ุฎูุฏุฑู #ูุงุณูู #ุชฺฉูู,['randolph7193'],[],[],1,0,2,"['#ูุงุจุณุง', '#ูููุงุฏ', '#ุณุจูุงู', '#ุญูพุชุฑู', '#ุชูุญุฑฺฉู', '#ูุณุฑูุง', '#ูุชุฌุงุฑุช', '#ุฏุฑูุฒ', '#ุงูู', '#ููุช', '#ูพุงฺฉุดู', '#ุญูุงุฑ', '#ุบุงูุจุฑ', '#ฺฉุฑู', '#ุบูพุงฺฉ', '#ฺฉุณุงูู', '#ูพุฏุฑุฎุด', '#ุชฺฉุดุง', '#ุญูุงุฑุณ', '#ุฎุงูู', '#ุฎูพูุด', '#ุบุจูููุด', '#ฺฉูพุงุฑุณ', '#ุขูพ', '#ุฎุฒุงูุง', '#ูุฌุงู', '#ุฒูพุงุฑุณ', '#ุฎูุฏุฑู', '#ูุงุณูู', '#ุชฺฉูู']",[],https://twitter.com/Amammadhosein/status/1289476289846542336,False,,0,,,,,,,"[{'user_id': '949320672156758016', 'username': 'Amammadhosein'}, {'user_id': '1036660669658091522', 'username': 'randolph7193'}]",,,,,0.9912850856781006
